{
  "type": "FeatureCollection",
  "features": [
    {
      "type": "Feature",
      "geometry": {
        "type": "Point",
        "coordinates": [
          112.2291461,
          -8.0764533
        ]
      },
      "properties": {
        "id": "osm:node:298739945",
        "name": "SPBU Pertamina 54.661.26",
        "category": "SPBU / Stasiun Pengisian Bahan Bakar",
        "osm_id": 298739945,
        "osm_type": "node",
        "metadata": {
          "addr:city": "Kabupaten Blitar",
          "addr:postcode": "66182",
          "addr:street": "Jl. Raya Garum, Plosorejo, Bence, Kec. Garum, Kabupaten Blitar, Jawa Timur 66182",
          "amenity": "fuel",
          "brand": "Pertamina",
          "brand:wikidata": "Q1641044",
          "ele": "256.07",
          "fuel:biodiesel": "yes",
          "fuel:diesel": "yes",
          "fuel:octane_80": "yes",
          "fuel:octane_90": "yes",
          "fuel:octane_92": "yes",
          "fuel:octane_95": "yes",
          "name": "SPBU Pertamina 54.661.26",
          "opening_hours": "24/7",
          "self_service": "no",
          "wpt_description": "PB1"
        }
      }
    },
    {
      "type": "Feature",
      "geometry": {
        "type": "Point",
        "coordinates": [
          112.1211865,
          -8.0830207
        ]
      },
      "properties": {
        "id": "osm:node:298740781",
        "name": "PB3",
        "category": "Lainnya",
        "osm_id": 298740781,
        "osm_type": "node",
        "metadata": {
          "amenity": "fuel",
          "ele": "150.09",
          "name": "PB3",
          "wpt_description": "PB3"
        }
      }
    },
    {
      "type": "Feature",
      "geometry": {
        "type": "Point",
        "coordinates": [
          112.1028528,
          -8.0414251
        ]
      },
      "properties": {
        "id": "osm:node:298741226",
        "name": "Puskesmas Ponggok",
        "category": "Klinik & Puskesmas",
        "osm_id": 298741226,
        "osm_type": "node",
        "metadata": {
          "addr:city": "Ponggok",
          "addr:postcode": "64153",
          "addr:street": "Jendral Sudirman",
          "amenity": "clinic",
          "ele": "185.0",
          "name": "Puskesmas Ponggok",
          "wpt_description": "Puskesmas Ponggok",
          "wpt_symbol": "Medical Facility"
        }
      }
    },
    {
      "type": "Feature",
      "geometry": {
        "type": "Point",
        "coordinates": [
          112.1859257,
          -8.0719605
        ]
      },
      "properties": {
        "id": "osm:node:298741251",
        "name": "President Lesehan 2",
        "category": "Restoran",
        "osm_id": 298741251,
        "osm_type": "node",
        "metadata": {
          "amenity": "restaurant",
          "ele": "264.01",
          "name": "President Lesehan 2"
        }
      }
    },
    {
      "type": "Feature",
      "geometry": {
        "type": "Point",
        "coordinates": [
          112.1631809,
          -8.1007279
        ]
      },
      "properties": {
        "id": "osm:node:298741338",
        "name": "Kantor Pos Blitar",
        "category": "Layanan Pemerintahan",
        "osm_id": 298741338,
        "osm_type": "node",
        "metadata": {
          "alt_name": "Kantor Pos",
          "amenity": "post_office",
          "branch": "Blitar",
          "internet_access": "yes",
          "internet_access:fee": "no",
          "name": "Kantor Pos Blitar",
          "operator": "Pos Indonesia",
          "operator:wikidata": "Q4273095",
          "payment:cash": "yes",
          "wheelchair": "limited"
        }
      }
    },
    {
      "type": "Feature",
      "geometry": {
        "type": "Point",
        "coordinates": [
          112.1656921,
          -8.0964394
        ]
      },
      "properties": {
        "id": "osm:node:298741539",
        "name": "Pendapa Ronggo Hadinegoro Kabupaten Blitar",
        "category": "Lainnya",
        "osm_id": 298741539,
        "osm_type": "node",
        "metadata": {
          "amenity": "townhall",
          "name": "Pendapa Ronggo Hadinegoro Kabupaten Blitar",
          "operator": "Pemerintah Kabupaten Blitar",
          "townhall:type": "district",
          "wpt_description": "Pendapa Ronggo Hadinegoro Kabupaten Blitar",
          "wpt_symbol": "City Hall"
        }
      }
    },
    {
      "type": "Feature",
      "geometry": {
        "type": "Point",
        "coordinates": [
          111.8973143,
          -8.0634434
        ]
      },
      "properties": {
        "id": "osm:node:449027002",
        "name": "Palapa Hotel",
        "category": "Hotel & Penginapan",
        "osm_id": 449027002,
        "osm_type": "node",
        "metadata": {
          "description": "55-65kR fan wo./w. mandi. 70-90kR AC w. mandi. Clean & comfy. Bikes under cover at the entrance. Away from any road. 31/5/09",
          "name": "Palapa Hotel",
          "tourism": "hotel"
        }
      }
    },
    {
      "type": "Feature",
      "geometry": {
        "type": "Point",
        "coordinates": [
          111.897755,
          -8.0639049
        ]
      },
      "properties": {
        "id": "osm:node:449027005",
        "name": "Hotel Vijaya",
        "category": "Hotel & Penginapan",
        "osm_id": 449027005,
        "osm_type": "node",
        "metadata": {
          "description": "40-70kR. Dingy and dubious mattresses. Didn't see any sheets... 31-MAY-09",
          "name": "Hotel Vijaya",
          "tourism": "hotel"
        }
      }
    },
    {
      "type": "Feature",
      "geometry": {
        "type": "Point",
        "coordinates": [
          112.1610837,
          -8.0998595
        ]
      },
      "properties": {
        "id": "osm:node:719063919",
        "name": "Bakso radja",
        "category": "Restoran",
        "osm_id": 719063919,
        "osm_type": "node",
        "metadata": {
          "amenity": "restaurant",
          "name": "Bakso radja"
        }
      }
    },
    {
      "type": "Feature",
      "geometry": {
        "type": "Point",
        "coordinates": [
          112.1615358,
          -8.0990029
        ]
      },
      "properties": {
        "id": "osm:node:719066562",
        "name": "Hotel Tugu Sri Lestari",
        "category": "Hotel & Penginapan",
        "osm_id": 719066562,
        "osm_type": "node",
        "metadata": {
          "addr:street": "Jalan Merdeka no 173",
          "name": "Hotel Tugu Sri Lestari",
          "tourism": "hotel"
        }
      }
    },
    {
      "type": "Feature",
      "geometry": {
        "type": "Point",
        "coordinates": [
          112.1817327,
          -8.1002525
        ]
      },
      "properties": {
        "id": "osm:node:1308674237",
        "name": "Kantor Kelurahan Sananwetan",
        "category": "Layanan Pemerintahan",
        "osm_id": 1308674237,
        "osm_type": "node",
        "metadata": {
          "government": "public_service",
          "internet_access": "yes",
          "internet_access:fee": "no",
          "name": "Kantor Kelurahan Sananwetan",
          "office": "government",
          "wheelchair": "limited"
        }
      }
    },
    {
      "type": "Feature",
      "geometry": {
        "type": "Point",
        "coordinates": [
          112.1019854,
          -8.1970315
        ]
      },
      "properties": {
        "id": "osm:node:1308721345",
        "name": "kantor desa Suruhwadang",
        "category": "Layanan Pemerintahan",
        "osm_id": 1308721345,
        "osm_type": "node",
        "metadata": {
          "name": "kantor desa Suruhwadang",
          "office": "government"
        }
      }
    },
    {
      "type": "Feature",
      "geometry": {
        "type": "Point",
        "coordinates": [
          112.0799426,
          -8.0921467
        ]
      },
      "properties": {
        "id": "osm:node:1628399729",
        "name": "Masjid & Mushola (Tanpa Nama)",
        "category": "Masjid & Mushola",
        "osm_id": 1628399729,
        "osm_type": "node",
        "metadata": {
          "amenity": "place_of_worship",
          "denomination": "sunni",
          "religion": "muslim"
        }
      }
    },
    {
      "type": "Feature",
      "geometry": {
        "type": "Point",
        "coordinates": [
          112.0813108,
          -8.0966716
        ]
      },
      "properties": {
        "id": "osm:node:1628399746",
        "name": "Church",
        "category": "Gereja",
        "osm_id": 1628399746,
        "osm_type": "node",
        "metadata": {
          "amenity": "place_of_worship",
          "name": "Church"
        }
      }
    },
    {
      "type": "Feature",
      "geometry": {
        "type": "Point",
        "coordinates": [
          112.0824424,
          -8.0927362
        ]
      },
      "properties": {
        "id": "osm:node:1628399778",
        "name": "SDN Maron",
        "category": "Sekolah Dasar (SD/MI)",
        "osm_id": 1628399778,
        "osm_type": "node",
        "metadata": {
          "amenity": "school",
          "name": "SDN Maron"
        }
      }
    },
    {
      "type": "Feature",
      "geometry": {
        "type": "Point",
        "coordinates": [
          112.0829997,
          -8.1005957
        ]
      },
      "properties": {
        "id": "osm:node:1628399820",
        "name": "Masjid & Mushola (Tanpa Nama)",
        "category": "Masjid & Mushola",
        "osm_id": 1628399820,
        "osm_type": "node",
        "metadata": {
          "amenity": "place_of_worship",
          "building": "mosque",
          "denomination": "sunni",
          "religion": "muslim"
        }
      }
    },
    {
      "type": "Feature",
      "geometry": {
        "type": "Point",
        "coordinates": [
          112.1602817,
          -8.1012886
        ]
      },
      "properties": {
        "id": "osm:node:1628872962",
        "name": "CV. Mustika Swalayan",
        "category": "Supermarket",
        "osm_id": 1628872962,
        "osm_type": "node",
        "metadata": {
          "name": "CV. Mustika Swalayan",
          "shop": "supermarket"
        }
      }
    },
    {
      "type": "Feature",
      "geometry": {
        "type": "Point",
        "coordinates": [
          112.1635379,
          -8.1041353
        ]
      },
      "properties": {
        "id": "osm:node:1628872989",
        "name": "Kantor Bersama Samsat Kota Blitar",
        "category": "Layanan Pemerintahan",
        "osm_id": 1628872989,
        "osm_type": "node",
        "metadata": {
          "air_conditioning": "no",
          "government": "transportation",
          "name": "Kantor Bersama Samsat Kota Blitar",
          "office": "government",
          "smoking": "outside",
          "wheelchair": "limited"
        }
      }
    },
    {
      "type": "Feature",
      "geometry": {
        "type": "Point",
        "coordinates": [
          112.1649863,
          -8.1004176
        ]
      },
      "properties": {
        "id": "osm:node:1628892252",
        "name": "BNI",
        "category": "Bank & Finansial",
        "osm_id": 1628892252,
        "osm_type": "node",
        "metadata": {
          "amenity": "bank",
          "atm": "yes",
          "brand": "BNI",
          "brand:wikidata": "Q2882611",
          "name": "BNI",
          "official_name": "Bank Negara Indonesia"
        }
      }
    },
    {
      "type": "Feature",
      "geometry": {
        "type": "Point",
        "coordinates": [
          112.1704407,
          -8.0982606
        ]
      },
      "properties": {
        "id": "osm:node:1628892270",
        "name": "Apollo Super Store",
        "category": "Toko Retail (Umum)",
        "osm_id": 1628892270,
        "osm_type": "node",
        "metadata": {
          "air_conditioning": "yes",
          "currency:IDR": "yes",
          "internet_access": "no",
          "level": "2",
          "name": "Apollo Super Store",
          "payment:cash": "yes",
          "shop": "clothes",
          "toilets": "yes",
          "wheelchair": "limited"
        }
      }
    },
    {
      "type": "Feature",
      "geometry": {
        "type": "Point",
        "coordinates": [
          112.1650651,
          -8.1009906
        ]
      },
      "properties": {
        "id": "osm:node:1628892277",
        "name": "ATM BCA STIEKEN",
        "category": "ATM / Mesin Tunai",
        "osm_id": 1628892277,
        "osm_type": "node",
        "metadata": {
          "addr:city": "Blitar",
          "addr:housenumber": "59",
          "addr:postcode": "66111",
          "addr:street": "Jalan Mastrip",
          "amenity": "atm",
          "currency:IDR": "yes",
          "drive_through": "no",
          "name": "ATM BCA STIEKEN",
          "operator": "BCA"
        }
      }
    },
    {
      "type": "Feature",
      "geometry": {
        "type": "Point",
        "coordinates": [
          112.1649916,
          -8.1001123
        ]
      },
      "properties": {
        "id": "osm:node:1628892278",
        "name": "ATM BNI",
        "category": "ATM / Mesin Tunai",
        "osm_id": 1628892278,
        "osm_type": "node",
        "metadata": {
          "addr:street": "Jalan Kenanga Blitar",
          "amenity": "atm",
          "brand": "BNI",
          "cash_in": "yes",
          "covered": "yes",
          "currency:IDR": "yes",
          "drive_through": "no",
          "indoor": "yes",
          "lit": "yes",
          "name": "ATM BNI",
          "opening_hours": "24/7",
          "operator": "BNI",
          "wheelchair": "no"
        }
      }
    },
    {
      "type": "Feature",
      "geometry": {
        "type": "Point",
        "coordinates": [
          112.1722717,
          -8.0970295
        ]
      },
      "properties": {
        "id": "osm:node:1628892279",
        "name": "Polresta Blitar",
        "category": "Layanan Pemerintahan",
        "osm_id": 1628892279,
        "osm_type": "node",
        "metadata": {
          "amenity": "police",
          "name": "Polresta Blitar"
        }
      }
    },
    {
      "type": "Feature",
      "geometry": {
        "type": "Point",
        "coordinates": [
          112.0817949,
          -8.0994617
        ]
      },
      "properties": {
        "id": "osm:node:1628924131",
        "name": "MTSn Srengat",
        "category": "Sekolah Menengah Pertama (SMP/MTs)",
        "osm_id": 1628924131,
        "osm_type": "node",
        "metadata": {
          "amenity": "school",
          "name": "MTSn Srengat"
        }
      }
    },
    {
      "type": "Feature",
      "geometry": {
        "type": "Point",
        "coordinates": [
          112.072332,
          -8.0621774
        ]
      },
      "properties": {
        "id": "osm:node:1628924157",
        "name": "SMPN 2 Srengat",
        "category": "Sekolah Menengah Pertama (SMP/MTs)",
        "osm_id": 1628924157,
        "osm_type": "node",
        "metadata": {
          "amenity": "school",
          "name": "SMPN 2 Srengat"
        }
      }
    },
    {
      "type": "Feature",
      "geometry": {
        "type": "Point",
        "coordinates": [
          112.0705706,
          -8.0638713
        ]
      },
      "properties": {
        "id": "osm:node:1631214005",
        "name": "Pasar Srengat",
        "category": "Pasar Tradisional",
        "osm_id": 1631214005,
        "osm_type": "node",
        "metadata": {
          "amenity": "marketplace",
          "name": "Pasar Srengat"
        }
      }
    },
    {
      "type": "Feature",
      "geometry": {
        "type": "Point",
        "coordinates": [
          112.0619178,
          -8.061691
        ]
      },
      "properties": {
        "id": "osm:node:1631214011",
        "name": "Polsek Srengat",
        "category": "Layanan Pemerintahan",
        "osm_id": 1631214011,
        "osm_type": "node",
        "metadata": {
          "amenity": "police",
          "name": "Polsek Srengat"
        }
      }
    },
    {
      "type": "Feature",
      "geometry": {
        "type": "Point",
        "coordinates": [
          112.0637578,
          -8.061683
        ]
      },
      "properties": {
        "id": "osm:node:1631214033",
        "name": "SPBU Pertamina 54.661.27",
        "category": "SPBU / Stasiun Pengisian Bahan Bakar",
        "osm_id": 1631214033,
        "osm_type": "node",
        "metadata": {
          "addr:city": "Kabupaten Blitar",
          "addr:postcode": "66152",
          "addr:street": "Jl. Mastrip No.16, Srengat II, Srengat, Kec. Srengat, Kabupaten Blitar, Jawa Timur 66152",
          "amenity": "fuel",
          "brand": "Pertamina",
          "fuel:biodiesel": "yes",
          "fuel:diesel": "yes",
          "fuel:octane_90": "yes",
          "fuel:octane_92": "yes",
          "name": "SPBU Pertamina 54.661.27",
          "self_service": "no"
        }
      }
    },
    {
      "type": "Feature",
      "geometry": {
        "type": "Point",
        "coordinates": [
          112.0615074,
          -8.0616007
        ]
      },
      "properties": {
        "id": "osm:node:1631214037",
        "name": "Camat Srengat",
        "category": "Lainnya",
        "osm_id": 1631214037,
        "osm_type": "node",
        "metadata": {
          "amenity": "townhall",
          "name": "Camat Srengat"
        }
      }
    },
    {
      "type": "Feature",
      "geometry": {
        "type": "Point",
        "coordinates": [
          112.1653552,
          -8.0918713
        ]
      },
      "properties": {
        "id": "osm:node:1634138546",
        "name": "Sumber Udel",
        "category": "Kolam Renang / Rekreasi Air",
        "osm_id": 1634138546,
        "osm_type": "node",
        "metadata": {
          "leisure": "swimming_pool",
          "name": "Sumber Udel"
        }
      }
    },
    {
      "type": "Feature",
      "geometry": {
        "type": "Point",
        "coordinates": [
          112.1703353,
          -8.099669
        ]
      },
      "properties": {
        "id": "osm:node:1634141778",
        "name": "SMP Negeri 1 Blitar",
        "category": "Sekolah Menengah Pertama (SMP/MTs)",
        "osm_id": 1634141778,
        "osm_type": "node",
        "metadata": {
          "addr:city": "Blitar",
          "addr:district": "Kepanjenkidul",
          "addr:housenumber": "8",
          "addr:postcode": "66111",
          "addr:province": "Jawa Timur",
          "addr:street": "Jalan Ahmad Yani",
          "addr:subdistrict": "Kepanjenkidul",
          "air_conditioning": "no",
          "ele": "179",
          "email": "smpn1@blitarkota.go.id",
          "internet_access": "yes",
          "name": "SMP Negeri 1 Blitar",
          "office": "educational_institution",
          "official_name": "UPT Satuan Pendidikan SMPN 1 Blitar",
          "opening_hours": "Mo-Sa 07:00-14:00",
          "phone": "+62342801921",
          "short_name": "SMPN 1 Blitar",
          "smoking": "no",
          "start_date": "1946-08-19",
          "website": "https://www.smpn1blitar.sch.id",
          "wheelchair": "limited",
          "wikidata": "Q7391285",
          "wikipedia": "en:SMP Negeri 1 Blitar"
        }
      }
    },
    {
      "type": "Feature",
      "geometry": {
        "type": "Point",
        "coordinates": [
          112.179866,
          -8.1095353
        ]
      },
      "properties": {
        "id": "osm:node:1634141782",
        "name": "RSUD Mardi Waluyo",
        "category": "Rumah Sakit",
        "osm_id": 1634141782,
        "osm_type": "node",
        "metadata": {
          "amenity": "hospital",
          "check_date": "2024-08-07",
          "emergency": "yes",
          "healthcare": "hospital",
          "name": "RSUD Mardi Waluyo"
        }
      }
    },
    {
      "type": "Feature",
      "geometry": {
        "type": "Point",
        "coordinates": [
          112.1831597,
          -8.09074
        ]
      },
      "properties": {
        "id": "osm:node:1634141783",
        "name": "Hotel & Taman Patria",
        "category": "Hotel & Penginapan",
        "osm_id": 1634141783,
        "osm_type": "node",
        "metadata": {
          "leisure": "playground",
          "name": "Hotel & Taman Patria"
        }
      }
    },
    {
      "type": "Feature",
      "geometry": {
        "type": "Point",
        "coordinates": [
          112.1806333,
          -8.1007651
        ]
      },
      "properties": {
        "id": "osm:node:1634141785",
        "name": "SMA Negeri 1 Blitar",
        "category": "Sekolah Menengah Atas (SMA/SMK/MA)",
        "osm_id": 1634141785,
        "osm_type": "node",
        "metadata": {
          "addr:city": "Blitar",
          "addr:district": "Sananwetan",
          "addr:housenumber": "112",
          "addr:postcode": "66184",
          "addr:province": "Jawa Timur",
          "addr:street": "Jalan Ahmad Yani",
          "addr:subdistrict": "Sananwetan",
          "alt_name": "SMAN 1 Blitar",
          "internet_access": "yes",
          "internet_access:fee": "no",
          "name": "SMA Negeri 1 Blitar",
          "office": "educational_institution",
          "smoking": "no",
          "start_date": "1955-08-22",
          "wheelchair": "limited"
        }
      }
    },
    {
      "type": "Feature",
      "geometry": {
        "type": "Point",
        "coordinates": [
          112.1721818,
          -8.0998161
        ]
      },
      "properties": {
        "id": "osm:node:1634419580",
        "name": "RS Katolik Budi Rahayu",
        "category": "Rumah Sakit",
        "osm_id": 1634419580,
        "osm_type": "node",
        "metadata": {
          "amenity": "hospital",
          "emergency": "yes",
          "healthcare": "hospital",
          "name": "RS Katolik Budi Rahayu",
          "opening_hours": "24/7",
          "wheelchair": "yes"
        }
      }
    },
    {
      "type": "Feature",
      "geometry": {
        "type": "Point",
        "coordinates": [
          111.9063306,
          -8.0655206
        ]
      },
      "properties": {
        "id": "osm:node:1704748718",
        "name": "Polres Tulungagung",
        "category": "Layanan Pemerintahan",
        "osm_id": 1704748718,
        "osm_type": "node",
        "metadata": {
          "amenity": "police",
          "name": "Polres Tulungagung"
        }
      }
    },
    {
      "type": "Feature",
      "geometry": {
        "type": "Point",
        "coordinates": [
          111.9021692,
          -8.0606056
        ]
      },
      "properties": {
        "id": "osm:node:1705440624",
        "name": "Lojikka Hotel",
        "category": "Hotel & Penginapan",
        "osm_id": 1705440624,
        "osm_type": "node",
        "metadata": {
          "addr:city": "Tulungagung",
          "addr:housenumber": "73-75",
          "addr:postcode": "66212",
          "addr:street": "Jalan K.H. Agus Salim",
          "name": "Lojikka Hotel",
          "phone": "(0355) 332377",
          "tourism": "hotel"
        }
      }
    },
    {
      "type": "Feature",
      "geometry": {
        "type": "Point",
        "coordinates": [
          111.9010615,
          -8.0606562
        ]
      },
      "properties": {
        "id": "osm:node:1705440625",
        "name": "Narita",
        "category": "Hotel & Penginapan",
        "osm_id": 1705440625,
        "osm_type": "node",
        "metadata": {
          "name": "Narita",
          "tourism": "hotel"
        }
      }
    },
    {
      "type": "Feature",
      "geometry": {
        "type": "Point",
        "coordinates": [
          112.083086,
          -8.1212602
        ]
      },
      "properties": {
        "id": "osm:node:1731392386",
        "name": "Pasar Rejotangan",
        "category": "Pasar Tradisional",
        "osm_id": 1731392386,
        "osm_type": "node",
        "metadata": {
          "amenity": "marketplace",
          "name": "Pasar Rejotangan"
        }
      }
    },
    {
      "type": "Feature",
      "geometry": {
        "type": "Point",
        "coordinates": [
          112.0836358,
          -8.1219107
        ]
      },
      "properties": {
        "id": "osm:node:1731394467",
        "name": "UGD Puskesmas Rejotangan",
        "category": "Rumah Sakit",
        "osm_id": 1731394467,
        "osm_type": "node",
        "metadata": {
          "amenity": "hospital",
          "emergency": "yes",
          "name": "UGD Puskesmas Rejotangan"
        }
      }
    },
    {
      "type": "Feature",
      "geometry": {
        "type": "Point",
        "coordinates": [
          112.0811092,
          -8.1241306
        ]
      },
      "properties": {
        "id": "osm:node:1731396602",
        "name": "SDN 1 Rejotangan (Elementary School of Rejotangan)",
        "category": "Sekolah Dasar (SD/MI)",
        "osm_id": 1731396602,
        "osm_type": "node",
        "metadata": {
          "addr:housename": "SDN 1 Rejotangan",
          "addr:postcode": "66293",
          "amenity": "school",
          "name": "SDN 1 Rejotangan (Elementary School of Rejotangan)"
        }
      }
    },
    {
      "type": "Feature",
      "geometry": {
        "type": "Point",
        "coordinates": [
          112.1709144,
          -8.0997434
        ]
      },
      "properties": {
        "id": "osm:node:1766458435",
        "name": "Plasa Telkom Blitar",
        "category": "Layanan Pemerintahan",
        "osm_id": 1766458435,
        "osm_type": "node",
        "metadata": {
          "designation": "Telkom Blitar",
          "name": "Plasa Telkom Blitar",
          "office": "telecommunication"
        }
      }
    },
    {
      "type": "Feature",
      "geometry": {
        "type": "Point",
        "coordinates": [
          112.1643805,
          -8.0994386
        ]
      },
      "properties": {
        "id": "osm:node:1766458444",
        "name": "Kantor Wali Kota Blitar",
        "category": "Layanan Pemerintahan",
        "osm_id": 1766458444,
        "osm_type": "node",
        "metadata": {
          "addr:city": "Blitar",
          "addr:district": "Kepanjenkidul",
          "addr:housenumber": "5",
          "addr:postcode": "66111",
          "addr:province": "Jawa Timur",
          "addr:street": "Jalan Merdeka",
          "addr:subdistrict": "Kepanjenkidul",
          "amenity": "townhall",
          "name": "Kantor Wali Kota Blitar",
          "operator": "Pemerintah Kota Blitar",
          "townhall:type": "city"
        }
      }
    },
    {
      "type": "Feature",
      "geometry": {
        "type": "Point",
        "coordinates": [
          112.1569405,
          -8.102442
        ]
      },
      "properties": {
        "id": "osm:node:1766460901",
        "name": "Bank Muamalat",
        "category": "Bank & Finansial",
        "osm_id": 1766460901,
        "osm_type": "node",
        "metadata": {
          "amenity": "bank",
          "brand": "Bank Muamalat",
          "brand:wikidata": "Q4855949",
          "name": "Bank Muamalat"
        }
      }
    },
    {
      "type": "Feature",
      "geometry": {
        "type": "Point",
        "coordinates": [
          112.157933,
          -8.1029862
        ]
      },
      "properties": {
        "id": "osm:node:1766460902",
        "name": "Bank Central Asia",
        "category": "Bank & Finansial",
        "osm_id": 1766460902,
        "osm_type": "node",
        "metadata": {
          "amenity": "bank",
          "branch": "KCP Blitar",
          "brand": "Bank Central Asia",
          "brand:wikidata": "Q806626",
          "name": "Bank Central Asia"
        }
      }
    },
    {
      "type": "Feature",
      "geometry": {
        "type": "Point",
        "coordinates": [
          112.1578928,
          -8.1026198
        ]
      },
      "properties": {
        "id": "osm:node:1766460903",
        "name": "Bank Mega",
        "category": "Bank & Finansial",
        "osm_id": 1766460903,
        "osm_type": "node",
        "metadata": {
          "addr:street": "Jalan cepaka",
          "amenity": "bank",
          "brand": "Bank Mega",
          "brand:wikidata": "Q12474504",
          "name": "Bank Mega"
        }
      }
    },
    {
      "type": "Feature",
      "geometry": {
        "type": "Point",
        "coordinates": [
          112.1690255,
          -8.0995118
        ]
      },
      "properties": {
        "id": "osm:node:1766460904",
        "name": "BRI",
        "category": "Bank & Finansial",
        "osm_id": 1766460904,
        "osm_type": "node",
        "metadata": {
          "air_conditioning": "yes",
          "amenity": "bank",
          "atm": "yes",
          "branch": "Blitar",
          "brand": "BRI",
          "brand:wikidata": "Q623042",
          "currency:IDR": "yes",
          "currency:USD": "yes",
          "drive_through": "no",
          "name": "BRI",
          "official_name": "Bank Rakyat Indonesia",
          "operator": "Bank Rakyat Indonesia",
          "wheelchair": "yes"
        }
      }
    },
    {
      "type": "Feature",
      "geometry": {
        "type": "Point",
        "coordinates": [
          112.1587108,
          -8.0985782
        ]
      },
      "properties": {
        "id": "osm:node:1766466384",
        "name": "Poo An Kiong",
        "category": "Vihara",
        "osm_id": 1766466384,
        "osm_type": "node",
        "metadata": {
          "amenity": "place_of_worship",
          "name": "Poo An Kiong",
          "religion": "buddhist"
        }
      }
    },
    {
      "type": "Feature",
      "geometry": {
        "type": "Point",
        "coordinates": [
          112.1671539,
          -8.0989546
        ]
      },
      "properties": {
        "id": "osm:node:1766466387",
        "name": "Bank Danamon",
        "category": "Bank & Finansial",
        "osm_id": 1766466387,
        "osm_type": "node",
        "metadata": {
          "air_conditioning": "yes",
          "amenity": "bank",
          "atm": "yes",
          "branch": "Blitar",
          "brand": "Bank Danamon",
          "brand:wikidata": "Q4855913",
          "currency:IDR": "yes",
          "currency:USD": "yes",
          "drive_through": "no",
          "name": "Bank Danamon",
          "wheelchair": "limited"
        }
      }
    },
    {
      "type": "Feature",
      "geometry": {
        "type": "Point",
        "coordinates": [
          112.1692246,
          -8.101432
        ]
      },
      "properties": {
        "id": "osm:node:1766466390",
        "name": "RSU Aminah",
        "category": "Rumah Sakit",
        "osm_id": 1766466390,
        "osm_type": "node",
        "metadata": {
          "amenity": "hospital",
          "emergency": "yes",
          "healthcare": "hospital",
          "name": "RSU Aminah"
        }
      }
    },
    {
      "type": "Feature",
      "geometry": {
        "type": "Point",
        "coordinates": [
          112.1801149,
          -8.1073624
        ]
      },
      "properties": {
        "id": "osm:node:1766473105",
        "name": "SPBU Pertamina 54.661.25 Jl.Kalimantan",
        "category": "SPBU / Stasiun Pengisian Bahan Bakar",
        "osm_id": 1766473105,
        "osm_type": "node",
        "metadata": {
          "addr:city": "Kota Blitar",
          "addr:postcode": "66137",
          "addr:street": "Jl. Kalimantan No.95, Sananwetan, Kec. Sananwetan, Kota Blitar, Jawa Timur 66137",
          "amenity": "fuel",
          "brand": "Pertamina",
          "compressed_air": "yes",
          "fuel:biodiesel": "yes",
          "fuel:diesel": "yes",
          "fuel:octane_90": "yes",
          "fuel:octane_92": "yes",
          "fuel:octane_98": "yes",
          "name": "SPBU Pertamina 54.661.25 Jl.Kalimantan"
        }
      }
    },
    {
      "type": "Feature",
      "geometry": {
        "type": "Point",
        "coordinates": [
          112.1660488,
          -8.0992867
        ]
      },
      "properties": {
        "id": "osm:node:1766473108",
        "name": "Suzuki",
        "category": "Toko Retail (Umum)",
        "osm_id": 1766473108,
        "osm_type": "node",
        "metadata": {
          "brand": "Suzuki",
          "brand:wikidata": "Q181642",
          "name": "Suzuki",
          "shop": "car"
        }
      }
    },
    {
      "type": "Feature",
      "geometry": {
        "type": "Point",
        "coordinates": [
          112.171601,
          -8.0952504
        ]
      },
      "properties": {
        "id": "osm:node:1766473110",
        "name": "Kampus III Universitas Negeri Malang",
        "category": "Perguruan Tinggi",
        "osm_id": 1766473110,
        "osm_type": "node",
        "metadata": {
          "amenity": "school",
          "name": "Kampus III Universitas Negeri Malang"
        }
      }
    },
    {
      "type": "Feature",
      "geometry": {
        "type": "Point",
        "coordinates": [
          112.1572759,
          -8.1028136
        ]
      },
      "properties": {
        "id": "osm:node:1766473111",
        "name": "Mitsubishi",
        "category": "Toko Retail (Umum)",
        "osm_id": 1766473111,
        "osm_type": "node",
        "metadata": {
          "brand": "Mitsubishi",
          "brand:wikidata": "Q36033",
          "name": "Mitsubishi",
          "shop": "car"
        }
      }
    },
    {
      "type": "Feature",
      "geometry": {
        "type": "Point",
        "coordinates": [
          112.179417,
          -8.1077944
        ]
      },
      "properties": {
        "id": "osm:node:1766473112",
        "name": "GOR Soekarno-Hatta",
        "category": "Fasilitas Olahraga",
        "osm_id": 1766473112,
        "osm_type": "node",
        "metadata": {
          "access": "yes",
          "alt_name": "GOR Kota Blitar",
          "fee": "yes",
          "leisure": "sports_centre",
          "name": "GOR Soekarno-Hatta",
          "operator": "Pemerintah Kota Blitar",
          "operator:type": "government",
          "wheelchair": "limited"
        }
      }
    },
    {
      "type": "Feature",
      "geometry": {
        "type": "Point",
        "coordinates": [
          112.1591025,
          -8.1030871
        ]
      },
      "properties": {
        "id": "osm:node:1766473118",
        "name": "Mr DIY",
        "category": "Supermarket",
        "osm_id": 1766473118,
        "osm_type": "node",
        "metadata": {
          "name": "Mr DIY",
          "shop": "supermarket"
        }
      }
    },
    {
      "type": "Feature",
      "geometry": {
        "type": "Point",
        "coordinates": [
          112.1577211,
          -8.102572
        ]
      },
      "properties": {
        "id": "osm:node:1766473120",
        "name": "Daihatsu",
        "category": "Toko Retail (Umum)",
        "osm_id": 1766473120,
        "osm_type": "node",
        "metadata": {
          "name": "Daihatsu",
          "shop": "car"
        }
      }
    },
    {
      "type": "Feature",
      "geometry": {
        "type": "Point",
        "coordinates": [
          112.1671947,
          -8.0994678
        ]
      },
      "properties": {
        "id": "osm:node:1766473124",
        "name": "Toko Buku Restu",
        "category": "Toko Retail (Umum)",
        "osm_id": 1766473124,
        "osm_type": "node",
        "metadata": {
          "air_conditioning": "yes",
          "name": "Toko Buku Restu",
          "payment:cash": "yes",
          "shop": "stationery"
        }
      }
    },
    {
      "type": "Feature",
      "geometry": {
        "type": "Point",
        "coordinates": [
          112.2126393,
          -8.0734408
        ]
      },
      "properties": {
        "id": "osm:node:1766487642",
        "name": "KenTea Futsal",
        "category": "Fasilitas Olahraga",
        "osm_id": 1766487642,
        "osm_type": "node",
        "metadata": {
          "leisure": "sports_centre",
          "name": "KenTea Futsal"
        }
      }
    },
    {
      "type": "Feature",
      "geometry": {
        "type": "Point",
        "coordinates": [
          112.1699115,
          -8.0959336
        ]
      },
      "properties": {
        "id": "osm:node:1766487643",
        "name": "Patria Plaza Hotel",
        "category": "Mall / Pusat Perbelanjaan",
        "osm_id": 1766487643,
        "osm_type": "node",
        "metadata": {
          "addr:street": "Jalan RA Kartini",
          "name": "Patria Plaza Hotel",
          "tourism": "hotel"
        }
      }
    },
    {
      "type": "Feature",
      "geometry": {
        "type": "Point",
        "coordinates": [
          112.1734576,
          -8.0995156
        ]
      },
      "properties": {
        "id": "osm:node:1766487645",
        "name": "Quick Chicken",
        "category": "Cepat Saji",
        "osm_id": 1766487645,
        "osm_type": "node",
        "metadata": {
          "amenity": "fast_food",
          "cuisine": "chicken",
          "name": "Quick Chicken"
        }
      }
    },
    {
      "type": "Feature",
      "geometry": {
        "type": "Point",
        "coordinates": [
          112.2128861,
          -8.0734143
        ]
      },
      "properties": {
        "id": "osm:node:1766487648",
        "name": "KenTea Cafe & Resto",
        "category": "Restoran",
        "osm_id": 1766487648,
        "osm_type": "node",
        "metadata": {
          "amenity": "cafe",
          "cuisine": "asian",
          "name": "KenTea Cafe & Resto"
        }
      }
    },
    {
      "type": "Feature",
      "geometry": {
        "type": "Point",
        "coordinates": [
          112.1651186,
          -8.0945559
        ]
      },
      "properties": {
        "id": "osm:node:1766487650",
        "name": "Hotel Puri Perdana",
        "category": "Hotel & Penginapan",
        "osm_id": 1766487650,
        "osm_type": "node",
        "metadata": {
          "addr:street": "Jalan Anjasmoro 78 Blitar",
          "name": "Hotel Puri Perdana",
          "tourism": "hotel"
        }
      }
    },
    {
      "type": "Feature",
      "geometry": {
        "type": "Point",
        "coordinates": [
          112.1770672,
          -8.0940316
        ]
      },
      "properties": {
        "id": "osm:node:1766487651",
        "name": "Monumen Supriyadi",
        "category": "Lainnya",
        "osm_id": 1766487651,
        "osm_type": "node",
        "metadata": {
          "historic": "monument",
          "name": "Monumen Supriyadi"
        }
      }
    },
    {
      "type": "Feature",
      "geometry": {
        "type": "Point",
        "coordinates": [
          112.1677821,
          -8.1040112
        ]
      },
      "properties": {
        "id": "osm:node:1766487652",
        "name": "Restoran (Tanpa Nama)",
        "category": "Restoran",
        "osm_id": 1766487652,
        "osm_type": "node",
        "metadata": {
          "amenity": "restaurant"
        }
      }
    },
    {
      "type": "Feature",
      "geometry": {
        "type": "Point",
        "coordinates": [
          112.1755814,
          -8.0856212
        ]
      },
      "properties": {
        "id": "osm:node:1766487654",
        "name": "Perpustakaan Bung Karno",
        "category": "Sekolah (Umum)",
        "osm_id": 1766487654,
        "osm_type": "node",
        "metadata": {
          "addr:city": "Blitar",
          "amenity": "library",
          "contact:fax": "+62 342 815479",
          "contact:phone": "+62 342 815477",
          "contact:website": "http://perpusbungkarno.pnri.go.id",
          "name": "Perpustakaan Bung Karno"
        }
      }
    },
    {
      "type": "Feature",
      "geometry": {
        "type": "Point",
        "coordinates": [
          112.1609156,
          -8.1030393
        ]
      },
      "properties": {
        "id": "osm:node:1766487655",
        "name": "Hotel Grand Mansion",
        "category": "Hotel & Penginapan",
        "osm_id": 1766487655,
        "osm_type": "node",
        "metadata": {
          "addr:street": "Jalan Melati",
          "name": "Hotel Grand Mansion",
          "tourism": "hotel"
        }
      }
    },
    {
      "type": "Feature",
      "geometry": {
        "type": "Point",
        "coordinates": [
          112.1726841,
          -8.0914158
        ]
      },
      "properties": {
        "id": "osm:node:1766487658",
        "name": "Lapangan Tenis Agung",
        "category": "Fasilitas Olahraga",
        "osm_id": 1766487658,
        "osm_type": "node",
        "metadata": {
          "access": "customers",
          "indoor": "yes",
          "leisure": "pitch",
          "lit": "yes",
          "name": "Lapangan Tenis Agung",
          "sport": "tennis",
          "surface": "concrete"
        }
      }
    },
    {
      "type": "Feature",
      "geometry": {
        "type": "Point",
        "coordinates": [
          112.1678169,
          -8.1038519
        ]
      },
      "properties": {
        "id": "osm:node:1766487669",
        "name": "Minimarket (Tanpa Nama)",
        "category": "Minimarket",
        "osm_id": 1766487669,
        "osm_type": "node",
        "metadata": {
          "shop": "convenience"
        }
      }
    },
    {
      "type": "Feature",
      "geometry": {
        "type": "Point",
        "coordinates": [
          112.1687054,
          -8.0931059
        ]
      },
      "properties": {
        "id": "osm:node:1766487670",
        "name": "Stadion Gelora Supriadi",
        "category": "Fasilitas Olahraga",
        "osm_id": 1766487670,
        "osm_type": "node",
        "metadata": {
          "leisure": "stadium",
          "name": "Stadion Gelora Supriadi"
        }
      }
    },
    {
      "type": "Feature",
      "geometry": {
        "type": "Point",
        "coordinates": [
          112.1764617,
          -8.0935009
        ]
      },
      "properties": {
        "id": "osm:node:1766491094",
        "name": "SDK Santa Maria",
        "category": "Sekolah Dasar (SD/MI)",
        "osm_id": 1766491094,
        "osm_type": "node",
        "metadata": {
          "amenity": "school",
          "name": "SDK Santa Maria"
        }
      }
    },
    {
      "type": "Feature",
      "geometry": {
        "type": "Point",
        "coordinates": [
          112.1602826,
          -8.1029438
        ]
      },
      "properties": {
        "id": "osm:node:1766491095",
        "name": "SMPN 2 Blitar",
        "category": "Sekolah Menengah Pertama (SMP/MTs)",
        "osm_id": 1766491095,
        "osm_type": "node",
        "metadata": {
          "amenity": "school",
          "name": "SMPN 2 Blitar"
        }
      }
    },
    {
      "type": "Feature",
      "geometry": {
        "type": "Point",
        "coordinates": [
          112.1480196,
          -8.0921679
        ]
      },
      "properties": {
        "id": "osm:node:1766491096",
        "name": "SMAN 3 Blitar",
        "category": "Sekolah Menengah Atas (SMA/SMK/MA)",
        "osm_id": 1766491096,
        "osm_type": "node",
        "metadata": {
          "amenity": "school",
          "name": "SMAN 3 Blitar"
        }
      }
    },
    {
      "type": "Feature",
      "geometry": {
        "type": "Point",
        "coordinates": [
          112.1754639,
          -8.0970805
        ]
      },
      "properties": {
        "id": "osm:node:1766491097",
        "name": "SMAK Diponegoro",
        "category": "Sekolah (Umum)",
        "osm_id": 1766491097,
        "osm_type": "node",
        "metadata": {
          "amenity": "school",
          "name": "SMAK Diponegoro"
        }
      }
    },
    {
      "type": "Feature",
      "geometry": {
        "type": "Point",
        "coordinates": [
          112.1452295,
          -8.0985111
        ]
      },
      "properties": {
        "id": "osm:node:1766491099",
        "name": "SPBU Pertamina 54.661.03 Tanjung",
        "category": "SPBU / Stasiun Pengisian Bahan Bakar",
        "osm_id": 1766491099,
        "osm_type": "node",
        "metadata": {
          "addr:city": "Kota Blitar",
          "addr:postcode": "67122",
          "addr:street": "Jl. Letjend. Mt. Haryono, Pakunden, Kec. Sukorejo, Kota Blitar, Jawa Timur 67122",
          "amenity": "fuel",
          "brand": "Pertamina",
          "fuel:biodiesel": "yes",
          "fuel:diesel": "yes",
          "fuel:octane_90": "yes",
          "fuel:octane_92": "yes",
          "name": "SPBU Pertamina 54.661.03 Tanjung",
          "self_service": "no"
        }
      }
    },
    {
      "type": "Feature",
      "geometry": {
        "type": "Point",
        "coordinates": [
          112.1751515,
          -8.0941426
        ]
      },
      "properties": {
        "id": "osm:node:1766491101",
        "name": "TK Santa Maria",
        "category": "Taman Kanak-Kanak / PAUD",
        "osm_id": 1766491101,
        "osm_type": "node",
        "metadata": {
          "amenity": "kindergarten",
          "name": "TK Santa Maria"
        }
      }
    },
    {
      "type": "Feature",
      "geometry": {
        "type": "Point",
        "coordinates": [
          112.2419576,
          -8.0794668
        ]
      },
      "properties": {
        "id": "osm:node:1767321271",
        "name": "SPBU Pertamina 54.661.12",
        "category": "Toko Retail (Umum)",
        "osm_id": 1767321271,
        "osm_type": "node",
        "metadata": {
          "amenity": "fuel",
          "brand": "Pertamina",
          "fuel:biodiesel": "yes",
          "fuel:diesel": "yes",
          "fuel:octane_90": "yes",
          "fuel:octane_91": "no",
          "fuel:octane_92": "yes",
          "name": "SPBU Pertamina 54.661.12",
          "opening_hours": "24/7",
          "self_service": "no",
          "shop": "yes"
        }
      }
    },
    {
      "type": "Feature",
      "geometry": {
        "type": "Point",
        "coordinates": [
          112.1562927,
          -8.1090729
        ]
      },
      "properties": {
        "id": "osm:node:1822418827",
        "name": "SDN karangsari 2",
        "category": "Sekolah Dasar (SD/MI)",
        "osm_id": 1822418827,
        "osm_type": "node",
        "metadata": {
          "amenity": "school",
          "name": "SDN karangsari 2"
        }
      }
    },
    {
      "type": "Feature",
      "geometry": {
        "type": "Point",
        "coordinates": [
          112.1577339,
          -8.1092014
        ]
      },
      "properties": {
        "id": "osm:node:1822418828",
        "name": "Masjid jami diponegoro",
        "category": "Masjid & Mushola",
        "osm_id": 1822418828,
        "osm_type": "node",
        "metadata": {
          "amenity": "place_of_worship",
          "name": "Masjid jami diponegoro",
          "religion": "muslim"
        }
      }
    },
    {
      "type": "Feature",
      "geometry": {
        "type": "Point",
        "coordinates": [
          112.1573343,
          -8.1087739
        ]
      },
      "properties": {
        "id": "osm:node:1822418831",
        "name": "puskesmas karangsari",
        "category": "Rumah Sakit",
        "osm_id": 1822418831,
        "osm_type": "node",
        "metadata": {
          "amenity": "hospital",
          "emergency": "no",
          "name": "puskesmas karangsari"
        }
      }
    },
    {
      "type": "Feature",
      "geometry": {
        "type": "Point",
        "coordinates": [
          112.1653767,
          -8.0921012
        ]
      },
      "properties": {
        "id": "osm:node:1829573119",
        "name": "Kolam Renang / Rekreasi Air (Tanpa Nama)",
        "category": "Kolam Renang / Rekreasi Air",
        "osm_id": 1829573119,
        "osm_type": "node",
        "metadata": {
          "leisure": "water_park"
        }
      }
    },
    {
      "type": "Feature",
      "geometry": {
        "type": "Point",
        "coordinates": [
          112.1648728,
          -8.1047071
        ]
      },
      "properties": {
        "id": "osm:node:1844866737",
        "name": "Kelurahan Kepanjen Kidul",
        "category": "Layanan Pemerintahan",
        "osm_id": 1844866737,
        "osm_type": "node",
        "metadata": {
          "amenity": "townhall",
          "name": "Kelurahan Kepanjen Kidul"
        }
      }
    },
    {
      "type": "Feature",
      "geometry": {
        "type": "Point",
        "coordinates": [
          112.1649425,
          -8.1045319
        ]
      },
      "properties": {
        "id": "osm:node:1844866768",
        "name": "Sport Center Griya Melati Indah II",
        "category": "Fasilitas Olahraga",
        "osm_id": 1844866768,
        "osm_type": "node",
        "metadata": {
          "leisure": "sports_centre",
          "name": "Sport Center Griya Melati Indah II"
        }
      }
    },
    {
      "type": "Feature",
      "geometry": {
        "type": "Point",
        "coordinates": [
          112.1674745,
          -8.1054188
        ]
      },
      "properties": {
        "id": "osm:node:1844866852",
        "name": "SD Kepanjen Kidul III",
        "category": "Sekolah Dasar (SD/MI)",
        "osm_id": 1844866852,
        "osm_type": "node",
        "metadata": {
          "addr:street": "Veteran",
          "amenity": "school",
          "name": "SD Kepanjen Kidul III"
        }
      }
    },
    {
      "type": "Feature",
      "geometry": {
        "type": "Point",
        "coordinates": [
          112.1481448,
          -8.1018286
        ]
      },
      "properties": {
        "id": "osm:node:1909415478",
        "name": "makam aryo blitar",
        "category": "Pemakaman",
        "osm_id": 1909415478,
        "osm_type": "node",
        "metadata": {
          "historic": "memorial",
          "name": "makam aryo blitar"
        }
      }
    },
    {
      "type": "Feature",
      "geometry": {
        "type": "Point",
        "coordinates": [
          112.1830887,
          -8.0905282
        ]
      },
      "properties": {
        "id": "osm:node:1920952939",
        "name": "Hotel Herlingga Jaya",
        "category": "Hotel & Penginapan",
        "osm_id": 1920952939,
        "osm_type": "node",
        "metadata": {
          "addr:street": "Jalan Jakgung suprapto",
          "name": "Hotel Herlingga Jaya",
          "tourism": "hotel"
        }
      }
    },
    {
      "type": "Feature",
      "geometry": {
        "type": "Point",
        "coordinates": [
          112.1699298,
          -8.0977618
        ]
      },
      "properties": {
        "id": "osm:node:1920983262",
        "name": "Masjid At-Taqwa",
        "category": "Masjid & Mushola",
        "osm_id": 1920983262,
        "osm_type": "node",
        "metadata": {
          "amenity": "place_of_worship",
          "denomination": "muhammadiyah",
          "name": "Masjid At-Taqwa",
          "religion": "muslim"
        }
      }
    },
    {
      "type": "Feature",
      "geometry": {
        "type": "Point",
        "coordinates": [
          112.1693343,
          -8.097544
        ]
      },
      "properties": {
        "id": "osm:node:1920983336",
        "name": "Gedung Graha Patria",
        "category": "Fasilitas Warga & Balai",
        "osm_id": 1920983336,
        "osm_type": "node",
        "metadata": {
          "amenity": "townhall",
          "name": "Gedung Graha Patria"
        }
      }
    },
    {
      "type": "Feature",
      "geometry": {
        "type": "Point",
        "coordinates": [
          112.1477694,
          -8.09961
        ]
      },
      "properties": {
        "id": "osm:node:1921006913",
        "name": "RS Syuhada Haji Blitar",
        "category": "Rumah Sakit",
        "osm_id": 1921006913,
        "osm_type": "node",
        "metadata": {
          "amenity": "hospital",
          "name": "RS Syuhada Haji Blitar"
        }
      }
    },
    {
      "type": "Feature",
      "geometry": {
        "type": "Point",
        "coordinates": [
          112.1582112,
          -8.1026
        ]
      },
      "properties": {
        "id": "osm:node:1921030328",
        "name": "Gereja Santa Maria",
        "category": "Gereja",
        "osm_id": 1921030328,
        "osm_type": "node",
        "metadata": {
          "amenity": "place_of_worship",
          "name": "Gereja Santa Maria",
          "religion": "christian"
        }
      }
    },
    {
      "type": "Feature",
      "geometry": {
        "type": "Point",
        "coordinates": [
          112.1799371,
          -8.1062297
        ]
      },
      "properties": {
        "id": "osm:node:1924316207",
        "name": "Masjid Hidayatullah",
        "category": "Masjid & Mushola",
        "osm_id": 1924316207,
        "osm_type": "node",
        "metadata": {
          "amenity": "place_of_worship",
          "denomination": "sunni",
          "name": "Masjid Hidayatullah",
          "religion": "muslim"
        }
      }
    },
    {
      "type": "Feature",
      "geometry": {
        "type": "Point",
        "coordinates": [
          112.1739573,
          -8.1028663
        ]
      },
      "properties": {
        "id": "osm:node:1924345770",
        "name": "Masjid Baitul Mu'min",
        "category": "Masjid & Mushola",
        "osm_id": 1924345770,
        "osm_type": "node",
        "metadata": {
          "amenity": "place_of_worship",
          "name": "Masjid Baitul Mu'min",
          "religion": "muslim"
        }
      }
    },
    {
      "type": "Feature",
      "geometry": {
        "type": "Point",
        "coordinates": [
          112.1731526,
          -8.1055483
        ]
      },
      "properties": {
        "id": "osm:node:1924349968",
        "name": "Bakso gangsar",
        "category": "Restoran",
        "osm_id": 1924349968,
        "osm_type": "node",
        "metadata": {
          "amenity": "restaurant",
          "name": "Bakso gangsar"
        }
      }
    },
    {
      "type": "Feature",
      "geometry": {
        "type": "Point",
        "coordinates": [
          112.1648253,
          -8.1038464
        ]
      },
      "properties": {
        "id": "osm:node:1932362384",
        "name": "Omaku",
        "category": "Kafe & Kedai Kopi",
        "osm_id": 1932362384,
        "osm_type": "node",
        "metadata": {
          "amenity": "cafe",
          "name": "Omaku"
        }
      }
    },
    {
      "type": "Feature",
      "geometry": {
        "type": "Point",
        "coordinates": [
          112.1738965,
          -8.0976679
        ]
      },
      "properties": {
        "id": "osm:node:1932401050",
        "name": "odabli",
        "category": "Pasar Tradisional",
        "osm_id": 1932401050,
        "osm_type": "node",
        "metadata": {
          "amenity": "marketplace",
          "name": "odabli"
        }
      }
    },
    {
      "type": "Feature",
      "geometry": {
        "type": "Point",
        "coordinates": [
          112.1687145,
          -8.0976201
        ]
      },
      "properties": {
        "id": "osm:node:1932410186",
        "name": "cuci gudang",
        "category": "Jasa Pengiriman & Logistik",
        "osm_id": 1932410186,
        "osm_type": "node",
        "metadata": {
          "name": "cuci gudang",
          "shop": "clothes"
        }
      }
    },
    {
      "type": "Feature",
      "geometry": {
        "type": "Point",
        "coordinates": [
          112.1630666,
          -8.1002503
        ]
      },
      "properties": {
        "id": "osm:node:2021132855",
        "name": "Hawaii Fashion",
        "category": "Toko Retail (Umum)",
        "osm_id": 2021132855,
        "osm_type": "node",
        "metadata": {
          "addr:city": "Blitar",
          "addr:country": "ID",
          "addr:housenumber": "74",
          "addr:postcode": "66111",
          "addr:province": "Jawa Timur",
          "addr:state": "JAWA TIMUR",
          "addr:street": "Mastrip",
          "name": "Hawaii Fashion",
          "note": "Toko fashion dengan harga Dan kualitas terbaik",
          "shop": "clothes",
          "wheelchair": "no"
        }
      }
    },
    {
      "type": "Feature",
      "geometry": {
        "type": "Point",
        "coordinates": [
          112.1690357,
          -8.0985162
        ]
      },
      "properties": {
        "id": "osm:node:2123320501",
        "name": "Depot Es Mini",
        "category": "Restoran",
        "osm_id": 2123320501,
        "osm_type": "node",
        "metadata": {
          "air_conditioning": "no",
          "amenity": "restaurant",
          "cuisine": "indonesian",
          "diet:halal": "yes",
          "name": "Depot Es Mini",
          "outdoor_seating": "no",
          "payment:cash": "yes",
          "reservation": "yes",
          "smoking": "yes",
          "takeaway": "yes",
          "toilets": "yes"
        }
      }
    },
    {
      "type": "Feature",
      "geometry": {
        "type": "Point",
        "coordinates": [
          112.1332207,
          -7.9230092
        ]
      },
      "properties": {
        "id": "osm:node:2197678507",
        "name": "Polsek Wates",
        "category": "Layanan Pemerintahan",
        "osm_id": 2197678507,
        "osm_type": "node",
        "metadata": {
          "amenity": "police",
          "designation": "Kepolisian Sektor",
          "name": "Polsek Wates",
          "source": "Survey"
        }
      }
    },
    {
      "type": "Feature",
      "geometry": {
        "type": "Point",
        "coordinates": [
          112.1285698,
          -7.9171115
        ]
      },
      "properties": {
        "id": "osm:node:2197700452",
        "name": "Puskesmas Wates",
        "category": "Rumah Sakit",
        "osm_id": 2197700452,
        "osm_type": "node",
        "metadata": {
          "amenity": "hospital",
          "name": "Puskesmas Wates"
        }
      }
    },
    {
      "type": "Feature",
      "geometry": {
        "type": "Point",
        "coordinates": [
          112.1538291,
          -8.1017163
        ]
      },
      "properties": {
        "id": "osm:node:2333075522",
        "name": "ATM Mandiri",
        "category": "ATM / Mesin Tunai",
        "osm_id": 2333075522,
        "osm_type": "node",
        "metadata": {
          "amenity": "atm",
          "fee": "no",
          "name": "ATM Mandiri",
          "operator": "Mandiri"
        }
      }
    },
    {
      "type": "Feature",
      "geometry": {
        "type": "Point",
        "coordinates": [
          112.1570155,
          -8.1023376
        ]
      },
      "properties": {
        "id": "osm:node:2333076805",
        "name": "ATM / Mesin Tunai (Tanpa Nama)",
        "category": "ATM / Mesin Tunai",
        "osm_id": 2333076805,
        "osm_type": "node",
        "metadata": {
          "addr:street": "Jalan cepaka",
          "amenity": "atm",
          "fee": "no",
          "operator": "Bank Muamalat cepaka"
        }
      }
    },
    {
      "type": "Feature",
      "geometry": {
        "type": "Point",
        "coordinates": [
          112.1579326,
          -8.1025527
        ]
      },
      "properties": {
        "id": "osm:node:2333076806",
        "name": "ATM / Mesin Tunai (Tanpa Nama)",
        "category": "ATM / Mesin Tunai",
        "osm_id": 2333076806,
        "osm_type": "node",
        "metadata": {
          "addr:street": "jalan cepaka blitar",
          "amenity": "atm",
          "fee": "no",
          "operator": "Bank Mega cepaka"
        }
      }
    },
    {
      "type": "Feature",
      "geometry": {
        "type": "Point",
        "coordinates": [
          112.1695039,
          -8.0981792
        ]
      },
      "properties": {
        "id": "osm:node:2333103984",
        "name": "Rumah Makan Padang",
        "category": "Restoran",
        "osm_id": 2333103984,
        "osm_type": "node",
        "metadata": {
          "amenity": "restaurant",
          "cuisine": "indonesian",
          "diet:halal": "yes",
          "name": "Rumah Makan Padang"
        }
      }
    },
    {
      "type": "Feature",
      "geometry": {
        "type": "Point",
        "coordinates": [
          112.1640966,
          -8.0986147
        ]
      },
      "properties": {
        "id": "osm:node:2333104139",
        "name": "Rumah Makan Padang Sari Bundo",
        "category": "Restoran",
        "osm_id": 2333104139,
        "osm_type": "node",
        "metadata": {
          "amenity": "restaurant",
          "cuisine": "indonesian",
          "diet:halal": "yes",
          "name": "Rumah Makan Padang Sari Bundo",
          "opening_hours": "Mo-Su 07:00-23:00",
          "wheelchair": "limited"
        }
      }
    },
    {
      "type": "Feature",
      "geometry": {
        "type": "Point",
        "coordinates": [
          112.16665,
          -8.1011321
        ]
      },
      "properties": {
        "id": "osm:node:2333110527",
        "name": "Mi Ayam putra solo",
        "category": "Restoran",
        "osm_id": 2333110527,
        "osm_type": "node",
        "metadata": {
          "addr:street": "Jalan mastrip blitar",
          "amenity": "restaurant",
          "name": "Mi Ayam putra solo"
        }
      }
    },
    {
      "type": "Feature",
      "geometry": {
        "type": "Point",
        "coordinates": [
          112.176137,
          -8.0997512
        ]
      },
      "properties": {
        "id": "osm:node:2333111143",
        "name": "Nasi Pecel Mbok Bari",
        "category": "Restoran",
        "osm_id": 2333111143,
        "osm_type": "node",
        "metadata": {
          "amenity": "restaurant",
          "name": "Nasi Pecel Mbok Bari"
        }
      }
    },
    {
      "type": "Feature",
      "geometry": {
        "type": "Point",
        "coordinates": [
          112.1580805,
          -8.1029039
        ]
      },
      "properties": {
        "id": "osm:node:2349657334",
        "name": "ATM BCA",
        "category": "ATM / Mesin Tunai",
        "osm_id": 2349657334,
        "osm_type": "node",
        "metadata": {
          "addr:street": "jalan cepaka blitar",
          "amenity": "atm",
          "cash_in": "yes",
          "currency:IDR": "yes",
          "drive_through": "no",
          "fee": "atm BCA cepaka",
          "indoor": "yes",
          "lit": "yes",
          "name": "ATM BCA",
          "opening_hours": "24/7",
          "operator": "BCA",
          "wheelchair": "no"
        }
      }
    },
    {
      "type": "Feature",
      "geometry": {
        "type": "Point",
        "coordinates": [
          112.1740932,
          -8.0869672
        ]
      },
      "properties": {
        "id": "osm:node:2353547466",
        "name": "Wisata Jamur",
        "category": "Restoran",
        "osm_id": 2353547466,
        "osm_type": "node",
        "metadata": {
          "addr:street": "Jalan Ir Soekarno",
          "amenity": "restaurant",
          "name": "Wisata Jamur"
        }
      }
    },
    {
      "type": "Feature",
      "geometry": {
        "type": "Point",
        "coordinates": [
          112.1771188,
          -8.1002659
        ]
      },
      "properties": {
        "id": "osm:node:2353607945",
        "name": "Hotel Blitar Indah",
        "category": "Hotel & Penginapan",
        "osm_id": 2353607945,
        "osm_type": "node",
        "metadata": {
          "addr:street": "Jalan A.Yani 62 Blitar",
          "name": "Hotel Blitar Indah",
          "tourism": "hotel"
        }
      }
    },
    {
      "type": "Feature",
      "geometry": {
        "type": "Point",
        "coordinates": [
          112.1641905,
          -8.1004996
        ]
      },
      "properties": {
        "id": "osm:node:2353616053",
        "name": "Hotel Patria Palace",
        "category": "Hotel & Penginapan",
        "osm_id": 2353616053,
        "osm_type": "node",
        "metadata": {
          "addr:street": "Jalan Mastrip no 56 Blitar",
          "name": "Hotel Patria Palace",
          "tourism": "hotel"
        }
      }
    },
    {
      "type": "Feature",
      "geometry": {
        "type": "Point",
        "coordinates": [
          112.171191,
          -8.0984763
        ]
      },
      "properties": {
        "id": "osm:node:2371653837",
        "name": "Bank Jatim",
        "category": "Bank & Finansial",
        "osm_id": 2371653837,
        "osm_type": "node",
        "metadata": {
          "air_conditioning": "yes",
          "amenity": "bank",
          "atm": "yes",
          "branch": "Blitar",
          "currency:IDR": "yes",
          "drive_through": "no",
          "name": "Bank Jatim",
          "operator": "Bank Jatim",
          "wheelchair": "yes"
        }
      }
    },
    {
      "type": "Feature",
      "geometry": {
        "type": "Point",
        "coordinates": [
          112.1712339,
          -8.0984445
        ]
      },
      "properties": {
        "id": "osm:node:2371654293",
        "name": "ATM Bank Jatim",
        "category": "ATM / Mesin Tunai",
        "osm_id": 2371654293,
        "osm_type": "node",
        "metadata": {
          "addr:street": "Jalan Hos Cokroaminoto",
          "amenity": "atm",
          "cash_in": "yes",
          "currency:IDR": "yes",
          "drive_through": "no",
          "indoor": "yes",
          "lit": "yes",
          "name": "ATM Bank Jatim",
          "opening_hours": "24/7",
          "operator": "Bank Jatim",
          "wheelchair": "no"
        }
      }
    },
    {
      "type": "Feature",
      "geometry": {
        "type": "Point",
        "coordinates": [
          112.1646732,
          -8.0996076
        ]
      },
      "properties": {
        "id": "osm:node:2371655220",
        "name": "ATM Bank Jatim",
        "category": "ATM / Mesin Tunai",
        "osm_id": 2371655220,
        "osm_type": "node",
        "metadata": {
          "addr:street": "Jalan Kenanga",
          "amenity": "atm",
          "brand": "Bank Jatim",
          "cash_in": "no",
          "covered": "yes",
          "currency:IDR": "yes",
          "drive_through": "no",
          "indoor": "yes",
          "name": "ATM Bank Jatim",
          "operator": "Bank Jatim",
          "wheelchair": "no"
        }
      }
    },
    {
      "type": "Feature",
      "geometry": {
        "type": "Point",
        "coordinates": [
          112.1691253,
          -8.0993918
        ]
      },
      "properties": {
        "id": "osm:node:2371669918",
        "name": "ATM BRI",
        "category": "ATM / Mesin Tunai",
        "osm_id": 2371669918,
        "osm_type": "node",
        "metadata": {
          "addr:street": "Jalan Merdeka Blitar",
          "amenity": "atm",
          "cash_in": "yes",
          "currency:IDR": "yes",
          "drive_through": "no",
          "indoor": "yes",
          "lit": "yes",
          "name": "ATM BRI",
          "opening_hours": "24/7",
          "operator": "BRI",
          "wheelchair": "no"
        }
      }
    },
    {
      "type": "Feature",
      "geometry": {
        "type": "Point",
        "coordinates": [
          112.0908564,
          -8.0112049
        ]
      },
      "properties": {
        "id": "osm:node:2713472007",
        "name": "Masjid & Mushola (Tanpa Nama)",
        "category": "Masjid & Mushola",
        "osm_id": 2713472007,
        "osm_type": "node",
        "metadata": {
          "amenity": "place_of_worship",
          "religion": "muslim"
        }
      }
    },
    {
      "type": "Feature",
      "geometry": {
        "type": "Point",
        "coordinates": [
          112.0892534,
          -8.0129854
        ]
      },
      "properties": {
        "id": "osm:node:2713472011",
        "name": "Masjid & Mushola (Tanpa Nama)",
        "category": "Masjid & Mushola",
        "osm_id": 2713472011,
        "osm_type": "node",
        "metadata": {
          "amenity": "place_of_worship",
          "religion": "muslim"
        }
      }
    },
    {
      "type": "Feature",
      "geometry": {
        "type": "Point",
        "coordinates": [
          111.9843809,
          -8.0084337
        ]
      },
      "properties": {
        "id": "osm:node:2713473817",
        "name": "Masjid & Mushola (Tanpa Nama)",
        "category": "Masjid & Mushola",
        "osm_id": 2713473817,
        "osm_type": "node",
        "metadata": {
          "amenity": "place_of_worship",
          "religion": "muslim"
        }
      }
    },
    {
      "type": "Feature",
      "geometry": {
        "type": "Point",
        "coordinates": [
          111.9098508,
          -8.0081393
        ]
      },
      "properties": {
        "id": "osm:node:2713481872",
        "name": "Masjid Jami' Al Abror",
        "category": "Masjid & Mushola",
        "osm_id": 2713481872,
        "osm_type": "node",
        "metadata": {
          "amenity": "place_of_worship",
          "name": "Masjid Jami' Al Abror",
          "religion": "muslim"
        }
      }
    },
    {
      "type": "Feature",
      "geometry": {
        "type": "Point",
        "coordinates": [
          111.913947,
          -8.030555
        ]
      },
      "properties": {
        "id": "osm:node:2713481922",
        "name": "Masjid & Mushola (Tanpa Nama)",
        "category": "Masjid & Mushola",
        "osm_id": 2713481922,
        "osm_type": "node",
        "metadata": {
          "amenity": "place_of_worship",
          "religion": "muslim"
        }
      }
    },
    {
      "type": "Feature",
      "geometry": {
        "type": "Point",
        "coordinates": [
          111.9983198,
          -8.0819242
        ]
      },
      "properties": {
        "id": "osm:node:2714213229",
        "name": "Masjid & Mushola (Tanpa Nama)",
        "category": "Masjid & Mushola",
        "osm_id": 2714213229,
        "osm_type": "node",
        "metadata": {
          "amenity": "place_of_worship",
          "religion": "muslim"
        }
      }
    },
    {
      "type": "Feature",
      "geometry": {
        "type": "Point",
        "coordinates": [
          112.1038761,
          -8.0404937
        ]
      },
      "properties": {
        "id": "osm:node:2990314449",
        "name": "Pasar Ponggok",
        "category": "Pasar Tradisional",
        "osm_id": 2990314449,
        "osm_type": "node",
        "metadata": {
          "amenity": "marketplace",
          "name": "Pasar Ponggok"
        }
      }
    },
    {
      "type": "Feature",
      "geometry": {
        "type": "Point",
        "coordinates": [
          112.1033118,
          -8.0413322
        ]
      },
      "properties": {
        "id": "osm:node:2990316200",
        "name": "BRI Ponggok",
        "category": "Bank & Finansial",
        "osm_id": 2990316200,
        "osm_type": "node",
        "metadata": {
          "amenity": "bank",
          "atm": "yes",
          "name": "BRI Ponggok"
        }
      }
    },
    {
      "type": "Feature",
      "geometry": {
        "type": "Point",
        "coordinates": [
          112.1026385,
          -8.041149
        ]
      },
      "properties": {
        "id": "osm:node:2990316463",
        "name": "Masjid Sunan Kalijaga",
        "category": "Masjid & Mushola",
        "osm_id": 2990316463,
        "osm_type": "node",
        "metadata": {
          "addr:city": "Ponggok",
          "addr:postcode": "64153",
          "addr:street": "Jendral Sudirman",
          "amenity": "place_of_worship",
          "building": "yes",
          "name": "Masjid Sunan Kalijaga",
          "religion": "muslim"
        }
      }
    },
    {
      "type": "Feature",
      "geometry": {
        "type": "Point",
        "coordinates": [
          112.102027,
          -8.0410374
        ]
      },
      "properties": {
        "id": "osm:node:2990317042",
        "name": "Kantor Pos POnggok",
        "category": "Layanan Pemerintahan",
        "osm_id": 2990317042,
        "osm_type": "node",
        "metadata": {
          "amenity": "post_office",
          "name": "Kantor Pos POnggok"
        }
      }
    },
    {
      "type": "Feature",
      "geometry": {
        "type": "Point",
        "coordinates": [
          112.1018621,
          -8.0414691
        ]
      },
      "properties": {
        "id": "osm:node:2990327413",
        "name": "CK Laundry",
        "category": "Toko Retail (Umum)",
        "osm_id": 2990327413,
        "osm_type": "node",
        "metadata": {
          "addr:city": "Blitar",
          "addr:street": "Jend. Sudirman",
          "level": "1",
          "name": "CK Laundry",
          "shop": "laundry"
        }
      }
    },
    {
      "type": "Feature",
      "geometry": {
        "type": "Point",
        "coordinates": [
          112.1006644,
          -8.0506727
        ]
      },
      "properties": {
        "id": "osm:node:2990341910",
        "name": "Sarwi Mini Market",
        "category": "Minimarket",
        "osm_id": 2990341910,
        "osm_type": "node",
        "metadata": {
          "name": "Sarwi Mini Market",
          "shop": "convenience"
        }
      }
    },
    {
      "type": "Feature",
      "geometry": {
        "type": "Point",
        "coordinates": [
          112.1013162,
          -8.0510789
        ]
      },
      "properties": {
        "id": "osm:node:2990342117",
        "name": "Kantor Desa Kawedusan",
        "category": "Layanan Pemerintahan",
        "osm_id": 2990342117,
        "osm_type": "node",
        "metadata": {
          "building": "office",
          "name": "Kantor Desa Kawedusan",
          "office": "government"
        }
      }
    },
    {
      "type": "Feature",
      "geometry": {
        "type": "Point",
        "coordinates": [
          112.0770508,
          -8.065333
        ]
      },
      "properties": {
        "id": "osm:node:2995415541",
        "name": "PT. PLN (Persero) Rayon Srengat",
        "category": "Layanan Pemerintahan",
        "osm_id": 2995415541,
        "osm_type": "node",
        "metadata": {
          "name": "PT. PLN (Persero) Rayon Srengat",
          "office": "government"
        }
      }
    },
    {
      "type": "Feature",
      "geometry": {
        "type": "Point",
        "coordinates": [
          112.167231,
          -8.0902055
        ]
      },
      "properties": {
        "id": "osm:node:3017329714",
        "name": "Radio Mayangkara",
        "category": "Lainnya",
        "osm_id": 3017329714,
        "osm_type": "node",
        "metadata": {
          "addr:city": "Blitar",
          "addr:housenumber": "32A",
          "addr:postcode": "66116",
          "addr:street": "Ciliwung",
          "amenity": "studio",
          "email": "radio.mayangkara@yahoo.co.id",
          "name": "Radio Mayangkara",
          "phone": "+62 342 802327",
          "source": "http://mayangkararadio.com/101-mayangkara/kontak-kami",
          "studio": "radio",
          "website": "http://www.mayangkararadio.com"
        }
      }
    },
    {
      "type": "Feature",
      "geometry": {
        "type": "Point",
        "coordinates": [
          112.1695486,
          -8.0918437
        ]
      },
      "properties": {
        "id": "osm:node:3017330203",
        "name": "Pasar Ikan Hias Blitar Kota",
        "category": "Supermarket",
        "osm_id": 3017330203,
        "osm_type": "node",
        "metadata": {
          "name": "Pasar Ikan Hias Blitar Kota",
          "shop": "supermarket"
        }
      }
    },
    {
      "type": "Feature",
      "geometry": {
        "type": "Point",
        "coordinates": [
          112.1716113,
          -8.0991866
        ]
      },
      "properties": {
        "id": "osm:node:3017332753",
        "name": "PLN Rayon Blitar",
        "category": "Layanan Pemerintahan",
        "osm_id": 3017332753,
        "osm_type": "node",
        "metadata": {
          "addr:city": "Blitar",
          "addr:housenumber": "23",
          "addr:street": "Jalan Ahmad Yani",
          "name": "PLN Rayon Blitar",
          "office": "energy_supplier",
          "opening_hours": "24/7",
          "phone": "+62342801690",
          "website": "https://www.pln.co.id"
        }
      }
    },
    {
      "type": "Feature",
      "geometry": {
        "type": "Point",
        "coordinates": [
          112.1688057,
          -8.1020345
        ]
      },
      "properties": {
        "id": "osm:node:3017334528",
        "name": "Sinar Makmur II",
        "category": "Supermarket",
        "osm_id": 3017334528,
        "osm_type": "node",
        "metadata": {
          "addr:city": "Blitar",
          "addr:street": "Jalan TGP",
          "name": "Sinar Makmur II",
          "shop": "supermarket"
        }
      }
    },
    {
      "type": "Feature",
      "geometry": {
        "type": "Point",
        "coordinates": [
          112.1671156,
          -8.1015961
        ]
      },
      "properties": {
        "id": "osm:node:3017334529",
        "name": "Sinar Makmur I",
        "category": "Supermarket",
        "osm_id": 3017334529,
        "osm_type": "node",
        "metadata": {
          "addr:city": "Blitar",
          "addr:street": "Jalan Mastrip",
          "name": "Sinar Makmur I",
          "shop": "supermarket"
        }
      }
    },
    {
      "type": "Feature",
      "geometry": {
        "type": "Point",
        "coordinates": [
          112.1181227,
          -8.0405025
        ]
      },
      "properties": {
        "id": "osm:node:3017380118",
        "name": "KANTOR DETASEMEN TNI-AU",
        "category": "Layanan Pemerintahan",
        "osm_id": 3017380118,
        "osm_type": "node",
        "metadata": {
          "name": "KANTOR DETASEMEN TNI-AU",
          "office": "government"
        }
      }
    },
    {
      "type": "Feature",
      "geometry": {
        "type": "Point",
        "coordinates": [
          112.0874071,
          -8.0315151
        ]
      },
      "properties": {
        "id": "osm:node:3017384577",
        "name": "Pasar Kebonduren",
        "category": "Pasar Tradisional",
        "osm_id": 3017384577,
        "osm_type": "node",
        "metadata": {
          "amenity": "marketplace",
          "name": "Pasar Kebonduren"
        }
      }
    },
    {
      "type": "Feature",
      "geometry": {
        "type": "Point",
        "coordinates": [
          111.9430402,
          -7.9145414
        ]
      },
      "properties": {
        "id": "osm:node:3220346473",
        "name": "Masjid PP Al Ma'ruf",
        "category": "Masjid & Mushola",
        "osm_id": 3220346473,
        "osm_type": "node",
        "metadata": {
          "addr:street": "Juranguluh Kedawung Mojo Kediri",
          "amenity": "place_of_worship",
          "building": "mosque",
          "name": "Masjid PP Al Ma'ruf",
          "religion": "muslim"
        }
      }
    },
    {
      "type": "Feature",
      "geometry": {
        "type": "Point",
        "coordinates": [
          112.1837636,
          -8.0934763
        ]
      },
      "properties": {
        "id": "osm:node:3632353759",
        "name": "Galipat-Mbahman-Bendil",
        "category": "Masjid & Mushola",
        "osm_id": 3632353759,
        "osm_type": "node",
        "metadata": {
          "amenity": "place_of_worship",
          "name": "Galipat-Mbahman-Bendil",
          "religion": "muslim"
        }
      }
    },
    {
      "type": "Feature",
      "geometry": {
        "type": "Point",
        "coordinates": [
          112.1851932,
          -8.0949554
        ]
      },
      "properties": {
        "id": "osm:node:3632354993",
        "name": "Galipat-Mbahman-Bendil 2",
        "category": "Masjid & Mushola",
        "osm_id": 3632354993,
        "osm_type": "node",
        "metadata": {
          "amenity": "place_of_worship",
          "name": "Galipat-Mbahman-Bendil 2",
          "religion": "muslim"
        }
      }
    },
    {
      "type": "Feature",
      "geometry": {
        "type": "Point",
        "coordinates": [
          112.1785575,
          -8.0828887
        ]
      },
      "properties": {
        "id": "osm:node:3632355136",
        "name": "Galipat-Mbahman-Blitar Kota",
        "category": "Masjid & Mushola",
        "osm_id": 3632355136,
        "osm_type": "node",
        "metadata": {
          "amenity": "place_of_worship",
          "name": "Galipat-Mbahman-Blitar Kota",
          "religion": "muslim"
        }
      }
    },
    {
      "type": "Feature",
      "geometry": {
        "type": "Point",
        "coordinates": [
          112.0996953,
          -8.0367146
        ]
      },
      "properties": {
        "id": "osm:node:3632358873",
        "name": "Galipat-Mbahman-Ponggok",
        "category": "Masjid & Mushola",
        "osm_id": 3632358873,
        "osm_type": "node",
        "metadata": {
          "amenity": "place_of_worship",
          "name": "Galipat-Mbahman-Ponggok",
          "religion": "muslim"
        }
      }
    },
    {
      "type": "Feature",
      "geometry": {
        "type": "Point",
        "coordinates": [
          112.1817209,
          -8.1527865
        ]
      },
      "properties": {
        "id": "osm:node:3632360119",
        "name": "Galipat-Mbahman-Darungan",
        "category": "Masjid & Mushola",
        "osm_id": 3632360119,
        "osm_type": "node",
        "metadata": {
          "amenity": "place_of_worship",
          "name": "Galipat-Mbahman-Darungan",
          "religion": "muslim"
        }
      }
    },
    {
      "type": "Feature",
      "geometry": {
        "type": "Point",
        "coordinates": [
          112.0756222,
          -8.0714067
        ]
      },
      "properties": {
        "id": "osm:node:3632371260",
        "name": "Galipat-Mbahman-Dandong",
        "category": "Masjid & Mushola",
        "osm_id": 3632371260,
        "osm_type": "node",
        "metadata": {
          "amenity": "place_of_worship",
          "name": "Galipat-Mbahman-Dandong",
          "religion": "muslim"
        }
      }
    },
    {
      "type": "Feature",
      "geometry": {
        "type": "Point",
        "coordinates": [
          112.174787,
          -8.0999666
        ]
      },
      "properties": {
        "id": "osm:node:3712932535",
        "name": "haymart",
        "category": "Supermarket",
        "osm_id": 3712932535,
        "osm_type": "node",
        "metadata": {
          "addr:street": "Jalan Jenderal Achmad Yani",
          "name": "haymart",
          "shop": "supermarket"
        }
      }
    },
    {
      "type": "Feature",
      "geometry": {
        "type": "Point",
        "coordinates": [
          112.1748989,
          -8.0999705
        ]
      },
      "properties": {
        "id": "osm:node:3712933124",
        "name": "haymart baby shop",
        "category": "Supermarket",
        "osm_id": 3712933124,
        "osm_type": "node",
        "metadata": {
          "addr:street": "Jalan Jenderal Achmad Yani",
          "name": "haymart baby shop",
          "shop": "supermarket"
        }
      }
    },
    {
      "type": "Feature",
      "geometry": {
        "type": "Point",
        "coordinates": [
          112.1743625,
          -8.0995562
        ]
      },
      "properties": {
        "id": "osm:node:3712933525",
        "name": "Patung Bung Karno",
        "category": "Lainnya",
        "osm_id": 3712933525,
        "osm_type": "node",
        "metadata": {
          "addr:street": "persimpangan pantikarya",
          "artwork_type": "statue",
          "material": "concrete",
          "name": "Patung Bung Karno",
          "tourism": "artwork"
        }
      }
    },
    {
      "type": "Feature",
      "geometry": {
        "type": "Point",
        "coordinates": [
          112.179375,
          -8.100515
        ]
      },
      "properties": {
        "id": "osm:node:3712938284",
        "name": "Dinas Pendidikan Kota Blitar",
        "category": "Layanan Pemerintahan",
        "osm_id": 3712938284,
        "osm_type": "node",
        "metadata": {
          "addr:city": "Blitar",
          "addr:district": "Sananwetan",
          "addr:housenumber": "100",
          "addr:postcode": "66184",
          "addr:province": "Jawa Timur",
          "addr:street": "Jalan Ahmad Yani",
          "addr:subdistrict": "Sananwetan",
          "air_conditioning": "yes",
          "baby_feeding": "room",
          "government": "public_service",
          "internet_access": "yes",
          "internet_access:fee": "no",
          "name": "Dinas Pendidikan Kota Blitar",
          "office": "government",
          "smoking": "separated",
          "wheelchair": "yes"
        }
      }
    },
    {
      "type": "Feature",
      "geometry": {
        "type": "Point",
        "coordinates": [
          112.1713516,
          -8.0862913
        ]
      },
      "properties": {
        "id": "osm:node:3712938779",
        "name": "Lesehan d'Dadoz",
        "category": "Restoran",
        "osm_id": 3712938779,
        "osm_type": "node",
        "metadata": {
          "amenity": "restaurant",
          "cuisine": "regional",
          "name": "Lesehan d'Dadoz"
        }
      }
    },
    {
      "type": "Feature",
      "geometry": {
        "type": "Point",
        "coordinates": [
          112.1825874,
          -8.0976144
        ]
      },
      "properties": {
        "id": "osm:node:3712940042",
        "name": "Garuda Oli",
        "category": "Toko Retail (Umum)",
        "osm_id": 3712940042,
        "osm_type": "node",
        "metadata": {
          "name": "Garuda Oli",
          "shop": "car_repair"
        }
      }
    },
    {
      "type": "Feature",
      "geometry": {
        "type": "Point",
        "coordinates": [
          112.1822119,
          -8.1009284
        ]
      },
      "properties": {
        "id": "osm:node:3712940307",
        "name": "Ayam Bakar Bu mamik",
        "category": "Restoran",
        "osm_id": 3712940307,
        "osm_type": "node",
        "metadata": {
          "amenity": "restaurant",
          "name": "Ayam Bakar Bu mamik"
        }
      }
    },
    {
      "type": "Feature",
      "geometry": {
        "type": "Point",
        "coordinates": [
          112.1809459,
          -8.1022986
        ]
      },
      "properties": {
        "id": "osm:node:3712941475",
        "name": "Lapangan SMAN 1 Blitar",
        "category": "Sekolah Menengah Atas (SMA/SMK/MA)",
        "osm_id": 3712941475,
        "osm_type": "node",
        "metadata": {
          "leisure": "sports_centre",
          "name": "Lapangan SMAN 1 Blitar"
        }
      }
    },
    {
      "type": "Feature",
      "geometry": {
        "type": "Point",
        "coordinates": [
          112.1821797,
          -8.1020596
        ]
      },
      "properties": {
        "id": "osm:node:3712942063",
        "name": "winner gym",
        "category": "Fasilitas Olahraga",
        "osm_id": 3712942063,
        "osm_type": "node",
        "metadata": {
          "leisure": "sports_centre",
          "name": "winner gym"
        }
      }
    },
    {
      "type": "Feature",
      "geometry": {
        "type": "Point",
        "coordinates": [
          112.180683,
          -8.104561
        ]
      },
      "properties": {
        "id": "osm:node:3712942707",
        "name": "Ruko Niaga",
        "category": "Supermarket",
        "osm_id": 3712942707,
        "osm_type": "node",
        "metadata": {
          "name": "Ruko Niaga",
          "shop": "supermarket"
        }
      }
    },
    {
      "type": "Feature",
      "geometry": {
        "type": "Point",
        "coordinates": [
          112.1801948,
          -8.1070305
        ]
      },
      "properties": {
        "id": "osm:node:3712942826",
        "name": "ruko Jl.Kalimantan 2",
        "category": "Supermarket",
        "osm_id": 3712942826,
        "osm_type": "node",
        "metadata": {
          "name": "ruko Jl.Kalimantan 2",
          "shop": "supermarket"
        }
      }
    },
    {
      "type": "Feature",
      "geometry": {
        "type": "Point",
        "coordinates": [
          112.1806186,
          -8.1061596
        ]
      },
      "properties": {
        "id": "osm:node:3712956991",
        "name": "Ruko Jl.Kalimantan 1",
        "category": "Supermarket",
        "osm_id": 3712956991,
        "osm_type": "node",
        "metadata": {
          "name": "Ruko Jl.Kalimantan 1",
          "shop": "supermarket"
        }
      }
    },
    {
      "type": "Feature",
      "geometry": {
        "type": "Point",
        "coordinates": [
          112.1805435,
          -8.1065791
        ]
      },
      "properties": {
        "id": "osm:node:3712957364",
        "name": "Unit Pemadam Kebakaran Kota Blitar",
        "category": "Lainnya",
        "osm_id": 3712957364,
        "osm_type": "node",
        "metadata": {
          "amenity": "fire_station",
          "name": "Unit Pemadam Kebakaran Kota Blitar",
          "operator": "Pemerintah Kota Blitar",
          "smoking": "outside",
          "wheelchair": "no"
        }
      }
    },
    {
      "type": "Feature",
      "geometry": {
        "type": "Point",
        "coordinates": [
          112.1647291,
          -8.1117106
        ]
      },
      "properties": {
        "id": "osm:node:3712960815",
        "name": "Lapangan Jl.Kenari Kota Blitar",
        "category": "Fasilitas Olahraga",
        "osm_id": 3712960815,
        "osm_type": "node",
        "metadata": {
          "leisure": "sports_centre",
          "name": "Lapangan Jl.Kenari Kota Blitar"
        }
      }
    },
    {
      "type": "Feature",
      "geometry": {
        "type": "Point",
        "coordinates": [
          112.1668397,
          -8.1092582
        ]
      },
      "properties": {
        "id": "osm:node:3712961927",
        "name": "Alun-Alun Contong Kota Blitar",
        "category": "Taman Kota / Terbuka",
        "osm_id": 3712961927,
        "osm_type": "node",
        "metadata": {
          "historic": "monument",
          "name": "Alun-Alun Contong Kota Blitar"
        }
      }
    },
    {
      "type": "Feature",
      "geometry": {
        "type": "Point",
        "coordinates": [
          112.1644686,
          -8.1139211
        ]
      },
      "properties": {
        "id": "osm:node:3712962256",
        "name": "SPBU Pertamina 54.661.08 Jl.Kenari",
        "category": "SPBU / Stasiun Pengisian Bahan Bakar",
        "osm_id": 3712962256,
        "osm_type": "node",
        "metadata": {
          "addr:city": "Kota Blitar",
          "addr:postcode": "66134",
          "addr:street": "Jl. Kenari No.9, Plosokerep, Kec. Sananwetan, Kota Blitar, Jawa Timur 66134",
          "amenity": "fuel",
          "brand": "Pertamina",
          "fuel:biodiesel": "yes",
          "fuel:octane_90": "yes",
          "fuel:octane_92": "yes",
          "name": "SPBU Pertamina 54.661.08 Jl.Kenari",
          "self_service": "no"
        }
      }
    },
    {
      "type": "Feature",
      "geometry": {
        "type": "Point",
        "coordinates": [
          112.1568479,
          -8.1256637
        ]
      },
      "properties": {
        "id": "osm:node:3712974632",
        "name": "Kantor Pajak",
        "category": "Layanan Pemerintahan",
        "osm_id": 3712974632,
        "osm_type": "node",
        "metadata": {
          "name": "Kantor Pajak",
          "office": "yes"
        }
      }
    },
    {
      "type": "Feature",
      "geometry": {
        "type": "Point",
        "coordinates": [
          112.1596105,
          -8.1226871
        ]
      },
      "properties": {
        "id": "osm:node:3714404310",
        "name": "agen Resmi Bus Malam Pahala Kencana cab.Blitar",
        "category": "Toko Retail (Umum)",
        "osm_id": 3714404310,
        "osm_type": "node",
        "metadata": {
          "name": "agen Resmi Bus Malam Pahala Kencana cab.Blitar",
          "shop": "travel_agency"
        }
      }
    },
    {
      "type": "Feature",
      "geometry": {
        "type": "Point",
        "coordinates": [
          112.1542247,
          -8.115839
        ]
      },
      "properties": {
        "id": "osm:node:3714423794",
        "name": "Graha Bangunan",
        "category": "Toko Bangunan",
        "osm_id": 3714423794,
        "osm_type": "node",
        "metadata": {
          "name": "Graha Bangunan",
          "shop": "doityourself"
        }
      }
    },
    {
      "type": "Feature",
      "geometry": {
        "type": "Point",
        "coordinates": [
          112.1550132,
          -8.1156372
        ]
      },
      "properties": {
        "id": "osm:node:3714426717",
        "name": "Mataram Sakti Motor",
        "category": "Toko Retail (Umum)",
        "osm_id": 3714426717,
        "osm_type": "node",
        "metadata": {
          "brand": "Yamaha",
          "brand:wikidata": "Q158888",
          "name": "Mataram Sakti Motor",
          "operator": "Yamaha",
          "shop": "motorcycle"
        }
      }
    },
    {
      "type": "Feature",
      "geometry": {
        "type": "Point",
        "coordinates": [
          112.1544553,
          -8.116402
        ]
      },
      "properties": {
        "id": "osm:node:3714428802",
        "name": "Bengkel Mobil Kenedy",
        "category": "Toko Retail (Umum)",
        "osm_id": 3714428802,
        "osm_type": "node",
        "metadata": {
          "name": "Bengkel Mobil Kenedy",
          "shop": "car_repair"
        }
      }
    },
    {
      "type": "Feature",
      "geometry": {
        "type": "Point",
        "coordinates": [
          112.1492465,
          -8.1002598
        ]
      },
      "properties": {
        "id": "osm:node:3716837499",
        "name": "Sumber Jaya Oli",
        "category": "Toko Retail (Umum)",
        "osm_id": 3716837499,
        "osm_type": "node",
        "metadata": {
          "name": "Sumber Jaya Oli",
          "shop": "car_repair"
        }
      }
    },
    {
      "type": "Feature",
      "geometry": {
        "type": "Point",
        "coordinates": [
          112.1491177,
          -8.1001005
        ]
      },
      "properties": {
        "id": "osm:node:3716843064",
        "name": "Cuci Mobil Sumber Jaya",
        "category": "Bengkel & Otomotif",
        "osm_id": 3716843064,
        "osm_type": "node",
        "metadata": {
          "amenity": "car_wash",
          "name": "Cuci Mobil Sumber Jaya"
        }
      }
    },
    {
      "type": "Feature",
      "geometry": {
        "type": "Point",
        "coordinates": [
          112.163076,
          -8.104166
        ]
      },
      "properties": {
        "id": "osm:node:3725603343",
        "name": "Makam Patih Djojodigdo",
        "category": "Pemakaman",
        "osm_id": 3725603343,
        "osm_type": "node",
        "metadata": {
          "amenity": "grave_yard",
          "name": "Makam Patih Djojodigdo"
        }
      }
    },
    {
      "type": "Feature",
      "geometry": {
        "type": "Point",
        "coordinates": [
          112.1572341,
          -8.1024293
        ]
      },
      "properties": {
        "id": "osm:node:3725607633",
        "name": "Central Variasi Mobil",
        "category": "Toko Retail (Umum)",
        "osm_id": 3725607633,
        "osm_type": "node",
        "metadata": {
          "name": "Central Variasi Mobil",
          "shop": "car_repair"
        }
      }
    },
    {
      "type": "Feature",
      "geometry": {
        "type": "Point",
        "coordinates": [
          112.1560539,
          -8.1019248
        ]
      },
      "properties": {
        "id": "osm:node:3725607635",
        "name": "Dokter Umum Sonny",
        "category": "Klinik & Puskesmas",
        "osm_id": 3725607635,
        "osm_type": "node",
        "metadata": {
          "amenity": "doctors",
          "healthcare": "doctor",
          "name": "Dokter Umum Sonny"
        }
      }
    },
    {
      "type": "Feature",
      "geometry": {
        "type": "Point",
        "coordinates": [
          112.0150494,
          -8.1016835
        ]
      },
      "properties": {
        "id": "osm:node:3840338774",
        "name": "Pasar Sapi Ngunut",
        "category": "Supermarket",
        "osm_id": 3840338774,
        "osm_type": "node",
        "metadata": {
          "name": "Pasar Sapi Ngunut",
          "shop": "supermarket"
        }
      }
    },
    {
      "type": "Feature",
      "geometry": {
        "type": "Point",
        "coordinates": [
          112.1014586,
          -8.0442886
        ]
      },
      "properties": {
        "id": "osm:node:3840351487",
        "name": "Kantor Kecamatan Ponggok",
        "category": "Layanan Pemerintahan",
        "osm_id": 3840351487,
        "osm_type": "node",
        "metadata": {
          "name": "Kantor Kecamatan Ponggok",
          "office": "government"
        }
      }
    },
    {
      "type": "Feature",
      "geometry": {
        "type": "Point",
        "coordinates": [
          112.1043587,
          -8.0390449
        ]
      },
      "properties": {
        "id": "osm:node:3840352421",
        "name": "Indomaret Ponggok",
        "category": "Minimarket",
        "osm_id": 3840352421,
        "osm_type": "node",
        "metadata": {
          "name": "Indomaret Ponggok",
          "shop": "supermarket"
        }
      }
    },
    {
      "type": "Feature",
      "geometry": {
        "type": "Point",
        "coordinates": [
          112.1009192,
          -8.0475647
        ]
      },
      "properties": {
        "id": "osm:node:3840353656",
        "name": "Pasar pojok Baru",
        "category": "Pasar Tradisional",
        "osm_id": 3840353656,
        "osm_type": "node",
        "metadata": {
          "amenity": "marketplace",
          "name": "Pasar pojok Baru"
        }
      }
    },
    {
      "type": "Feature",
      "geometry": {
        "type": "Point",
        "coordinates": [
          112.1017878,
          -8.0422124
        ]
      },
      "properties": {
        "id": "osm:node:3840354190",
        "name": "Alfamart",
        "category": "Minimarket",
        "osm_id": 3840354190,
        "osm_type": "node",
        "metadata": {
          "brand": "Alfamart",
          "brand:wikidata": "Q23745600",
          "name": "Alfamart",
          "operator": "PT Sumber Alfaria Trijaya,Tbk",
          "shop": "convenience",
          "toilets": "yes",
          "toilets:access": "permissive",
          "toilets:unisex": "yes",
          "website": "https://alfamart.co.id"
        }
      }
    },
    {
      "type": "Feature",
      "geometry": {
        "type": "Point",
        "coordinates": [
          112.0980777,
          -8.0651346
        ]
      },
      "properties": {
        "id": "osm:node:3840357612",
        "name": "Tahu Lontong Mbok Rondho",
        "category": "Kafe & Kedai Kopi",
        "osm_id": 3840357612,
        "osm_type": "node",
        "metadata": {
          "amenity": "cafe",
          "name": "Tahu Lontong Mbok Rondho"
        }
      }
    },
    {
      "type": "Feature",
      "geometry": {
        "type": "Point",
        "coordinates": [
          112.0919958,
          -8.0653078
        ]
      },
      "properties": {
        "id": "osm:node:3840361917",
        "name": "SMAN 1 Srengat",
        "category": "Sekolah Menengah Atas (SMA/SMK/MA)",
        "osm_id": 3840361917,
        "osm_type": "node",
        "metadata": {
          "amenity": "school",
          "grades": "10-12",
          "isced:level": "3",
          "name": "SMAN 1 Srengat"
        }
      }
    },
    {
      "type": "Feature",
      "geometry": {
        "type": "Point",
        "coordinates": [
          112.0809133,
          -8.0652101
        ]
      },
      "properties": {
        "id": "osm:node:3840361918",
        "name": "Dinas Perhubungan Srengat",
        "category": "Layanan Pemerintahan",
        "osm_id": 3840361918,
        "osm_type": "node",
        "metadata": {
          "name": "Dinas Perhubungan Srengat",
          "office": "government"
        }
      }
    },
    {
      "type": "Feature",
      "geometry": {
        "type": "Point",
        "coordinates": [
          112.0949093,
          -8.0652087
        ]
      },
      "properties": {
        "id": "osm:node:3840368130",
        "name": "SPBU Pertamina 54.661.01 Poluan",
        "category": "SPBU / Stasiun Pengisian Bahan Bakar",
        "osm_id": 3840368130,
        "osm_type": "node",
        "metadata": {
          "addr:city": "Kabupaten Blitar",
          "addr:postcode": "66153",
          "addr:street": "Krajan, Bagelenan, Kec. Srengat, Kabupaten Blitar, Jawa Timur 66153",
          "amenity": "fuel",
          "brand": "Pertamina",
          "fuel:biodiesel": "yes",
          "fuel:diesel": "yes",
          "fuel:octane_90": "yes",
          "fuel:octane_92": "yes",
          "name": "SPBU Pertamina 54.661.01 Poluan"
        }
      }
    },
    {
      "type": "Feature",
      "geometry": {
        "type": "Point",
        "coordinates": [
          112.0785442,
          -8.0651005
        ]
      },
      "properties": {
        "id": "osm:node:3840370539",
        "name": "Mustika Mini market",
        "category": "Minimarket",
        "osm_id": 3840370539,
        "osm_type": "node",
        "metadata": {
          "name": "Mustika Mini market",
          "shop": "convenience"
        }
      }
    },
    {
      "type": "Feature",
      "geometry": {
        "type": "Point",
        "coordinates": [
          112.0783206,
          -8.0651287
        ]
      },
      "properties": {
        "id": "osm:node:3840370540",
        "name": "Bakso Pak Kirun",
        "category": "Cepat Saji",
        "osm_id": 3840370540,
        "osm_type": "node",
        "metadata": {
          "amenity": "fast_food",
          "name": "Bakso Pak Kirun"
        }
      }
    },
    {
      "type": "Feature",
      "geometry": {
        "type": "Point",
        "coordinates": [
          112.0778998,
          -8.0652515
        ]
      },
      "properties": {
        "id": "osm:node:3840370541",
        "name": "Tahu Thek Pak Karlin",
        "category": "Cepat Saji",
        "osm_id": 3840370541,
        "osm_type": "node",
        "metadata": {
          "amenity": "fast_food",
          "name": "Tahu Thek Pak Karlin"
        }
      }
    },
    {
      "type": "Feature",
      "geometry": {
        "type": "Point",
        "coordinates": [
          112.0777575,
          -8.0652957
        ]
      },
      "properties": {
        "id": "osm:node:3840370542",
        "name": "Nasi Pecel Mbah Yan",
        "category": "Cepat Saji",
        "osm_id": 3840370542,
        "osm_type": "node",
        "metadata": {
          "amenity": "fast_food",
          "name": "Nasi Pecel Mbah Yan"
        }
      }
    },
    {
      "type": "Feature",
      "geometry": {
        "type": "Point",
        "coordinates": [
          112.0772087,
          -8.0649456
        ]
      },
      "properties": {
        "id": "osm:node:3840370543",
        "name": "Alfamart",
        "category": "Minimarket",
        "osm_id": 3840370543,
        "osm_type": "node",
        "metadata": {
          "brand": "Alfamart",
          "brand:wikidata": "Q23745600",
          "name": "Alfamart",
          "operator": "PT Sumber Alfaria Trijaya,Tbk",
          "shop": "convenience",
          "toilets": "yes",
          "toilets:access": "permissive",
          "toilets:unisex": "yes",
          "website": "https://alfamart.co.id"
        }
      }
    },
    {
      "type": "Feature",
      "geometry": {
        "type": "Point",
        "coordinates": [
          112.0742531,
          -8.0645672
        ]
      },
      "properties": {
        "id": "osm:node:3840370544",
        "name": "Apotek Srengat",
        "category": "Apotek",
        "osm_id": 3840370544,
        "osm_type": "node",
        "metadata": {
          "amenity": "pharmacy",
          "name": "Apotek Srengat"
        }
      }
    },
    {
      "type": "Feature",
      "geometry": {
        "type": "Point",
        "coordinates": [
          112.0736189,
          -8.0644947
        ]
      },
      "properties": {
        "id": "osm:node:3840370547",
        "name": "Amanah Minimarket",
        "category": "Minimarket",
        "osm_id": 3840370547,
        "osm_type": "node",
        "metadata": {
          "name": "Amanah Minimarket",
          "shop": "convenience"
        }
      }
    },
    {
      "type": "Feature",
      "geometry": {
        "type": "Point",
        "coordinates": [
          112.0719602,
          -8.0640197
        ]
      },
      "properties": {
        "id": "osm:node:3840370548",
        "name": "Quick Chicken",
        "category": "Cepat Saji",
        "osm_id": 3840370548,
        "osm_type": "node",
        "metadata": {
          "amenity": "fast_food",
          "name": "Quick Chicken"
        }
      }
    },
    {
      "type": "Feature",
      "geometry": {
        "type": "Point",
        "coordinates": [
          112.0718199,
          -8.0639855
        ]
      },
      "properties": {
        "id": "osm:node:3840370549",
        "name": "BCA Unit Srengat",
        "category": "Bank & Finansial",
        "osm_id": 3840370549,
        "osm_type": "node",
        "metadata": {
          "amenity": "bank",
          "name": "BCA Unit Srengat"
        }
      }
    },
    {
      "type": "Feature",
      "geometry": {
        "type": "Point",
        "coordinates": [
          112.0705436,
          -8.0633899
        ]
      },
      "properties": {
        "id": "osm:node:3840370550",
        "name": "Pasar Sore Srengat",
        "category": "Pasar Tradisional",
        "osm_id": 3840370550,
        "osm_type": "node",
        "metadata": {
          "amenity": "marketplace",
          "name": "Pasar Sore Srengat"
        }
      }
    },
    {
      "type": "Feature",
      "geometry": {
        "type": "Point",
        "coordinates": [
          112.06988,
          -8.0631919
        ]
      },
      "properties": {
        "id": "osm:node:3840370551",
        "name": "Pegadaian Srengat",
        "category": "Toko Retail (Umum)",
        "osm_id": 3840370551,
        "osm_type": "node",
        "metadata": {
          "name": "Pegadaian Srengat",
          "shop": "pawnbroker"
        }
      }
    },
    {
      "type": "Feature",
      "geometry": {
        "type": "Point",
        "coordinates": [
          112.069818,
          -8.0633198
        ]
      },
      "properties": {
        "id": "osm:node:3840370552",
        "name": "Bakso Kikil Srengat",
        "category": "Cepat Saji",
        "osm_id": 3840370552,
        "osm_type": "node",
        "metadata": {
          "amenity": "fast_food",
          "name": "Bakso Kikil Srengat"
        }
      }
    },
    {
      "type": "Feature",
      "geometry": {
        "type": "Point",
        "coordinates": [
          112.0700923,
          -8.0633899
        ]
      },
      "properties": {
        "id": "osm:node:3840370553",
        "name": "Soto Gentong",
        "category": "Cepat Saji",
        "osm_id": 3840370553,
        "osm_type": "node",
        "metadata": {
          "amenity": "fast_food",
          "name": "Soto Gentong"
        }
      }
    },
    {
      "type": "Feature",
      "geometry": {
        "type": "Point",
        "coordinates": [
          112.0720383,
          -8.0630659
        ]
      },
      "properties": {
        "id": "osm:node:3840370554",
        "name": "Es Degan",
        "category": "Kafe & Kedai Kopi",
        "osm_id": 3840370554,
        "osm_type": "node",
        "metadata": {
          "amenity": "cafe",
          "name": "Es Degan"
        }
      }
    },
    {
      "type": "Feature",
      "geometry": {
        "type": "Point",
        "coordinates": [
          112.0152986,
          -8.0984765
        ]
      },
      "properties": {
        "id": "osm:node:3840436518",
        "name": "Kawasan Wajib Kondom",
        "category": "Toko Retail (Umum)",
        "osm_id": 3840436518,
        "osm_type": "node",
        "metadata": {
          "name": "Kawasan Wajib Kondom",
          "shop": "erotic"
        }
      }
    },
    {
      "type": "Feature",
      "geometry": {
        "type": "Point",
        "coordinates": [
          112.0548174,
          -8.0596884
        ]
      },
      "properties": {
        "id": "osm:node:3840437407",
        "name": "Pos Polisi Togogan",
        "category": "Layanan Pemerintahan",
        "osm_id": 3840437407,
        "osm_type": "node",
        "metadata": {
          "amenity": "police",
          "name": "Pos Polisi Togogan"
        }
      }
    },
    {
      "type": "Feature",
      "geometry": {
        "type": "Point",
        "coordinates": [
          112.1494737,
          -8.102055
        ]
      },
      "properties": {
        "id": "osm:node:3840446666",
        "name": "Faul Laundry",
        "category": "Toko Retail (Umum)",
        "osm_id": 3840446666,
        "osm_type": "node",
        "metadata": {
          "name": "Faul Laundry",
          "shop": "dry_cleaning"
        }
      }
    },
    {
      "type": "Feature",
      "geometry": {
        "type": "Point",
        "coordinates": [
          112.1739266,
          -8.0976079
        ]
      },
      "properties": {
        "id": "osm:node:3840455207",
        "name": "Pusat Oleh-Oleh Bu Prajitno",
        "category": "Toko Retail (Umum)",
        "osm_id": 3840455207,
        "osm_type": "node",
        "metadata": {
          "addr:city": "Blitar",
          "name": "Pusat Oleh-Oleh Bu Prajitno",
          "shop": "gift"
        }
      }
    },
    {
      "type": "Feature",
      "geometry": {
        "type": "Point",
        "coordinates": [
          112.1711504,
          -8.0958245
        ]
      },
      "properties": {
        "id": "osm:node:3840455208",
        "name": "BRI",
        "category": "Bank & Finansial",
        "osm_id": 3840455208,
        "osm_type": "node",
        "metadata": {
          "air_conditioning": "yes",
          "amenity": "bank",
          "atm": "yes",
          "branch": "Unit Kartini",
          "brand": "BRI",
          "brand:wikidata": "Q623042",
          "currency:IDR": "yes",
          "drive_through": "no",
          "name": "BRI",
          "official_name": "Bank Rakyat Indonesia",
          "wheelchair": "limited"
        }
      }
    },
    {
      "type": "Feature",
      "geometry": {
        "type": "Point",
        "coordinates": [
          112.154093,
          -8.1018349
        ]
      },
      "properties": {
        "id": "osm:node:3840459537",
        "name": "ATM BRI",
        "category": "ATM / Mesin Tunai",
        "osm_id": 3840459537,
        "osm_type": "node",
        "metadata": {
          "amenity": "atm",
          "name": "ATM BRI"
        }
      }
    },
    {
      "type": "Feature",
      "geometry": {
        "type": "Point",
        "coordinates": [
          112.1550841,
          -8.1020139
        ]
      },
      "properties": {
        "id": "osm:node:3840459538",
        "name": "Apotik Wijaya",
        "category": "Apotek",
        "osm_id": 3840459538,
        "osm_type": "node",
        "metadata": {
          "amenity": "pharmacy",
          "healthcare": "pharmacy",
          "name": "Apotik Wijaya"
        }
      }
    },
    {
      "type": "Feature",
      "geometry": {
        "type": "Point",
        "coordinates": [
          112.1527363,
          -8.1018336
        ]
      },
      "properties": {
        "id": "osm:node:3840459539",
        "name": "Apotik Punden Sehat",
        "category": "Apotek",
        "osm_id": 3840459539,
        "osm_type": "node",
        "metadata": {
          "amenity": "pharmacy",
          "name": "Apotik Punden Sehat"
        }
      }
    },
    {
      "type": "Feature",
      "geometry": {
        "type": "Point",
        "coordinates": [
          112.1729179,
          -8.0998719
        ]
      },
      "properties": {
        "id": "osm:node:3840459541",
        "name": "Pasar Kuliner",
        "category": "Food Court",
        "osm_id": 3840459541,
        "osm_type": "node",
        "metadata": {
          "addr:city": "Blitar",
          "amenity": "food_court",
          "diet:halal": "yes",
          "internet_access": "wlan",
          "internet_access:fee": "customers",
          "name": "Pasar Kuliner",
          "outdoor_seating": "no",
          "payment:cash": "yes",
          "smoking": "yes",
          "wheelchair": "yes"
        }
      }
    },
    {
      "type": "Feature",
      "geometry": {
        "type": "Point",
        "coordinates": [
          112.1679563,
          -8.0926029
        ]
      },
      "properties": {
        "id": "osm:node:3840465619",
        "name": "Taman Bermain Pindahan Alun-Alun",
        "category": "Taman Kota / Terbuka",
        "osm_id": 3840465619,
        "osm_type": "node",
        "metadata": {
          "name": "Taman Bermain Pindahan Alun-Alun",
          "tourism": "theme_park"
        }
      }
    },
    {
      "type": "Feature",
      "geometry": {
        "type": "Point",
        "coordinates": [
          112.1647171,
          -8.0940668
        ]
      },
      "properties": {
        "id": "osm:node:3840465620",
        "name": "PT. Credo Indo Elektra",
        "category": "Perkantoran Komersial",
        "osm_id": 3840465620,
        "osm_type": "node",
        "metadata": {
          "name": "PT. Credo Indo Elektra",
          "office": "company"
        }
      }
    },
    {
      "type": "Feature",
      "geometry": {
        "type": "Point",
        "coordinates": [
          112.1676304,
          -8.0977016
        ]
      },
      "properties": {
        "id": "osm:node:3840520459",
        "name": "Soto Bok Ireng",
        "category": "Restoran",
        "osm_id": 3840520459,
        "osm_type": "node",
        "metadata": {
          "air_conditioning": "no",
          "amenity": "restaurant",
          "bar": "no",
          "cuisine": "indonesian",
          "delivery": "no",
          "diet:halal": "yes",
          "name": "Soto Bok Ireng",
          "not:name": "Soto Mbok Ireng;Soto Buk Ireng",
          "outdoor_seating": "yes",
          "payment:cash": "yes",
          "reservation": "no",
          "smoking": "yes",
          "takeaway": "no",
          "toilets": "no",
          "wheelchair": "no"
        }
      }
    },
    {
      "type": "Feature",
      "geometry": {
        "type": "Point",
        "coordinates": [
          112.1713458,
          -8.0988625
        ]
      },
      "properties": {
        "id": "osm:node:3840520461",
        "name": "Soto Kudus",
        "category": "Restoran",
        "osm_id": 3840520461,
        "osm_type": "node",
        "metadata": {
          "air_conditioning": "no",
          "amenity": "restaurant",
          "cuisine": "indonesian",
          "diet:halal": "yes",
          "name": "Soto Kudus",
          "outdoor_seating": "yes",
          "payment:cash": "yes"
        }
      }
    },
    {
      "type": "Feature",
      "geometry": {
        "type": "Point",
        "coordinates": [
          112.1710775,
          -8.0990356
        ]
      },
      "properties": {
        "id": "osm:node:3840520462",
        "name": "DPRD Kota Blitar",
        "category": "Layanan Pemerintahan",
        "osm_id": 3840520462,
        "osm_type": "node",
        "metadata": {
          "addr:city": "Blitar",
          "government": "legislative",
          "name": "DPRD Kota Blitar",
          "office": "government"
        }
      }
    },
    {
      "type": "Feature",
      "geometry": {
        "type": "Point",
        "coordinates": [
          112.170244,
          -8.0990812
        ]
      },
      "properties": {
        "id": "osm:node:3840520463",
        "name": "CV.Alvina Indah Motor",
        "category": "Toko Retail (Umum)",
        "osm_id": 3840520463,
        "osm_type": "node",
        "metadata": {
          "addr:city": "Blitar",
          "addr:province": "Jawa Timur",
          "addr:street": "Jalan Ahmad Yani",
          "brand": "Yamaha",
          "brand:wikidata": "Q158888",
          "name": "CV.Alvina Indah Motor",
          "payment:cash": "yes",
          "shop": "motorcycle"
        }
      }
    },
    {
      "type": "Feature",
      "geometry": {
        "type": "Point",
        "coordinates": [
          112.169816,
          -8.0989628
        ]
      },
      "properties": {
        "id": "osm:node:3840520464",
        "name": "Kantor Kejaksaan Negeri Kabupaten Blitar",
        "category": "Layanan Pemerintahan",
        "osm_id": 3840520464,
        "osm_type": "node",
        "metadata": {
          "addr:city": "Blitar",
          "addr:district": "Kepanjenkidul",
          "addr:housenumber": "11",
          "addr:postcode": "66112",
          "addr:province": "Jawa Timur",
          "addr:street": "Jalan Ahmad Yani",
          "addr:subdistrict": "Kepanjenlor",
          "government": "prosecutor",
          "name": "Kantor Kejaksaan Negeri Kabupaten Blitar",
          "office": "government"
        }
      }
    },
    {
      "type": "Feature",
      "geometry": {
        "type": "Point",
        "coordinates": [
          112.1695633,
          -8.09903
        ]
      },
      "properties": {
        "id": "osm:node:3840520465",
        "name": "PMI Cabang Kabupaten Blitar",
        "category": "Klinik & Puskesmas",
        "osm_id": 3840520465,
        "osm_type": "node",
        "metadata": {
          "addr:city": "Blitar",
          "addr:district": "Kepanjenkidul",
          "addr:housenumber": "9",
          "addr:postcode": "66112",
          "addr:province": "Jawa Timur",
          "addr:street": "Jalan Ahmad Yani",
          "addr:subdistrict": "Kepanjenlor",
          "healthcare": "blood_donation",
          "name": "PMI Cabang Kabupaten Blitar",
          "opening_hours": "24/7",
          "operator": "Palang Merah Indonesia",
          "phone": "+62342812180",
          "wheelchair": "yes"
        }
      }
    },
    {
      "type": "Feature",
      "geometry": {
        "type": "Point",
        "coordinates": [
          112.1713411,
          -8.0986182
        ]
      },
      "properties": {
        "id": "osm:node:3840520466",
        "name": "PMI Cabang Kota Blitar",
        "category": "Klinik & Puskesmas",
        "osm_id": 3840520466,
        "osm_type": "node",
        "metadata": {
          "addr:city": "Blitar",
          "healthcare": "blood_donation",
          "name": "PMI Cabang Kota Blitar",
          "opening_hours": "24/7",
          "operator": "Palang Merah Indonesia",
          "wheelchair": "yes"
        }
      }
    },
    {
      "type": "Feature",
      "geometry": {
        "type": "Point",
        "coordinates": [
          112.1718892,
          -8.098317
        ]
      },
      "properties": {
        "id": "osm:node:3840520467",
        "name": "SMK Katolik Santo Yusup Blitar",
        "category": "Sekolah Menengah Atas (SMA/SMK/MA)",
        "osm_id": 3840520467,
        "osm_type": "node",
        "metadata": {
          "addr:city": "Blitar",
          "addr:district": "Kepanjenkidul",
          "addr:housenumber": "35",
          "addr:postcode": "66112",
          "addr:province": "Jawa Timur",
          "addr:street": "Jalan Jenderal Sudirman",
          "addr:subdistrict": "Kepanjenlor",
          "name": "SMK Katolik Santo Yusup Blitar",
          "office": "educational_institution",
          "website": "https://smkkatolik.sch.id"
        }
      }
    },
    {
      "type": "Feature",
      "geometry": {
        "type": "Point",
        "coordinates": [
          112.1683384,
          -8.1008381
        ]
      },
      "properties": {
        "id": "osm:node:3840520470",
        "name": "RSU Ibu & Anak Aminah",
        "category": "Rumah Sakit",
        "osm_id": 3840520470,
        "osm_type": "node",
        "metadata": {
          "addr:city": "Blitar",
          "amenity": "hospital",
          "healthcare": "hospital",
          "name": "RSU Ibu & Anak Aminah"
        }
      }
    },
    {
      "type": "Feature",
      "geometry": {
        "type": "Point",
        "coordinates": [
          112.1623006,
          -8.0936444
        ]
      },
      "properties": {
        "id": "osm:node:3840520473",
        "name": "STM Islam",
        "category": "Sekolah (Umum)",
        "osm_id": 3840520473,
        "osm_type": "node",
        "metadata": {
          "addr:city": "Blitar",
          "amenity": "school",
          "name": "STM Islam"
        }
      }
    },
    {
      "type": "Feature",
      "geometry": {
        "type": "Point",
        "coordinates": [
          112.1639849,
          -8.0910545
        ]
      },
      "properties": {
        "id": "osm:node:3840520474",
        "name": "Soto Pak Tukimin",
        "category": "Restoran",
        "osm_id": 3840520474,
        "osm_type": "node",
        "metadata": {
          "air_conditioning": "no",
          "amenity": "restaurant",
          "cuisine": "indonesian",
          "drive_through": "no",
          "name": "Soto Pak Tukimin",
          "outdoor_seating": "no",
          "payment:cash": "yes",
          "smoking": "yes",
          "takeaway": "yes",
          "wheelchair": "no"
        }
      }
    },
    {
      "type": "Feature",
      "geometry": {
        "type": "Point",
        "coordinates": [
          112.1664035,
          -8.0882603
        ]
      },
      "properties": {
        "id": "osm:node:3840520475",
        "name": "Mareno Futsal",
        "category": "Fasilitas Olahraga",
        "osm_id": 3840520475,
        "osm_type": "node",
        "metadata": {
          "leisure": "pitch",
          "name": "Mareno Futsal",
          "sport": "futsal"
        }
      }
    },
    {
      "type": "Feature",
      "geometry": {
        "type": "Point",
        "coordinates": [
          112.1557161,
          -8.0889136
        ]
      },
      "properties": {
        "id": "osm:node:3840520479",
        "name": "Bakso Rea-Reo",
        "category": "Cepat Saji",
        "osm_id": 3840520479,
        "osm_type": "node",
        "metadata": {
          "amenity": "fast_food",
          "name": "Bakso Rea-Reo"
        }
      }
    },
    {
      "type": "Feature",
      "geometry": {
        "type": "Point",
        "coordinates": [
          112.1537071,
          -8.0568077
        ]
      },
      "properties": {
        "id": "osm:node:3840520480",
        "name": "Pasar Bringin",
        "category": "Supermarket",
        "osm_id": 3840520480,
        "osm_type": "node",
        "metadata": {
          "name": "Pasar Bringin",
          "shop": "supermarket"
        }
      }
    },
    {
      "type": "Feature",
      "geometry": {
        "type": "Point",
        "coordinates": [
          112.1394909,
          -8.0518272
        ]
      },
      "properties": {
        "id": "osm:node:3840520481",
        "name": "Kantor Desa Maliran",
        "category": "Layanan Pemerintahan",
        "osm_id": 3840520481,
        "osm_type": "node",
        "metadata": {
          "addr:city": "Blitar",
          "name": "Kantor Desa Maliran",
          "office": "government"
        }
      }
    },
    {
      "type": "Feature",
      "geometry": {
        "type": "Point",
        "coordinates": [
          112.1231529,
          -8.0669307
        ]
      },
      "properties": {
        "id": "osm:node:3840520484",
        "name": "Penangkaran Rusa Maliran",
        "category": "Lainnya",
        "osm_id": 3840520484,
        "osm_type": "node",
        "metadata": {
          "addr:city": "Blitar",
          "name": "Penangkaran Rusa Maliran",
          "tourism": "zoo"
        }
      }
    },
    {
      "type": "Feature",
      "geometry": {
        "type": "Point",
        "coordinates": [
          112.1184869,
          -8.0720848
        ]
      },
      "properties": {
        "id": "osm:node:3840520485",
        "name": "Pabrik Tiwul Instan",
        "category": "Perkantoran Komersial",
        "osm_id": 3840520485,
        "osm_type": "node",
        "metadata": {
          "addr:city": "Blitar",
          "name": "Pabrik Tiwul Instan",
          "office": "company"
        }
      }
    },
    {
      "type": "Feature",
      "geometry": {
        "type": "Point",
        "coordinates": [
          112.1188691,
          -8.0741739
        ]
      },
      "properties": {
        "id": "osm:node:3840520486",
        "name": "Dawet Ayu",
        "category": "Kafe & Kedai Kopi",
        "osm_id": 3840520486,
        "osm_type": "node",
        "metadata": {
          "addr:city": "Blitar",
          "amenity": "cafe",
          "name": "Dawet Ayu"
        }
      }
    },
    {
      "type": "Feature",
      "geometry": {
        "type": "Point",
        "coordinates": [
          112.1049732,
          -8.0655509
        ]
      },
      "properties": {
        "id": "osm:node:3840520487",
        "name": "Apotek (Tanpa Nama)",
        "category": "Apotek",
        "osm_id": 3840520487,
        "osm_type": "node",
        "metadata": {
          "amenity": "pharmacy"
        }
      }
    },
    {
      "type": "Feature",
      "geometry": {
        "type": "Point",
        "coordinates": [
          112.1380044,
          -8.1058695
        ]
      },
      "properties": {
        "id": "osm:node:3841055021",
        "name": "Persh. Rokok Apache",
        "category": "Perkantoran Komersial",
        "osm_id": 3841055021,
        "osm_type": "node",
        "metadata": {
          "name": "Persh. Rokok Apache",
          "office": "company"
        }
      }
    },
    {
      "type": "Feature",
      "geometry": {
        "type": "Point",
        "coordinates": [
          111.8660273,
          -8.0493925
        ]
      },
      "properties": {
        "id": "osm:node:4217579696",
        "name": "Wisma Rakasiwi",
        "category": "Hotel & Penginapan",
        "osm_id": 4217579696,
        "osm_type": "node",
        "metadata": {
          "addr:housenumber": "23",
          "addr:street": "Wilis I Brojomusti 23, Kalangbret, Tulungagung",
          "internet_access": "wlan",
          "name": "Wisma Rakasiwi",
          "phone": "+62 823 32974499",
          "tourism": "guest_house",
          "website": "http://rakasiwi.net"
        }
      }
    },
    {
      "type": "Feature",
      "geometry": {
        "type": "Point",
        "coordinates": [
          111.9251184,
          -8.0265539
        ]
      },
      "properties": {
        "id": "osm:node:4217606595",
        "name": "Wisma Lina",
        "category": "Hotel & Penginapan",
        "osm_id": 4217606595,
        "osm_type": "node",
        "metadata": {
          "addr:housenumber": "08",
          "addr:street": "Perum Griya Mustika",
          "name": "Wisma Lina",
          "phone": "+62 82141614007",
          "tourism": "guest_house"
        }
      }
    },
    {
      "type": "Feature",
      "geometry": {
        "type": "Point",
        "coordinates": [
          111.8979014,
          -8.0597859
        ]
      },
      "properties": {
        "id": "osm:node:4217644489",
        "name": "Wisma Minthul",
        "category": "Hotel & Penginapan",
        "osm_id": 4217644489,
        "osm_type": "node",
        "metadata": {
          "addr:housenumber": "58",
          "addr:street": "Botoran, Tulungagung",
          "internet_access": "wlan",
          "name": "Wisma Minthul",
          "phone": "+62 852-3638-9213",
          "tourism": "guest_house"
        }
      }
    },
    {
      "type": "Feature",
      "geometry": {
        "type": "Point",
        "coordinates": [
          112.1499345,
          -8.0988855
        ]
      },
      "properties": {
        "id": "osm:node:4217690689",
        "name": "Wisma Dea Cake",
        "category": "Toko Roti & Kue",
        "osm_id": 4217690689,
        "osm_type": "node",
        "metadata": {
          "addr:housenumber": "15",
          "addr:street": "kaliopak, sanankulon, Blitar",
          "name": "Wisma Dea Cake",
          "phone": "+62 85235610278",
          "shop": "bakery"
        }
      }
    },
    {
      "type": "Feature",
      "geometry": {
        "type": "Point",
        "coordinates": [
          112.1488622,
          -8.103246
        ]
      },
      "properties": {
        "id": "osm:node:4217712589",
        "name": "Wisma Sunar",
        "category": "Hotel & Penginapan",
        "osm_id": 4217712589,
        "osm_type": "node",
        "metadata": {
          "addr:housenumber": "05",
          "addr:street": "Blitar, Sanankulon, Blitar",
          "name": "Wisma Sunar",
          "phone": "085234225234",
          "tourism": "guest_house"
        }
      }
    },
    {
      "type": "Feature",
      "geometry": {
        "type": "Point",
        "coordinates": [
          112.1648726,
          -8.1011724
        ]
      },
      "properties": {
        "id": "osm:node:4294587714",
        "name": "Perpustakaan STIEKEN",
        "category": "Sekolah (Umum)",
        "osm_id": 4294587714,
        "osm_type": "node",
        "metadata": {
          "addr:city": "Blitar",
          "addr:housenumber": "59",
          "addr:postcode": "66111",
          "addr:street": "Jalan Mastrip",
          "amenity": "library",
          "name": "Perpustakaan STIEKEN",
          "opening_hours": "08:00-14:00",
          "operator": "STIEKEN Blitar",
          "phone": "+62342802330",
          "website": "https://siperon.stieken.ac.id/"
        }
      }
    },
    {
      "type": "Feature",
      "geometry": {
        "type": "Point",
        "coordinates": [
          112.1645561,
          -8.1009122
        ]
      },
      "properties": {
        "id": "osm:node:4294587715",
        "name": "PMB STIEKEN Blitar",
        "category": "Layanan Pemerintahan",
        "osm_id": 4294587715,
        "osm_type": "node",
        "metadata": {
          "addr:city": "Blitar",
          "addr:housenumber": "59",
          "addr:postcode": "66111",
          "addr:street": "Jalan Mastrip",
          "name": "PMB STIEKEN Blitar",
          "office": "government",
          "opening_hours": "08:00-14:00",
          "phone": "+62342802330",
          "website": "https://spmb.stieken.ac.id/"
        }
      }
    },
    {
      "type": "Feature",
      "geometry": {
        "type": "Point",
        "coordinates": [
          112.1645239,
          -8.1012813
        ]
      },
      "properties": {
        "id": "osm:node:4294587716",
        "name": "Aula S. Soetrisno",
        "category": "Lainnya",
        "osm_id": 4294587716,
        "osm_type": "node",
        "metadata": {
          "addr:city": "Blitar",
          "addr:housenumber": "59",
          "addr:postcode": "66111",
          "addr:street": "Jalan Mastrip",
          "amenity": "community_centre",
          "name": "Aula S. Soetrisno",
          "operator": "STIEKEN Blitar"
        }
      }
    },
    {
      "type": "Feature",
      "geometry": {
        "type": "Point",
        "coordinates": [
          112.1645199,
          -8.1011539
        ]
      },
      "properties": {
        "id": "osm:node:4294587718",
        "name": "STIEKEN Career Center",
        "category": "Lainnya",
        "osm_id": 4294587718,
        "osm_type": "node",
        "metadata": {
          "addr:city": "Blitar",
          "addr:housenumber": "59",
          "addr:postcode": "66111",
          "addr:street": "Jalan Mastrip",
          "amenity": "community_centre",
          "name": "STIEKEN Career Center",
          "operator": "Pusat Karir STIEKEN Blitar"
        }
      }
    },
    {
      "type": "Feature",
      "geometry": {
        "type": "Point",
        "coordinates": [
          112.1645427,
          -8.1010131
        ]
      },
      "properties": {
        "id": "osm:node:4294614445",
        "name": "Kantor Pusat STIEKEN",
        "category": "Layanan Pemerintahan",
        "osm_id": 4294614445,
        "osm_type": "node",
        "metadata": {
          "addr:city": "Blitar",
          "addr:housenumber": "59",
          "addr:postcode": "66111",
          "addr:street": "Jalan Mastrip",
          "name": "Kantor Pusat STIEKEN",
          "office": "government",
          "opening_hours": "08:00-14:00",
          "phone": "+62342802330",
          "website": "https://www.stieken.ac.id/",
          "wikidata": "Q14323224",
          "wikipedia": "id:STIE Kesuma Negara Blitar"
        }
      }
    },
    {
      "type": "Feature",
      "geometry": {
        "type": "Point",
        "coordinates": [
          112.0553538,
          -8.1028026
        ]
      },
      "properties": {
        "id": "osm:node:4303475789",
        "name": "Hotel & Penginapan (Tanpa Nama)",
        "category": "Hotel & Penginapan",
        "osm_id": 4303475789,
        "osm_type": "node",
        "metadata": {
          "tourism": "guest_house"
        }
      }
    },
    {
      "type": "Feature",
      "geometry": {
        "type": "Point",
        "coordinates": [
          111.8693891,
          -8.0456557
        ]
      },
      "properties": {
        "id": "osm:node:4303480289",
        "name": "depo ABC tulungagung",
        "category": "Toko Retail (Umum)",
        "osm_id": 4303480289,
        "osm_type": "node",
        "metadata": {
          "name": "depo ABC tulungagung",
          "shop": "books"
        }
      }
    },
    {
      "type": "Feature",
      "geometry": {
        "type": "Point",
        "coordinates": [
          111.8668732,
          -8.0551338
        ]
      },
      "properties": {
        "id": "osm:node:4303511090",
        "name": "almanan",
        "category": "Toko Retail (Umum)",
        "osm_id": 4303511090,
        "osm_type": "node",
        "metadata": {
          "name": "almanan",
          "shop": "copyshop"
        }
      }
    },
    {
      "type": "Feature",
      "geometry": {
        "type": "Point",
        "coordinates": [
          112.0763808,
          -8.0615187
        ]
      },
      "properties": {
        "id": "osm:node:4311323190",
        "name": "luluk pak",
        "category": "Lainnya",
        "osm_id": 4311323190,
        "osm_type": "node",
        "metadata": {
          "amenity": "courthouse",
          "name": "luluk pak"
        }
      }
    },
    {
      "type": "Feature",
      "geometry": {
        "type": "Point",
        "coordinates": [
          112.0763431,
          -8.0609874
        ]
      },
      "properties": {
        "id": "osm:node:4329367296",
        "name": "dita rohana",
        "category": "Kafe & Kedai Kopi",
        "osm_id": 4329367296,
        "osm_type": "node",
        "metadata": {
          "amenity": "cafe",
          "name": "dita rohana"
        }
      }
    },
    {
      "type": "Feature",
      "geometry": {
        "type": "Point",
        "coordinates": [
          111.9258141,
          -8.0672569
        ]
      },
      "properties": {
        "id": "osm:node:4329395790",
        "name": "Bismo",
        "category": "Lainnya",
        "osm_id": 4329395790,
        "osm_type": "node",
        "metadata": {
          "name": "Bismo",
          "tourism": "artwork"
        }
      }
    },
    {
      "type": "Feature",
      "geometry": {
        "type": "Point",
        "coordinates": [
          111.9357102,
          -8.0563021
        ]
      },
      "properties": {
        "id": "osm:node:4329422489",
        "name": "JVC",
        "category": "Lainnya",
        "osm_id": 4329422489,
        "osm_type": "node",
        "metadata": {
          "name": "JVC",
          "tourism": "artwork"
        }
      }
    },
    {
      "type": "Feature",
      "geometry": {
        "type": "Point",
        "coordinates": [
          111.9104683,
          -8.0907765
        ]
      },
      "properties": {
        "id": "osm:node:4346734591",
        "name": "jani",
        "category": "Lainnya",
        "osm_id": 4346734591,
        "osm_type": "node",
        "metadata": {
          "name": "jani",
          "tourism": "artwork"
        }
      }
    },
    {
      "type": "Feature",
      "geometry": {
        "type": "Point",
        "coordinates": [
          112.1562716,
          -8.1040429
        ]
      },
      "properties": {
        "id": "osm:node:4385404689",
        "name": "Oma House",
        "category": "Hotel & Penginapan",
        "osm_id": 4385404689,
        "osm_type": "node",
        "metadata": {
          "addr:housenumber": "30",
          "addr:street": "Jalan Suken",
          "internet_access": "wlan",
          "name": "Oma House",
          "tourism": "guest_house"
        }
      }
    },
    {
      "type": "Feature",
      "geometry": {
        "type": "Point",
        "coordinates": [
          112.2241286,
          -7.9419449
        ]
      },
      "properties": {
        "id": "osm:node:4400761392",
        "name": "kampung Anggrek",
        "category": "Toko Retail (Umum)",
        "osm_id": 4400761392,
        "osm_type": "node",
        "metadata": {
          "name": "kampung Anggrek",
          "shop": "florist"
        }
      }
    },
    {
      "type": "Feature",
      "geometry": {
        "type": "Point",
        "coordinates": [
          112.1785649,
          -8.1096927
        ]
      },
      "properties": {
        "id": "osm:node:4400817590",
        "name": "Bellvind Faahion",
        "category": "Toko Retail (Umum)",
        "osm_id": 4400817590,
        "osm_type": "node",
        "metadata": {
          "addr:housenumber": "22",
          "addr:postcode": "66137",
          "addr:street": "Jalan Batam",
          "internet_access": "wlan",
          "name": "Bellvind Faahion",
          "shop": "clothes"
        }
      }
    },
    {
      "type": "Feature",
      "geometry": {
        "type": "Point",
        "coordinates": [
          112.1742023,
          -8.1263324
        ]
      },
      "properties": {
        "id": "osm:node:4466735089",
        "name": "J-Lo (Jatinom Laundry)",
        "category": "Toko Retail (Umum)",
        "osm_id": 4466735089,
        "osm_type": "node",
        "metadata": {
          "addr:postcode": "66171",
          "addr:street": "Satria",
          "internet_access": "wlan",
          "name": "J-Lo (Jatinom Laundry)",
          "name:en": "J-Lo (Jatinom Laundry)",
          "opening_hours": "Mo-Su 10:00-20:30",
          "phone": "085746074601",
          "shop": "laundry"
        }
      }
    },
    {
      "type": "Feature",
      "geometry": {
        "type": "Point",
        "coordinates": [
          112.0349554,
          -7.9050247
        ]
      },
      "properties": {
        "id": "osm:node:4522474089",
        "name": "Pohon Bringin Jimbun",
        "category": "Taman Kota / Terbuka",
        "osm_id": 4522474089,
        "osm_type": "node",
        "metadata": {
          "leisure": "park",
          "name": "Pohon Bringin Jimbun"
        }
      }
    },
    {
      "type": "Feature",
      "geometry": {
        "type": "Point",
        "coordinates": [
          112.0144656,
          -8.1254428
        ]
      },
      "properties": {
        "id": "osm:node:4577431291",
        "name": "Lesehan Nirwana Bambu",
        "category": "Restoran",
        "osm_id": 4577431291,
        "osm_type": "node",
        "metadata": {
          "amenity": "restaurant",
          "name": "Lesehan Nirwana Bambu"
        }
      }
    },
    {
      "type": "Feature",
      "geometry": {
        "type": "Point",
        "coordinates": [
          112.1641295,
          -8.1138163
        ]
      },
      "properties": {
        "id": "osm:node:4685891189",
        "name": "Toko Syukur (Alat Tulis Kantor)",
        "category": "Toko Retail (Umum)",
        "osm_id": 4685891189,
        "osm_type": "node",
        "metadata": {
          "addr:housenumber": "38",
          "addr:postcode": "66134",
          "addr:street": "Jalan Kenari",
          "email": "fahmi.ali1945@gmail.com",
          "internet_access": "wlan",
          "name": "Toko Syukur (Alat Tulis Kantor)",
          "opening_hours": "Mo-Su 07:30-21:00",
          "operator": "M. Nurhadi",
          "phone": "+62 812-3340-0789",
          "shop": "books",
          "website": "https://tokosyukur.tk"
        }
      }
    },
    {
      "type": "Feature",
      "geometry": {
        "type": "Point",
        "coordinates": [
          112.09316,
          -7.916482
        ]
      },
      "properties": {
        "id": "osm:node:4735456224",
        "name": "SMA Negeri 1 Wates Kediri",
        "category": "Sekolah Menengah Atas (SMA/SMK/MA)",
        "osm_id": 4735456224,
        "osm_type": "node",
        "metadata": {
          "amenity": "school",
          "name": "SMA Negeri 1 Wates Kediri"
        }
      }
    },
    {
      "type": "Feature",
      "geometry": {
        "type": "Point",
        "coordinates": [
          111.99777,
          -8.17329
        ]
      },
      "properties": {
        "id": "osm:node:4735456226",
        "name": "SMA Negeri 1 Kalidawir",
        "category": "Sekolah Menengah Atas (SMA/SMK/MA)",
        "osm_id": 4735456226,
        "osm_type": "node",
        "metadata": {
          "amenity": "school",
          "name": "SMA Negeri 1 Kalidawir"
        }
      }
    },
    {
      "type": "Feature",
      "geometry": {
        "type": "Point",
        "coordinates": [
          112.01923,
          -8.213008
        ]
      },
      "properties": {
        "id": "osm:node:4735456227",
        "name": "SMP Negeri 1 Pucanglaban",
        "category": "Sekolah Menengah Pertama (SMP/MTs)",
        "osm_id": 4735456227,
        "osm_type": "node",
        "metadata": {
          "amenity": "school",
          "name": "SMP Negeri 1 Pucanglaban"
        }
      }
    },
    {
      "type": "Feature",
      "geometry": {
        "type": "Point",
        "coordinates": [
          112.0135882,
          -8.1022979
        ]
      },
      "properties": {
        "id": "osm:node:4735456228",
        "name": "Bundaran",
        "category": "Taman Kota / Terbuka",
        "osm_id": 4735456228,
        "osm_type": "node",
        "metadata": {
          "historic": "monument",
          "name": "Bundaran"
        }
      }
    },
    {
      "type": "Feature",
      "geometry": {
        "type": "Point",
        "coordinates": [
          112.0085994,
          -8.1025155
        ]
      },
      "properties": {
        "id": "osm:node:4735456229",
        "name": "Tugu Rantai",
        "category": "Lainnya",
        "osm_id": 4735456229,
        "osm_type": "node",
        "metadata": {
          "historic": "monument",
          "name": "Tugu Rantai"
        }
      }
    },
    {
      "type": "Feature",
      "geometry": {
        "type": "Point",
        "coordinates": [
          112.1277752,
          -7.9180332
        ]
      },
      "properties": {
        "id": "osm:node:4735456230",
        "name": "Bundaran Wates",
        "category": "Taman Kota / Terbuka",
        "osm_id": 4735456230,
        "osm_type": "node",
        "metadata": {
          "historic": "monument",
          "name": "Bundaran Wates"
        }
      }
    },
    {
      "type": "Feature",
      "geometry": {
        "type": "Point",
        "coordinates": [
          111.98358,
          -8.1811593
        ]
      },
      "properties": {
        "id": "osm:node:4735480221",
        "name": "SMP Negeri 1 Kalidawir",
        "category": "Sekolah Menengah Pertama (SMP/MTs)",
        "osm_id": 4735480221,
        "osm_type": "node",
        "metadata": {
          "amenity": "school",
          "name": "SMP Negeri 1 Kalidawir"
        }
      }
    },
    {
      "type": "Feature",
      "geometry": {
        "type": "Point",
        "coordinates": [
          112.0201227,
          -8.2078341
        ]
      },
      "properties": {
        "id": "osm:node:4735480222",
        "name": "CV. Cahaya Mandiri",
        "category": "Toko Retail (Umum)",
        "osm_id": 4735480222,
        "osm_type": "node",
        "metadata": {
          "name": "CV. Cahaya Mandiri",
          "shop": "travel_agency"
        }
      }
    },
    {
      "type": "Feature",
      "geometry": {
        "type": "Point",
        "coordinates": [
          112.0138127,
          -8.1024955
        ]
      },
      "properties": {
        "id": "osm:node:4735480223",
        "name": "Kantor Polisi",
        "category": "Layanan Pemerintahan",
        "osm_id": 4735480223,
        "osm_type": "node",
        "metadata": {
          "amenity": "police",
          "name": "Kantor Polisi"
        }
      }
    },
    {
      "type": "Feature",
      "geometry": {
        "type": "Point",
        "coordinates": [
          112.2404167,
          -7.9966875
        ]
      },
      "properties": {
        "id": "osm:node:4772745321",
        "name": "De Karanganjar Koffieplantage",
        "category": "Lainnya",
        "osm_id": 4772745321,
        "osm_type": "node",
        "metadata": {
          "internet_access": "wlan",
          "name": "De Karanganjar Koffieplantage",
          "name:en": "De Karanganja Koffieplantage",
          "tourism": "museum"
        }
      }
    },
    {
      "type": "Feature",
      "geometry": {
        "type": "Point",
        "coordinates": [
          112.2406342,
          -7.9968852
        ]
      },
      "properties": {
        "id": "osm:node:4772745721",
        "name": "Restoran (Tanpa Nama)",
        "category": "Restoran",
        "osm_id": 4772745721,
        "osm_type": "node",
        "metadata": {
          "amenity": "restaurant"
        }
      }
    },
    {
      "type": "Feature",
      "geometry": {
        "type": "Point",
        "coordinates": [
          112.2097538,
          -8.0164791
        ]
      },
      "properties": {
        "id": "osm:node:4773909825",
        "name": "Candi Penataran",
        "category": "Pura",
        "osm_id": 4773909825,
        "osm_type": "node",
        "metadata": {
          "amenity": "place_of_worship",
          "name": "Candi Penataran",
          "name:de": "Candi Penataran",
          "name:en": "Candi Penataran",
          "religion": "hindu",
          "wikipedia": "en:Penataran"
        }
      }
    },
    {
      "type": "Feature",
      "geometry": {
        "type": "Point",
        "coordinates": [
          112.2404088,
          -7.9970815
        ]
      },
      "properties": {
        "id": "osm:node:4785632222",
        "name": "De Karanganja Koffieplantage",
        "category": "Lainnya",
        "osm_id": 4785632222,
        "osm_type": "node",
        "metadata": {
          "name": "De Karanganja Koffieplantage",
          "name:de": "De Karanganja Koffieplantage",
          "opening_hours": "Mo-Su 09:00-17:00",
          "tourism": "attraction"
        }
      }
    },
    {
      "type": "Feature",
      "geometry": {
        "type": "Point",
        "coordinates": [
          112.1702942,
          -8.1022374
        ]
      },
      "properties": {
        "id": "osm:node:4826730321",
        "name": "EXO Café",
        "category": "Kafe & Kedai Kopi",
        "osm_id": 4826730321,
        "osm_type": "node",
        "metadata": {
          "amenity": "cafe",
          "name": "EXO Café",
          "name:de": "EXO Café",
          "name:en": "EXO Café"
        }
      }
    },
    {
      "type": "Feature",
      "geometry": {
        "type": "Point",
        "coordinates": [
          111.9002662,
          -8.0654345
        ]
      },
      "properties": {
        "id": "osm:node:4869022822",
        "name": "Hotel Gajah Mas",
        "category": "Hotel & Penginapan",
        "osm_id": 4869022822,
        "osm_type": "node",
        "metadata": {
          "addr:housenumber": "19",
          "addr:street": "Jalan R.A. Kartini",
          "name": "Hotel Gajah Mas",
          "phone": "+62 355 321996",
          "tourism": "hotel"
        }
      }
    },
    {
      "type": "Feature",
      "geometry": {
        "type": "Point",
        "coordinates": [
          111.9034421,
          -8.0709782
        ]
      },
      "properties": {
        "id": "osm:node:4869041121",
        "name": "Hotel Puspita",
        "category": "Hotel & Penginapan",
        "osm_id": 4869041121,
        "osm_type": "node",
        "metadata": {
          "name": "Hotel Puspita",
          "tourism": "hotel"
        }
      }
    },
    {
      "type": "Feature",
      "geometry": {
        "type": "Point",
        "coordinates": [
          111.8991188,
          -8.0627448
        ]
      },
      "properties": {
        "id": "osm:node:4869041321",
        "name": "Hotel Panorama",
        "category": "Hotel & Penginapan",
        "osm_id": 4869041321,
        "osm_type": "node",
        "metadata": {
          "addr:housenumber": "76",
          "addr:street": "Jalan Teuku Umar",
          "name": "Hotel Panorama",
          "phone": "+62 355 335222",
          "tourism": "hotel"
        }
      }
    },
    {
      "type": "Feature",
      "geometry": {
        "type": "Point",
        "coordinates": [
          111.930435,
          -8.0774817
        ]
      },
      "properties": {
        "id": "osm:node:5023221122",
        "name": "Warkop pinggir rel",
        "category": "Kafe & Kedai Kopi",
        "osm_id": 5023221122,
        "osm_type": "node",
        "metadata": {
          "amenity": "bar",
          "name": "Warkop pinggir rel"
        }
      }
    },
    {
      "type": "Feature",
      "geometry": {
        "type": "Point",
        "coordinates": [
          111.8678317,
          -8.0326383
        ]
      },
      "properties": {
        "id": "osm:node:5023246822",
        "name": "Toko rossalinda",
        "category": "Toko Retail (Umum)",
        "osm_id": 5023246822,
        "osm_type": "node",
        "metadata": {
          "amenity": "bar",
          "name": "Toko rossalinda"
        }
      }
    },
    {
      "type": "Feature",
      "geometry": {
        "type": "Point",
        "coordinates": [
          111.874015,
          -8.0381617
        ]
      },
      "properties": {
        "id": "osm:node:5023262021",
        "name": "Rahayu kios jamu",
        "category": "Lainnya",
        "osm_id": 5023262021,
        "osm_type": "node",
        "metadata": {
          "amenity": "bar",
          "name": "Rahayu kios jamu"
        }
      }
    },
    {
      "type": "Feature",
      "geometry": {
        "type": "Point",
        "coordinates": [
          111.883825,
          -8.025495
        ]
      },
      "properties": {
        "id": "osm:node:5023274522",
        "name": "Toko endah",
        "category": "Toko Retail (Umum)",
        "osm_id": 5023274522,
        "osm_type": "node",
        "metadata": {
          "amenity": "bar",
          "name": "Toko endah"
        }
      }
    },
    {
      "type": "Feature",
      "geometry": {
        "type": "Point",
        "coordinates": [
          111.8650094,
          -8.0470756
        ]
      },
      "properties": {
        "id": "osm:node:5023290721",
        "name": "Toko rahayu",
        "category": "Toko Retail (Umum)",
        "osm_id": 5023290721,
        "osm_type": "node",
        "metadata": {
          "amenity": "bar",
          "name": "Toko rahayu"
        }
      }
    },
    {
      "type": "Feature",
      "geometry": {
        "type": "Point",
        "coordinates": [
          111.888385,
          -8.02656
        ]
      },
      "properties": {
        "id": "osm:node:5023312521",
        "name": "Toko umi masrukah",
        "category": "Toko Retail (Umum)",
        "osm_id": 5023312521,
        "osm_type": "node",
        "metadata": {
          "amenity": "bar",
          "name": "Toko umi masrukah"
        }
      }
    },
    {
      "type": "Feature",
      "geometry": {
        "type": "Point",
        "coordinates": [
          111.8910917,
          -8.0275067
        ]
      },
      "properties": {
        "id": "osm:node:5023325221",
        "name": "Rahayu mart",
        "category": "Minimarket",
        "osm_id": 5023325221,
        "osm_type": "node",
        "metadata": {
          "amenity": "bar",
          "name": "Rahayu mart"
        }
      }
    },
    {
      "type": "Feature",
      "geometry": {
        "type": "Point",
        "coordinates": [
          111.9015717,
          -8.0332733
        ]
      },
      "properties": {
        "id": "osm:node:5023333421",
        "name": "Toko simo motor",
        "category": "Toko Retail (Umum)",
        "osm_id": 5023333421,
        "osm_type": "node",
        "metadata": {
          "amenity": "bar",
          "name": "Toko simo motor"
        }
      }
    },
    {
      "type": "Feature",
      "geometry": {
        "type": "Point",
        "coordinates": [
          111.9010967,
          -8.0435917
        ]
      },
      "properties": {
        "id": "osm:node:5023341021",
        "name": "Toko pak gunawan",
        "category": "Toko Retail (Umum)",
        "osm_id": 5023341021,
        "osm_type": "node",
        "metadata": {
          "amenity": "bar",
          "name": "Toko pak gunawan"
        }
      }
    },
    {
      "type": "Feature",
      "geometry": {
        "type": "Point",
        "coordinates": [
          111.900405,
          -8.0450383
        ]
      },
      "properties": {
        "id": "osm:node:5023344622",
        "name": "Toko bu mamik",
        "category": "Toko Retail (Umum)",
        "osm_id": 5023344622,
        "osm_type": "node",
        "metadata": {
          "amenity": "bar",
          "name": "Toko bu mamik"
        }
      }
    },
    {
      "type": "Feature",
      "geometry": {
        "type": "Point",
        "coordinates": [
          111.8983867,
          -8.0504583
        ]
      },
      "properties": {
        "id": "osm:node:5023352039",
        "name": "Bu ulum",
        "category": "Lainnya",
        "osm_id": 5023352039,
        "osm_type": "node",
        "metadata": {
          "amenity": "bar",
          "name": "Bu ulum"
        }
      }
    },
    {
      "type": "Feature",
      "geometry": {
        "type": "Point",
        "coordinates": [
          111.8876667,
          -8.0261
        ]
      },
      "properties": {
        "id": "osm:node:5023387722",
        "name": "Soto ayam pak dai",
        "category": "Restoran",
        "osm_id": 5023387722,
        "osm_type": "node",
        "metadata": {
          "amenity": "bar",
          "name": "Soto ayam pak dai"
        }
      }
    },
    {
      "type": "Feature",
      "geometry": {
        "type": "Point",
        "coordinates": [
          112.0215761,
          -8.0278773
        ]
      },
      "properties": {
        "id": "osm:node:5036006547",
        "name": "Pemakaman Ds. Kebonagug",
        "category": "Pemakaman",
        "osm_id": 5036006547,
        "osm_type": "node",
        "metadata": {
          "amenity": "grave_yard",
          "denomination": "sunni",
          "name": "Pemakaman Ds. Kebonagug",
          "religion": "muslim"
        }
      }
    },
    {
      "type": "Feature",
      "geometry": {
        "type": "Point",
        "coordinates": [
          111.9037825,
          -8.0629977
        ]
      },
      "properties": {
        "id": "osm:node:5076341321",
        "name": "Hotel Surakarta",
        "category": "Hotel & Penginapan",
        "osm_id": 5076341321,
        "osm_type": "node",
        "metadata": {
          "name": "Hotel Surakarta",
          "tourism": "hotel"
        }
      }
    },
    {
      "type": "Feature",
      "geometry": {
        "type": "Point",
        "coordinates": [
          111.9041604,
          -8.0622939
        ]
      },
      "properties": {
        "id": "osm:node:5076341322",
        "name": "Food Court",
        "category": "Food Court",
        "osm_id": 5076341322,
        "osm_type": "node",
        "metadata": {
          "amenity": "fast_food",
          "name": "Food Court"
        }
      }
    },
    {
      "type": "Feature",
      "geometry": {
        "type": "Point",
        "coordinates": [
          112.216898,
          -8.0373678
        ]
      },
      "properties": {
        "id": "osm:node:5183624521",
        "name": "BRI",
        "category": "Bank & Finansial",
        "osm_id": 5183624521,
        "osm_type": "node",
        "metadata": {
          "addr:street": "Jl. Abadi",
          "amenity": "bank",
          "name": "BRI"
        }
      }
    },
    {
      "type": "Feature",
      "geometry": {
        "type": "Point",
        "coordinates": [
          112.181701,
          -8.086184
        ]
      },
      "properties": {
        "id": "osm:node:5246567421",
        "name": "Mb tatik blitar",
        "category": "Hotel & Penginapan",
        "osm_id": 5246567421,
        "osm_type": "node",
        "metadata": {
          "name": "Mb tatik blitar",
          "name:en": "Mb tatik blitar",
          "tourism": "guest_house"
        }
      }
    },
    {
      "type": "Feature",
      "geometry": {
        "type": "Point",
        "coordinates": [
          112.1846014,
          -8.0960712
        ]
      },
      "properties": {
        "id": "osm:node:5336746430",
        "name": "Masjit Baitul Makmur",
        "category": "Masjid & Mushola",
        "osm_id": 5336746430,
        "osm_type": "node",
        "metadata": {
          "addr:housenumber": "10",
          "addr:postcode": "66131",
          "addr:street": "Nyi ageng serang 2",
          "amenity": "place_of_worship",
          "name": "Masjit Baitul Makmur",
          "name:en": "Masjit Baitul Makmur",
          "opening_hours": "24/7",
          "religion": "muslim",
          "website": "http://www.ldii.co.id"
        }
      }
    },
    {
      "type": "Feature",
      "geometry": {
        "type": "Point",
        "coordinates": [
          112.0005807,
          -7.8714842
        ]
      },
      "properties": {
        "id": "osm:node:5441523127",
        "name": "SPBU Pertamina 54.641.36",
        "category": "SPBU / Stasiun Pengisian Bahan Bakar",
        "osm_id": 5441523127,
        "osm_type": "node",
        "metadata": {
          "addr:city": "Kabupaten Kediri",
          "addr:postcode": "64171",
          "addr:street": "Jl. Kertosono - Tulungagung No.39, Tegalrejo, Banjarejo, Kec. Ngadiluwih, Kabupaten Kediri, Jawa Timur 64171",
          "amenity": "fuel",
          "brand": "Pertamina",
          "compressed_air": "yes",
          "fuel:biodiesel": "yes",
          "fuel:diesel": "yes",
          "fuel:octane_90": "yes",
          "fuel:octane_92": "yes",
          "name": "SPBU Pertamina 54.641.36",
          "opening_hours": "24/7",
          "self_service": "no"
        }
      }
    },
    {
      "type": "Feature",
      "geometry": {
        "type": "Point",
        "coordinates": [
          112.1241829,
          -8.0851831
        ]
      },
      "properties": {
        "id": "osm:node:5474708522",
        "name": "BKMS",
        "category": "Hotel & Penginapan",
        "osm_id": 5474708522,
        "osm_type": "node",
        "metadata": {
          "name": "BKMS",
          "tourism": "hotel"
        }
      }
    },
    {
      "type": "Feature",
      "geometry": {
        "type": "Point",
        "coordinates": [
          112.1245176,
          -8.0851489
        ]
      },
      "properties": {
        "id": "osm:node:5474708523",
        "name": "BKMS",
        "category": "Hotel & Penginapan",
        "osm_id": 5474708523,
        "osm_type": "node",
        "metadata": {
          "name": "BKMS",
          "tourism": "hotel"
        }
      }
    },
    {
      "type": "Feature",
      "geometry": {
        "type": "Point",
        "coordinates": [
          112.1042547,
          -8.2109815
        ]
      },
      "properties": {
        "id": "osm:node:5480829022",
        "name": "Bengkel MBR (Pak Rosi)",
        "category": "Toko Retail (Umum)",
        "osm_id": 5480829022,
        "osm_type": "node",
        "metadata": {
          "name": "Bengkel MBR (Pak Rosi)",
          "shop": "motorcycle"
        }
      }
    },
    {
      "type": "Feature",
      "geometry": {
        "type": "Point",
        "coordinates": [
          111.9040617,
          -8.0612645
        ]
      },
      "properties": {
        "id": "osm:node:5578485031",
        "name": "warkop24hour",
        "category": "Kafe & Kedai Kopi",
        "osm_id": 5578485031,
        "osm_type": "node",
        "metadata": {
          "amenity": "cafe",
          "name": "warkop24hour"
        }
      }
    },
    {
      "type": "Feature",
      "geometry": {
        "type": "Point",
        "coordinates": [
          112.1683701,
          -8.1003458
        ]
      },
      "properties": {
        "id": "osm:node:5604567154",
        "name": "Sweet Pea Cafe",
        "category": "Kafe & Kedai Kopi",
        "osm_id": 5604567154,
        "osm_type": "node",
        "metadata": {
          "amenity": "cafe",
          "internet_access": "yes",
          "name": "Sweet Pea Cafe",
          "opening_hours": "Mo-Su 09:00-21:00"
        }
      }
    },
    {
      "type": "Feature",
      "geometry": {
        "type": "Point",
        "coordinates": [
          112.1794921,
          -8.0927237
        ]
      },
      "properties": {
        "id": "osm:node:5604629183",
        "name": "Sam Bistro",
        "category": "Kafe & Kedai Kopi",
        "osm_id": 5604629183,
        "osm_type": "node",
        "metadata": {
          "amenity": "cafe",
          "internet_access": "wlan",
          "name": "Sam Bistro",
          "opening_hours": "Mo-Su 10:00-22:00",
          "wheelchair": "limited"
        }
      }
    },
    {
      "type": "Feature",
      "geometry": {
        "type": "Point",
        "coordinates": [
          111.8906616,
          -8.0220278
        ]
      },
      "properties": {
        "id": "osm:node:5639410622",
        "name": "Ropix Cafe",
        "category": "Kafe & Kedai Kopi",
        "osm_id": 5639410622,
        "osm_type": "node",
        "metadata": {
          "amenity": "cafe",
          "name": "Ropix Cafe"
        }
      }
    },
    {
      "type": "Feature",
      "geometry": {
        "type": "Point",
        "coordinates": [
          111.9111456,
          -7.9995804
        ]
      },
      "properties": {
        "id": "osm:node:5639414921",
        "name": "Vega Cell",
        "category": "Kafe & Kedai Kopi",
        "osm_id": 5639414921,
        "osm_type": "node",
        "metadata": {
          "amenity": "cafe",
          "name": "Vega Cell"
        }
      }
    },
    {
      "type": "Feature",
      "geometry": {
        "type": "Point",
        "coordinates": [
          111.9074796,
          -8.0454897
        ]
      },
      "properties": {
        "id": "osm:node:5639414922",
        "name": "My Place",
        "category": "Hotel & Penginapan",
        "osm_id": 5639414922,
        "osm_type": "node",
        "metadata": {
          "name": "My Place",
          "tourism": "hotel"
        }
      }
    },
    {
      "type": "Feature",
      "geometry": {
        "type": "Point",
        "coordinates": [
          112.1025504,
          -7.8961125
        ]
      },
      "properties": {
        "id": "osm:node:5751447501",
        "name": "Apotek (Tanpa Nama)",
        "category": "Apotek",
        "osm_id": 5751447501,
        "osm_type": "node",
        "metadata": {
          "amenity": "pharmacy"
        }
      }
    },
    {
      "type": "Feature",
      "geometry": {
        "type": "Point",
        "coordinates": [
          112.1318577,
          -8.0922153
        ]
      },
      "properties": {
        "id": "osm:node:5751447506",
        "name": "Alfamart",
        "category": "Minimarket",
        "osm_id": 5751447506,
        "osm_type": "node",
        "metadata": {
          "brand": "Alfamart",
          "brand:wikidata": "Q23745600",
          "name": "Alfamart",
          "operator": "PT Sumber Alfaria Trijaya,Tbk",
          "shop": "convenience",
          "toilets": "yes",
          "toilets:access": "permissive",
          "toilets:unisex": "yes",
          "website": "https://alfamart.co.id"
        }
      }
    },
    {
      "type": "Feature",
      "geometry": {
        "type": "Point",
        "coordinates": [
          112.1445277,
          -8.0981622
        ]
      },
      "properties": {
        "id": "osm:node:5751447507",
        "name": "Pertamina",
        "category": "SPBU / Stasiun Pengisian Bahan Bakar",
        "osm_id": 5751447507,
        "osm_type": "node",
        "metadata": {
          "amenity": "fuel",
          "name": "Pertamina"
        }
      }
    },
    {
      "type": "Feature",
      "geometry": {
        "type": "Point",
        "coordinates": [
          111.8725938,
          -8.0821146
        ]
      },
      "properties": {
        "id": "osm:node:5751451166",
        "name": "Toko Retail (Umum) (Tanpa Nama)",
        "category": "Toko Retail (Umum)",
        "osm_id": 5751451166,
        "osm_type": "node",
        "metadata": {
          "shop": "kiosk"
        }
      }
    },
    {
      "type": "Feature",
      "geometry": {
        "type": "Point",
        "coordinates": [
          112.1097299,
          -8.1208655
        ]
      },
      "properties": {
        "id": "osm:node:5751453210",
        "name": "Alfamart",
        "category": "Minimarket",
        "osm_id": 5751453210,
        "osm_type": "node",
        "metadata": {
          "brand": "Alfamart",
          "brand:wikidata": "Q23745600",
          "name": "Alfamart",
          "operator": "PT Sumber Alfaria Trijaya,Tbk",
          "shop": "convenience",
          "toilets": "yes",
          "toilets:access": "permissive",
          "toilets:unisex": "yes",
          "website": "https://alfamart.co.id"
        }
      }
    },
    {
      "type": "Feature",
      "geometry": {
        "type": "Point",
        "coordinates": [
          112.156855,
          -8.1094679
        ]
      },
      "properties": {
        "id": "osm:node:5751453669",
        "name": "Warung Cemara",
        "category": "Restoran",
        "osm_id": 5751453669,
        "osm_type": "node",
        "metadata": {
          "amenity": "restaurant",
          "name": "Warung Cemara"
        }
      }
    },
    {
      "type": "Feature",
      "geometry": {
        "type": "Point",
        "coordinates": [
          112.277115,
          -7.9384846
        ]
      },
      "properties": {
        "id": "osm:node:5751453673",
        "name": "Several food stalls",
        "category": "Restoran",
        "osm_id": 5751453673,
        "osm_type": "node",
        "metadata": {
          "name": "Several food stalls",
          "shop": "kiosk"
        }
      }
    },
    {
      "type": "Feature",
      "geometry": {
        "type": "Point",
        "coordinates": [
          112.2642318,
          -7.9314988
        ]
      },
      "properties": {
        "id": "osm:node:5751454055",
        "name": "Musholla",
        "category": "Masjid & Mushola",
        "osm_id": 5751454055,
        "osm_type": "node",
        "metadata": {
          "amenity": "place_of_worship",
          "name": "Musholla",
          "religion": "muslim"
        }
      }
    },
    {
      "type": "Feature",
      "geometry": {
        "type": "Point",
        "coordinates": [
          112.2470367,
          -7.9286762
        ]
      },
      "properties": {
        "id": "osm:node:5751454114",
        "name": "Horse riding",
        "category": "Lainnya",
        "osm_id": 5751454114,
        "osm_type": "node",
        "metadata": {
          "leisure": "horse_riding",
          "name": "Horse riding"
        }
      }
    },
    {
      "type": "Feature",
      "geometry": {
        "type": "Point",
        "coordinates": [
          112.2644661,
          -7.9314143
        ]
      },
      "properties": {
        "id": "osm:node:5751454127",
        "name": "Several food stalls",
        "category": "Cepat Saji",
        "osm_id": 5751454127,
        "osm_type": "node",
        "metadata": {
          "amenity": "fast_food",
          "name": "Several food stalls"
        }
      }
    },
    {
      "type": "Feature",
      "geometry": {
        "type": "Point",
        "coordinates": [
          112.2355461,
          -7.9264599
        ]
      },
      "properties": {
        "id": "osm:node:5751454169",
        "name": "Food stalls",
        "category": "Restoran",
        "osm_id": 5751454169,
        "osm_type": "node",
        "metadata": {
          "name": "Food stalls",
          "shop": "kiosk"
        }
      }
    },
    {
      "type": "Feature",
      "geometry": {
        "type": "Point",
        "coordinates": [
          112.2572955,
          -7.9286446
        ]
      },
      "properties": {
        "id": "osm:node:5751454234",
        "name": "Toko Retail (Umum) (Tanpa Nama)",
        "category": "Toko Retail (Umum)",
        "osm_id": 5751454234,
        "osm_type": "node",
        "metadata": {
          "shop": "kiosk"
        }
      }
    },
    {
      "type": "Feature",
      "geometry": {
        "type": "Point",
        "coordinates": [
          112.2357042,
          -7.9268592
        ]
      },
      "properties": {
        "id": "osm:node:5751454236",
        "name": "Gedung Theater & Museum Wisata G. Kelud",
        "category": "Fasilitas Warga & Balai",
        "osm_id": 5751454236,
        "osm_type": "node",
        "metadata": {
          "name": "Gedung Theater & Museum Wisata G. Kelud",
          "tourism": "museum"
        }
      }
    },
    {
      "type": "Feature",
      "geometry": {
        "type": "Point",
        "coordinates": [
          112.0859747,
          -7.8796696
        ]
      },
      "properties": {
        "id": "osm:node:5751454238",
        "name": "Indomaret",
        "category": "Minimarket",
        "osm_id": 5751454238,
        "osm_type": "node",
        "metadata": {
          "air_conditioning": "yes",
          "brand": "Indomaret",
          "brand:wikidata": "Q4262825",
          "brand:wikipedia": "id:Indomaret",
          "name": "Indomaret",
          "name:en": "Indomaret",
          "name:id": "Indomaret",
          "name:ja": "インドマレット",
          "operator": "PT. Indomarco Prismatama",
          "shop": "convenience",
          "toilets": "yes",
          "toilets:access": "permissive",
          "website": "https://www.klikindomaret.com"
        }
      }
    },
    {
      "type": "Feature",
      "geometry": {
        "type": "Point",
        "coordinates": [
          112.1636438,
          -8.097185
        ]
      },
      "properties": {
        "id": "osm:node:5751454318",
        "name": "Indomaret",
        "category": "Minimarket",
        "osm_id": 5751454318,
        "osm_type": "node",
        "metadata": {
          "air_conditioning": "yes",
          "brand": "Indomaret",
          "brand:wikidata": "Q4262825",
          "brand:wikipedia": "id:Indomaret",
          "currency:IDR": "yes",
          "name": "Indomaret",
          "name:en": "Indomaret",
          "name:id": "Indomaret",
          "name:ja": "インドマレット",
          "opening_hours": "24/7",
          "operator": "PT. Indomarco Prismatama",
          "payment:cards": "yes",
          "payment:cash": "yes",
          "payment:contactless": "yes",
          "payment:credit_cards": "yes",
          "payment:debit_cards": "yes",
          "shop": "convenience",
          "toilets": "yes",
          "toilets:access": "permissive",
          "website": "https://www.klikindomaret.com",
          "wheelchair": "limited"
        }
      }
    },
    {
      "type": "Feature",
      "geometry": {
        "type": "Point",
        "coordinates": [
          112.2356441,
          -7.9264562
        ]
      },
      "properties": {
        "id": "osm:node:5751454627",
        "name": "Ticket office",
        "category": "Toko Retail (Umum)",
        "osm_id": 5751454627,
        "osm_type": "node",
        "metadata": {
          "name": "Ticket office",
          "shop": "ticket"
        }
      }
    },
    {
      "type": "Feature",
      "geometry": {
        "type": "Point",
        "coordinates": [
          112.1268275,
          -7.917568
        ]
      },
      "properties": {
        "id": "osm:node:5751454629",
        "name": "Indomaret",
        "category": "Minimarket",
        "osm_id": 5751454629,
        "osm_type": "node",
        "metadata": {
          "air_conditioning": "yes",
          "brand": "Indomaret",
          "brand:wikidata": "Q4262825",
          "brand:wikipedia": "id:Indomaret",
          "name": "Indomaret",
          "name:en": "Indomaret",
          "name:id": "Indomaret",
          "name:ja": "インドマレット",
          "operator": "PT. Indomarco Prismatama",
          "shop": "convenience",
          "toilets": "yes",
          "toilets:access": "permissive",
          "website": "https://www.klikindomaret.com"
        }
      }
    },
    {
      "type": "Feature",
      "geometry": {
        "type": "Point",
        "coordinates": [
          112.1387877,
          -8.0950015
        ]
      },
      "properties": {
        "id": "osm:node:5751454631",
        "name": "Toko Retail (Umum) (Tanpa Nama)",
        "category": "Toko Retail (Umum)",
        "osm_id": 5751454631,
        "osm_type": "node",
        "metadata": {
          "shop": "copyshop"
        }
      }
    },
    {
      "type": "Feature",
      "geometry": {
        "type": "Point",
        "coordinates": [
          112.1493607,
          -8.1005219
        ]
      },
      "properties": {
        "id": "osm:node:5751454794",
        "name": "Indomaret",
        "category": "Minimarket",
        "osm_id": 5751454794,
        "osm_type": "node",
        "metadata": {
          "air_conditioning": "yes",
          "brand": "Indomaret",
          "brand:wikidata": "Q4262825",
          "brand:wikipedia": "id:Indomaret",
          "name": "Indomaret",
          "name:en": "Indomaret",
          "name:id": "Indomaret",
          "name:ja": "インドマレット",
          "operator": "PT. Indomarco Prismatama",
          "shop": "convenience",
          "toilets": "yes",
          "toilets:access": "permissive",
          "website": "https://www.klikindomaret.com"
        }
      }
    },
    {
      "type": "Feature",
      "geometry": {
        "type": "Point",
        "coordinates": [
          112.1636952,
          -8.0970821
        ]
      },
      "properties": {
        "id": "osm:node:5751454795",
        "name": "ATM BNI",
        "category": "ATM / Mesin Tunai",
        "osm_id": 5751454795,
        "osm_type": "node",
        "metadata": {
          "amenity": "atm",
          "brand": "BNI",
          "brand:wikidata": "Q2882611",
          "cash_in": "no",
          "covered": "yes",
          "currency:IDR": "yes",
          "drive_through": "no",
          "indoor": "yes",
          "lit": "yes",
          "name": "ATM BNI",
          "official_name": "Bank Negara Indonesia",
          "opening_hours": "24/7",
          "operator": "BNI",
          "operator:wikidata": "Q2882611",
          "wheelchair": "no"
        }
      }
    },
    {
      "type": "Feature",
      "geometry": {
        "type": "Point",
        "coordinates": [
          112.1932995,
          -7.9993557
        ]
      },
      "properties": {
        "id": "osm:node:5751454796",
        "name": "JMart",
        "category": "Supermarket",
        "osm_id": 5751454796,
        "osm_type": "node",
        "metadata": {
          "name": "JMart",
          "shop": "supermarket"
        }
      }
    },
    {
      "type": "Feature",
      "geometry": {
        "type": "Point",
        "coordinates": [
          112.1699377,
          -8.1021979
        ]
      },
      "properties": {
        "id": "osm:node:5759627916",
        "name": "Co-Ttek Adventure",
        "category": "Toko Retail (Umum)",
        "osm_id": 5759627916,
        "osm_type": "node",
        "metadata": {
          "name": "Co-Ttek Adventure",
          "shop": "outdoor"
        }
      }
    },
    {
      "type": "Feature",
      "geometry": {
        "type": "Point",
        "coordinates": [
          112.17116,
          -8.100994
        ]
      },
      "properties": {
        "id": "osm:node:5759627917",
        "name": "Hotel Sri Rejeki",
        "category": "Hotel & Penginapan",
        "osm_id": 5759627917,
        "osm_type": "node",
        "metadata": {
          "name": "Hotel Sri Rejeki",
          "tourism": "hotel"
        }
      }
    },
    {
      "type": "Feature",
      "geometry": {
        "type": "Point",
        "coordinates": [
          112.1619706,
          -8.099117
        ]
      },
      "properties": {
        "id": "osm:node:5759628110",
        "name": "RM. Pacific",
        "category": "Restoran",
        "osm_id": 5759628110,
        "osm_type": "node",
        "metadata": {
          "amenity": "restaurant",
          "name": "RM. Pacific"
        }
      }
    },
    {
      "type": "Feature",
      "geometry": {
        "type": "Point",
        "coordinates": [
          112.1583718,
          -8.0901591
        ]
      },
      "properties": {
        "id": "osm:node:6227253485",
        "name": "Patria Garden Hotel",
        "category": "Hotel & Penginapan",
        "osm_id": 6227253485,
        "osm_type": "node",
        "metadata": {
          "addr:housenumber": "1",
          "addr:street": "Jalan Batanghari",
          "air_conditioning": "yes",
          "bar": "no",
          "brand": "Patria",
          "building:levels": "1",
          "check_date": "2022-12-30",
          "internet_access": "wlan",
          "internet_access:fee": "no",
          "name": "Patria Garden Hotel",
          "name:en": "Patria Garden Hotel",
          "name:id": "Patria Garden Hotel",
          "opening_hours": "24/7",
          "payment:cash": "yes",
          "payment:credit_cards": "yes",
          "phone": "+62 342 807222",
          "reservation": "required",
          "smoking": "outdoor",
          "source": "local knowledge",
          "stars": "2",
          "tourism": "hotel",
          "website": "https://hotelpatriablitar.com",
          "wheelchair": "no"
        }
      }
    },
    {
      "type": "Feature",
      "geometry": {
        "type": "Point",
        "coordinates": [
          112.2421065,
          -7.9135407
        ]
      },
      "properties": {
        "id": "osm:node:6236431584",
        "name": "Kantor Desa Sepawon",
        "category": "Layanan Pemerintahan",
        "osm_id": 6236431584,
        "osm_type": "node",
        "metadata": {
          "addr:city": "Kediri",
          "addr:housenumber": "355",
          "addr:postcode": "64175",
          "addr:street": "Sidomukti",
          "government": "public_service",
          "name": "Kantor Desa Sepawon",
          "office": "government"
        }
      }
    },
    {
      "type": "Feature",
      "geometry": {
        "type": "Point",
        "coordinates": [
          111.957123,
          -8.1117148
        ]
      },
      "properties": {
        "id": "osm:node:6343033764",
        "name": "Mushola Ar-Rohman",
        "category": "Masjid & Mushola",
        "osm_id": 6343033764,
        "osm_type": "node",
        "metadata": {
          "addr:city": "Tulungagung",
          "addr:postcode": "66291",
          "amenity": "place_of_worship",
          "denomination": "islam",
          "name": "Mushola Ar-Rohman",
          "religion": "muslim"
        }
      }
    },
    {
      "type": "Feature",
      "geometry": {
        "type": "Point",
        "coordinates": [
          111.9555808,
          -8.1134606
        ]
      },
      "properties": {
        "id": "osm:node:6344261641",
        "name": "Masjid Nurul Hidayah",
        "category": "Masjid & Mushola",
        "osm_id": 6344261641,
        "osm_type": "node",
        "metadata": {
          "amenity": "place_of_worship",
          "denomination": "islam",
          "name": "Masjid Nurul Hidayah",
          "religion": "muslim"
        }
      }
    },
    {
      "type": "Feature",
      "geometry": {
        "type": "Point",
        "coordinates": [
          111.9523568,
          -8.1103793
        ]
      },
      "properties": {
        "id": "osm:node:6345379419",
        "name": "SDN 1 Podorejo",
        "category": "Sekolah Dasar (SD/MI)",
        "osm_id": 6345379419,
        "osm_type": "node",
        "metadata": {
          "addr:city": "Tulungagung",
          "addr:postcode": "66291",
          "addr:street": "Jl. Raya Podorejo",
          "amenity": "school",
          "name": "SDN 1 Podorejo"
        }
      }
    },
    {
      "type": "Feature",
      "geometry": {
        "type": "Point",
        "coordinates": [
          111.9422807,
          -8.1202564
        ]
      },
      "properties": {
        "id": "osm:node:6361978741",
        "name": "Pelataran Wisata Goa Pasir",
        "category": "Lainnya",
        "osm_id": 6361978741,
        "osm_type": "node",
        "metadata": {
          "addr:city": "Tulungagung",
          "addr:housenumber": "Junjung",
          "addr:postcode": "66291",
          "internet_access": "no",
          "name": "Pelataran Wisata Goa Pasir",
          "tourism": "camp_site"
        }
      }
    },
    {
      "type": "Feature",
      "geometry": {
        "type": "Point",
        "coordinates": [
          112.1717648,
          -8.1566849
        ]
      },
      "properties": {
        "id": "osm:node:6463638385",
        "name": "Kampung Choklat (the chocolate village)",
        "category": "Lainnya",
        "osm_id": 6463638385,
        "osm_type": "node",
        "metadata": {
          "name": "Kampung Choklat (the chocolate village)",
          "tourism": "attraction"
        }
      }
    },
    {
      "type": "Feature",
      "geometry": {
        "type": "Point",
        "coordinates": [
          112.2670525,
          -8.1529189
        ]
      },
      "properties": {
        "id": "osm:node:6467316485",
        "name": "Kaloka forest",
        "category": "Lainnya",
        "osm_id": 6467316485,
        "osm_type": "node",
        "metadata": {
          "name": "Kaloka forest",
          "tourism": "attraction"
        }
      }
    },
    {
      "type": "Feature",
      "geometry": {
        "type": "Point",
        "coordinates": [
          112.180545,
          -8.1078403
        ]
      },
      "properties": {
        "id": "osm:node:6688135449",
        "name": "STKIP PGRI Blitar",
        "category": "Sekolah (Umum)",
        "osm_id": 6688135449,
        "osm_type": "node",
        "metadata": {
          "addr:city": "Blitar",
          "addr:housenumber": "111",
          "addr:postcode": "66113",
          "addr:street": "Jl. Kalimantan No.111, Karangtengah, Kec. Sananwetan, Kota Blitar, Jawa Timur 66113",
          "amenity": "school",
          "name": "STKIP PGRI Blitar"
        }
      }
    },
    {
      "type": "Feature",
      "geometry": {
        "type": "Point",
        "coordinates": [
          112.1775898,
          -8.0940838
        ]
      },
      "properties": {
        "id": "osm:node:6688135451",
        "name": "SMP Negeri 6 Blitar",
        "category": "Sekolah Menengah Pertama (SMP/MTs)",
        "osm_id": 6688135451,
        "osm_type": "node",
        "metadata": {
          "amenity": "school",
          "name": "SMP Negeri 6 Blitar"
        }
      }
    },
    {
      "type": "Feature",
      "geometry": {
        "type": "Point",
        "coordinates": [
          112.1797511,
          -8.0943559
        ]
      },
      "properties": {
        "id": "osm:node:6688135453",
        "name": "SMP Negeri 4 Blitar",
        "category": "Sekolah Menengah Pertama (SMP/MTs)",
        "osm_id": 6688135453,
        "osm_type": "node",
        "metadata": {
          "air_conditioning": "no",
          "alt_name": "SMPN 4 Blitar",
          "internet_access": "yes",
          "internet_access:fee": "no",
          "name": "SMP Negeri 4 Blitar",
          "office": "educational_institution",
          "smoking": "no",
          "wheelchair": "limited"
        }
      }
    },
    {
      "type": "Feature",
      "geometry": {
        "type": "Point",
        "coordinates": [
          112.1646999,
          -8.1108693
        ]
      },
      "properties": {
        "id": "osm:node:6688135454",
        "name": "SMP Negeri 8 Kota Blitar",
        "category": "Sekolah Menengah Pertama (SMP/MTs)",
        "osm_id": 6688135454,
        "osm_type": "node",
        "metadata": {
          "amenity": "school",
          "name": "SMP Negeri 8 Kota Blitar"
        }
      }
    },
    {
      "type": "Feature",
      "geometry": {
        "type": "Point",
        "coordinates": [
          112.1687387,
          -8.0919041
        ]
      },
      "properties": {
        "id": "osm:node:6688135455",
        "name": "SMPN 7 Kota Blitar",
        "category": "Sekolah Menengah Pertama (SMP/MTs)",
        "osm_id": 6688135455,
        "osm_type": "node",
        "metadata": {
          "amenity": "school",
          "name": "SMPN 7 Kota Blitar"
        }
      }
    },
    {
      "type": "Feature",
      "geometry": {
        "type": "Point",
        "coordinates": [
          112.1474418,
          -8.1000221
        ]
      },
      "properties": {
        "id": "osm:node:6688211726",
        "name": "SMK Negeri 2 Blitar",
        "category": "Sekolah Menengah Atas (SMA/SMK/MA)",
        "osm_id": 6688211726,
        "osm_type": "node",
        "metadata": {
          "amenity": "school",
          "name": "SMK Negeri 2 Blitar"
        }
      }
    },
    {
      "type": "Feature",
      "geometry": {
        "type": "Point",
        "coordinates": [
          112.1478587,
          -8.1008664
        ]
      },
      "properties": {
        "id": "osm:node:6688211727",
        "name": "SMKS PGRI 3 Kota Blitar",
        "category": "Sekolah (Umum)",
        "osm_id": 6688211727,
        "osm_type": "node",
        "metadata": {
          "amenity": "school",
          "name": "SMKS PGRI 3 Kota Blitar"
        }
      }
    },
    {
      "type": "Feature",
      "geometry": {
        "type": "Point",
        "coordinates": [
          112.1646377,
          -8.1126261
        ]
      },
      "properties": {
        "id": "osm:node:6688211728",
        "name": "SMK Negeri 1 Blitar",
        "category": "Sekolah Menengah Atas (SMA/SMK/MA)",
        "osm_id": 6688211728,
        "osm_type": "node",
        "metadata": {
          "amenity": "school",
          "name": "SMK Negeri 1 Blitar"
        }
      }
    },
    {
      "type": "Feature",
      "geometry": {
        "type": "Point",
        "coordinates": [
          112.1800161,
          -8.1026977
        ]
      },
      "properties": {
        "id": "osm:node:6688211729",
        "name": "SMK PGRI 2 Kota Blitar",
        "category": "Sekolah Menengah Atas (SMA/SMK/MA)",
        "osm_id": 6688211729,
        "osm_type": "node",
        "metadata": {
          "amenity": "school",
          "name": "SMK PGRI 2 Kota Blitar"
        }
      }
    },
    {
      "type": "Feature",
      "geometry": {
        "type": "Point",
        "coordinates": [
          112.1784443,
          -8.0971333
        ]
      },
      "properties": {
        "id": "osm:node:6688211730",
        "name": "Akademi Komunitas Negeri Putra Sang Fajar",
        "category": "Perguruan Tinggi",
        "osm_id": 6688211730,
        "osm_type": "node",
        "metadata": {
          "amenity": "college",
          "internet_access": "yes",
          "internet_access:fee": "no",
          "name": "Akademi Komunitas Negeri Putra Sang Fajar",
          "wheelchair": "yes"
        }
      }
    },
    {
      "type": "Feature",
      "geometry": {
        "type": "Point",
        "coordinates": [
          112.1632704,
          -8.091978
        ]
      },
      "properties": {
        "id": "osm:node:6688211731",
        "name": "SMA AL MUHAFIZHOH",
        "category": "Sekolah Menengah Atas (SMA/SMK/MA)",
        "osm_id": 6688211731,
        "osm_type": "node",
        "metadata": {
          "amenity": "school",
          "name": "SMA AL MUHAFIZHOH"
        }
      }
    },
    {
      "type": "Feature",
      "geometry": {
        "type": "Point",
        "coordinates": [
          112.1772528,
          -8.0655276
        ]
      },
      "properties": {
        "id": "osm:node:6688211732",
        "name": "SMAN 2 BLITAR",
        "category": "Sekolah Menengah Atas (SMA/SMK/MA)",
        "osm_id": 6688211732,
        "osm_type": "node",
        "metadata": {
          "amenity": "school",
          "name": "SMAN 2 BLITAR"
        }
      }
    },
    {
      "type": "Feature",
      "geometry": {
        "type": "Point",
        "coordinates": [
          112.1700467,
          -8.0973522
        ]
      },
      "properties": {
        "id": "osm:node:6688211733",
        "name": "SMAS Muhammadiyah Blitar",
        "category": "Sekolah (Umum)",
        "osm_id": 6688211733,
        "osm_type": "node",
        "metadata": {
          "amenity": "school",
          "name": "SMAS Muhammadiyah Blitar"
        }
      }
    },
    {
      "type": "Feature",
      "geometry": {
        "type": "Point",
        "coordinates": [
          112.1674927,
          -8.0992696
        ]
      },
      "properties": {
        "id": "osm:node:6688211734",
        "name": "SMK Indonesia Putera",
        "category": "Sekolah Menengah Atas (SMA/SMK/MA)",
        "osm_id": 6688211734,
        "osm_type": "node",
        "metadata": {
          "amenity": "school",
          "name": "SMK Indonesia Putera"
        }
      }
    },
    {
      "type": "Feature",
      "geometry": {
        "type": "Point",
        "coordinates": [
          112.1702351,
          -8.0974077
        ]
      },
      "properties": {
        "id": "osm:node:6688211735",
        "name": "SMK Muhammadiyah 1 Blitar",
        "category": "Sekolah Menengah Atas (SMA/SMK/MA)",
        "osm_id": 6688211735,
        "osm_type": "node",
        "metadata": {
          "amenity": "school",
          "name": "SMK Muhammadiyah 1 Blitar"
        }
      }
    },
    {
      "type": "Feature",
      "geometry": {
        "type": "Point",
        "coordinates": [
          112.1869121,
          -8.0999012
        ]
      },
      "properties": {
        "id": "osm:node:6688211736",
        "name": "SMK TELKOM BRAWIJAYA",
        "category": "Sekolah Menengah Atas (SMA/SMK/MA)",
        "osm_id": 6688211736,
        "osm_type": "node",
        "metadata": {
          "amenity": "school",
          "name": "SMK TELKOM BRAWIJAYA"
        }
      }
    },
    {
      "type": "Feature",
      "geometry": {
        "type": "Point",
        "coordinates": [
          112.1710266,
          -8.0957098
        ]
      },
      "properties": {
        "id": "osm:node:6688439490",
        "name": "Indomaret",
        "category": "Minimarket",
        "osm_id": 6688439490,
        "osm_type": "node",
        "metadata": {
          "air_conditioning": "yes",
          "brand": "Indomaret",
          "brand:wikidata": "Q4262825",
          "brand:wikipedia": "id:Indomaret",
          "name": "Indomaret",
          "name:en": "Indomaret",
          "name:id": "Indomaret",
          "name:ja": "インドマレット",
          "operator": "PT. Indomarco Prismatama",
          "shop": "convenience",
          "toilets": "yes",
          "toilets:access": "permissive",
          "website": "https://www.klikindomaret.com"
        }
      }
    },
    {
      "type": "Feature",
      "geometry": {
        "type": "Point",
        "coordinates": [
          112.1716262,
          -8.0976166
        ]
      },
      "properties": {
        "id": "osm:node:6688439491",
        "name": "Koffie Time Cafe Resto",
        "category": "Restoran",
        "osm_id": 6688439491,
        "osm_type": "node",
        "metadata": {
          "amenity": "cafe",
          "name": "Koffie Time Cafe Resto"
        }
      }
    },
    {
      "type": "Feature",
      "geometry": {
        "type": "Point",
        "coordinates": [
          112.1828998,
          -8.0981025
        ]
      },
      "properties": {
        "id": "osm:node:6690051955",
        "name": "Indomaret",
        "category": "Minimarket",
        "osm_id": 6690051955,
        "osm_type": "node",
        "metadata": {
          "air_conditioning": "yes",
          "brand": "Indomaret",
          "brand:wikidata": "Q4262825",
          "brand:wikipedia": "id:Indomaret",
          "name": "Indomaret",
          "name:en": "Indomaret",
          "name:id": "Indomaret",
          "name:ja": "インドマレット",
          "operator": "PT. Indomarco Prismatama",
          "shop": "convenience",
          "toilets": "yes",
          "toilets:access": "permissive",
          "website": "https://www.klikindomaret.com"
        }
      }
    },
    {
      "type": "Feature",
      "geometry": {
        "type": "Point",
        "coordinates": [
          112.1650333,
          -8.0949649
        ]
      },
      "properties": {
        "id": "osm:node:6705473341",
        "name": "Unu Blitar",
        "category": "Sekolah (Umum)",
        "osm_id": 6705473341,
        "osm_type": "node",
        "metadata": {
          "addr:city": "Blitar",
          "addr:housename": "Unu Blitar",
          "addr:postcode": "66117",
          "addr:street": "Kauman, Kepanjenkidul, Blitar City, East Java",
          "amenity": "school",
          "name": "Unu Blitar"
        }
      }
    },
    {
      "type": "Feature",
      "geometry": {
        "type": "Point",
        "coordinates": [
          112.1560858,
          -8.1060685
        ]
      },
      "properties": {
        "id": "osm:node:6926151343",
        "name": "Camelia Florist Blitar",
        "category": "Toko Retail (Umum)",
        "osm_id": 6926151343,
        "osm_type": "node",
        "metadata": {
          "name": "Camelia Florist Blitar",
          "shop": "florist"
        }
      }
    },
    {
      "type": "Feature",
      "geometry": {
        "type": "Point",
        "coordinates": [
          111.9006371,
          -8.0816388
        ]
      },
      "properties": {
        "id": "osm:node:7032060185",
        "name": "SMK Negeri 1 Boyolangu Tulungagung",
        "category": "Sekolah Menengah Atas (SMA/SMK/MA)",
        "osm_id": 7032060185,
        "osm_type": "node",
        "metadata": {
          "amenity": "school",
          "name": "SMK Negeri 1 Boyolangu Tulungagung"
        }
      }
    },
    {
      "type": "Feature",
      "geometry": {
        "type": "Point",
        "coordinates": [
          112.1600402,
          -8.1006179
        ]
      },
      "properties": {
        "id": "osm:node:7308431234",
        "name": "Penyetan Bu Minuk",
        "category": "Cepat Saji",
        "osm_id": 7308431234,
        "osm_type": "node",
        "metadata": {
          "amenity": "fast_food",
          "cuisine": "regional",
          "name": "Penyetan Bu Minuk"
        }
      }
    },
    {
      "type": "Feature",
      "geometry": {
        "type": "Point",
        "coordinates": [
          112.1596148,
          -8.1002765
        ]
      },
      "properties": {
        "id": "osm:node:7310738346",
        "name": "Musholla Fatkhur Rohman",
        "category": "Masjid & Mushola",
        "osm_id": 7310738346,
        "osm_type": "node",
        "metadata": {
          "amenity": "place_of_worship",
          "name": "Musholla Fatkhur Rohman",
          "religion": "muslim"
        }
      }
    },
    {
      "type": "Feature",
      "geometry": {
        "type": "Point",
        "coordinates": [
          111.8958518,
          -8.0730843
        ]
      },
      "properties": {
        "id": "osm:node:7320645278",
        "name": "SPBU 54.662.30 Terminal Gayatri",
        "category": "Halte / Terminal Bus",
        "osm_id": 7320645278,
        "osm_type": "node",
        "metadata": {
          "addr:city": "Tulungagung Regency",
          "addr:postcode": "66217",
          "addr:street": "Karangwaru, Tulungagung, Tulungagung Regency, East Java 66217",
          "amenity": "fuel",
          "brand": "Pertamina",
          "fuel:Dex_Diesel": "yes",
          "fuel:Dexlite": "yes",
          "fuel:Pertalite": "yes",
          "fuel:Pertamax": "yes",
          "fuel:Pertamax_Turbo": "yes",
          "fuel:Premium": "yes",
          "name": "SPBU 54.662.30 Terminal Gayatri",
          "self_service": "no"
        }
      }
    },
    {
      "type": "Feature",
      "geometry": {
        "type": "Point",
        "coordinates": [
          111.8958658,
          -8.0688073
        ]
      },
      "properties": {
        "id": "osm:node:7320645279",
        "name": "SPBU Pertamina 54.662.07",
        "category": "SPBU / Stasiun Pengisian Bahan Bakar",
        "osm_id": 7320645279,
        "osm_type": "node",
        "metadata": {
          "addr:city": "Kabupaten Tulungagung",
          "addr:postcode": "66217",
          "addr:street": "Jl. Dr. Sutomo No.98, Karangwaru, Kec. Tulungagung, Kabupaten Tulungagung, Jawa Timur 66217",
          "amenity": "fuel",
          "brand": "Pertamina",
          "fuel:biodiesel": "yes",
          "fuel:diesel": "yes",
          "fuel:octane_90": "yes",
          "fuel:octane_92": "yes",
          "fuel:octane_98": "yes",
          "name": "SPBU Pertamina 54.662.07",
          "self_service": "no"
        }
      }
    },
    {
      "type": "Feature",
      "geometry": {
        "type": "Point",
        "coordinates": [
          111.9706146,
          -8.1152232
        ]
      },
      "properties": {
        "id": "osm:node:7419254665",
        "name": "pure ringin",
        "category": "Taman Kota / Terbuka",
        "osm_id": 7419254665,
        "osm_type": "node",
        "metadata": {
          "leisure": "park",
          "name": "pure ringin"
        }
      }
    },
    {
      "type": "Feature",
      "geometry": {
        "type": "Point",
        "coordinates": [
          111.8994256,
          -8.0686573
        ]
      },
      "properties": {
        "id": "osm:node:7462091301",
        "name": "Sigma Cell & Computer",
        "category": "Toko Retail (Umum)",
        "osm_id": 7462091301,
        "osm_type": "node",
        "metadata": {
          "addr:city": "Tulungagung",
          "addr:housenumber": "98",
          "addr:postcode": "66217",
          "addr:street": "Jalan Diponegoro",
          "currency:IDR": "yes",
          "description": "Sigma Cell & Computer Perangkat Komputer anda bermasalah bisa hubungi kami  Jasa root, unlock, custom rom stb android tv box  [tarif terjangkau]  alamat : telepon/wa 08113657578 sigmacellcomputer.business.site facebook.com/sigma.karangwaru/",
          "email": "karangwaru98@gmail.com",
          "name": "Sigma Cell & Computer",
          "opening_hours": "Mo-Su 09:00-21:00",
          "operator": "Mochamad Ismanu Roziqi",
          "payment:cash": "yes",
          "payment:cryptocurrencies": "yes",
          "payment:mastercard": "yes",
          "payment:visa": "yes",
          "payment:visa_debit": "yes",
          "phone": "+62 81 13657578",
          "shop": "computer",
          "website": "https://sigmacellcomputer.business.site"
        }
      }
    },
    {
      "type": "Feature",
      "geometry": {
        "type": "Point",
        "coordinates": [
          111.9007371,
          -8.0452713
        ]
      },
      "properties": {
        "id": "osm:node:7684809032",
        "name": "Kantor Pemerintahan Desa Winong - Kedungwaru",
        "category": "Layanan Pemerintahan",
        "osm_id": 7684809032,
        "osm_type": "node",
        "metadata": {
          "addr:city": "Winong",
          "addr:housenumber": "19",
          "addr:postcode": "66229",
          "addr:street": "KH Ahmad Dahlan",
          "email": "pemdes@desawinong.com",
          "government": "public_service",
          "name": "Kantor Pemerintahan Desa Winong - Kedungwaru",
          "office": "government",
          "opening_hours": "Mo-Fr 08:00-12:00",
          "website": "https://desawinong.com"
        }
      }
    },
    {
      "type": "Feature",
      "geometry": {
        "type": "Point",
        "coordinates": [
          111.9008334,
          -8.0448172
        ]
      },
      "properties": {
        "id": "osm:node:7684809033",
        "name": "Masjid As Salam Desa Winong",
        "category": "Masjid & Mushola",
        "osm_id": 7684809033,
        "osm_type": "node",
        "metadata": {
          "addr:city": "Winong",
          "addr:postcode": "66229",
          "addr:street": "KH Ahmad Dahlan",
          "amenity": "place_of_worship",
          "denomination": "islam",
          "name": "Masjid As Salam Desa Winong",
          "religion": "muslim",
          "service_times": "Everytime"
        }
      }
    },
    {
      "type": "Feature",
      "geometry": {
        "type": "Point",
        "coordinates": [
          111.9424295,
          -8.1156559
        ]
      },
      "properties": {
        "id": "osm:node:7968522913",
        "name": "SDN 3 Junjung",
        "category": "Sekolah Dasar (SD/MI)",
        "osm_id": 7968522913,
        "osm_type": "node",
        "metadata": {
          "addr:city": "Tulungagung",
          "addr:postcode": "66291",
          "amenity": "school",
          "grades": "0-6",
          "name": "SDN 3 Junjung"
        }
      }
    },
    {
      "type": "Feature",
      "geometry": {
        "type": "Point",
        "coordinates": [
          112.007388,
          -8.1064863
        ]
      },
      "properties": {
        "id": "osm:node:8075620569",
        "name": "Mi Aisyiyah Ngunut",
        "category": "Sekolah Dasar (SD/MI)",
        "osm_id": 8075620569,
        "osm_type": "node",
        "metadata": {
          "addr:city": "Tulungagung",
          "addr:housenumber": "RT/RW 02/01, lingkungan 7",
          "addr:postcode": "66292",
          "addr:street": "jalan Recobarong",
          "amenity": "school",
          "name": "Mi Aisyiyah Ngunut",
          "religion": "muslim"
        }
      }
    },
    {
      "type": "Feature",
      "geometry": {
        "type": "Point",
        "coordinates": [
          111.907355,
          -8.0754486
        ]
      },
      "properties": {
        "id": "osm:node:8512554556",
        "name": "Zetta Media Computer",
        "category": "Toko Retail (Umum)",
        "osm_id": 8512554556,
        "osm_type": "node",
        "metadata": {
          "addr:city": "Jepun",
          "addr:housenumber": "27",
          "addr:postcode": "66218",
          "addr:street": "Jalan Mastrip",
          "name": "Zetta Media Computer",
          "opening_hours": "Mo-Su 09:00-20:00",
          "payment:cash": "yes",
          "phone": "+6281234139999",
          "shop": "computer"
        }
      }
    },
    {
      "type": "Feature",
      "geometry": {
        "type": "Point",
        "coordinates": [
          112.0807283,
          -7.8619731
        ]
      },
      "properties": {
        "id": "osm:node:8515838617",
        "name": "purwanto",
        "category": "Toko Retail (Umum)",
        "osm_id": 8515838617,
        "osm_type": "node",
        "metadata": {
          "addr:street": "Jalan Raya Wates",
          "name": "purwanto",
          "shop": "department_store"
        }
      }
    },
    {
      "type": "Feature",
      "geometry": {
        "type": "Point",
        "coordinates": [
          112.1462992,
          -8.0939788
        ]
      },
      "properties": {
        "id": "osm:node:8530509203",
        "name": "Hayyamart",
        "category": "Supermarket",
        "osm_id": 8530509203,
        "osm_type": "node",
        "metadata": {
          "addr:city": "Sukorejo",
          "addr:housenumber": "12",
          "addr:postcode": "44122",
          "addr:street": "Jalan Bengawan Solo Gg. Ar Rahmah",
          "name": "Hayyamart",
          "opening_hours": "Su-Th 08:00-16:00",
          "payment:cash": "yes",
          "phone": "+6285292389990",
          "shop": "supermarket",
          "website": "https://play.google.com/store/apps/details?id=id.hayyamart.android"
        }
      }
    },
    {
      "type": "Feature",
      "geometry": {
        "type": "Point",
        "coordinates": [
          112.1886594,
          -8.1049027
        ]
      },
      "properties": {
        "id": "osm:node:8544799917",
        "name": "Perumahan Griya Rama Blitar",
        "category": "Lainnya",
        "osm_id": 8544799917,
        "osm_type": "node",
        "metadata": {
          "addr:postcode": "66171",
          "addr:street": "Jalan Madura",
          "email": "bayu@blitarian.com",
          "name": "Perumahan Griya Rama Blitar",
          "opening_hours": "24/7",
          "operator": "Bayu",
          "phone": "085774501000",
          "tourism": "apartment",
          "website": "https://blitarian.com"
        }
      }
    },
    {
      "type": "Feature",
      "geometry": {
        "type": "Point",
        "coordinates": [
          111.9715588,
          -8.1887325
        ]
      },
      "properties": {
        "id": "osm:node:9234146663",
        "name": "Masjid Darunnaja",
        "category": "Masjid & Mushola",
        "osm_id": 9234146663,
        "osm_type": "node",
        "metadata": {
          "amenity": "place_of_worship",
          "name": "Masjid Darunnaja",
          "religion": "muslim"
        }
      }
    },
    {
      "type": "Feature",
      "geometry": {
        "type": "Point",
        "coordinates": [
          111.9680501,
          -8.1876731
        ]
      },
      "properties": {
        "id": "osm:node:9234212696",
        "name": "Mushola Nurul Iman",
        "category": "Masjid & Mushola",
        "osm_id": 9234212696,
        "osm_type": "node",
        "metadata": {
          "amenity": "place_of_worship",
          "name": "Mushola Nurul Iman",
          "religion": "muslim"
        }
      }
    },
    {
      "type": "Feature",
      "geometry": {
        "type": "Point",
        "coordinates": [
          111.9771593,
          -8.1806183
        ]
      },
      "properties": {
        "id": "osm:node:9234227180",
        "name": "Puskesmas Kalidawir",
        "category": "Klinik & Puskesmas",
        "osm_id": 9234227180,
        "osm_type": "node",
        "metadata": {
          "amenity": "clinic",
          "healthcare": "clinic",
          "name": "Puskesmas Kalidawir",
          "operator": "Ministry of Health",
          "operator:en": "Ministry of Health",
          "operator:id": "Kementerian Kesehatan",
          "operator:wikidata": "Q12490745",
          "operator:wikipedia": "id:Kementerian Kesehatan Republik Indonesia"
        }
      }
    },
    {
      "type": "Feature",
      "geometry": {
        "type": "Point",
        "coordinates": [
          111.9749798,
          -8.1869984
        ]
      },
      "properties": {
        "id": "osm:node:9234234853",
        "name": "Mushola Al Ikhlas",
        "category": "Masjid & Mushola",
        "osm_id": 9234234853,
        "osm_type": "node",
        "metadata": {
          "amenity": "place_of_worship",
          "name": "Mushola Al Ikhlas",
          "religion": "muslim"
        }
      }
    },
    {
      "type": "Feature",
      "geometry": {
        "type": "Point",
        "coordinates": [
          111.9709839,
          -8.1875212
        ]
      },
      "properties": {
        "id": "osm:node:9234250153",
        "name": "SDN Karangtalun 3",
        "category": "Sekolah Dasar (SD/MI)",
        "osm_id": 9234250153,
        "osm_type": "node",
        "metadata": {
          "amenity": "school",
          "name": "SDN Karangtalun 3"
        }
      }
    },
    {
      "type": "Feature",
      "geometry": {
        "type": "Point",
        "coordinates": [
          111.9762034,
          -8.1804076
        ]
      },
      "properties": {
        "id": "osm:node:9234256916",
        "name": "Kantor Pos Kalidawir",
        "category": "Layanan Pemerintahan",
        "osm_id": 9234256916,
        "osm_type": "node",
        "metadata": {
          "name": "Kantor Pos Kalidawir",
          "office": "yes"
        }
      }
    },
    {
      "type": "Feature",
      "geometry": {
        "type": "Point",
        "coordinates": [
          112.1593125,
          -8.0876962
        ]
      },
      "properties": {
        "id": "osm:node:9345036615",
        "name": "Taman Bendo",
        "category": "Taman Kota / Terbuka",
        "osm_id": 9345036615,
        "osm_type": "node",
        "metadata": {
          "addr:city": "Kota Blitar",
          "addr:postcode": "66116",
          "addr:street": "Jalan Mahakam",
          "leisure": "park",
          "name": "Taman Bendo",
          "operator": "Admin desa bendo"
        }
      }
    },
    {
      "type": "Feature",
      "geometry": {
        "type": "Point",
        "coordinates": [
          112.1576978,
          -8.0928206
        ]
      },
      "properties": {
        "id": "osm:node:9345110549",
        "name": "Sawah musi",
        "category": "Taman Kota / Terbuka",
        "osm_id": 9345110549,
        "osm_type": "node",
        "metadata": {
          "addr:city": "Kepanjenkidul",
          "addr:housenumber": "21",
          "addr:postcode": "66116",
          "addr:street": "Jalan Musi",
          "leisure": "park",
          "name": "Sawah musi",
          "operator": "Admin musi"
        }
      }
    },
    {
      "type": "Feature",
      "geometry": {
        "type": "Point",
        "coordinates": [
          112.1671071,
          -8.0898683
        ]
      },
      "properties": {
        "id": "osm:node:9345128350",
        "name": "Warung mie ayam solo",
        "category": "Restoran",
        "osm_id": 9345128350,
        "osm_type": "node",
        "metadata": {
          "addr:city": "Blitar",
          "addr:housenumber": "12",
          "addr:postcode": "66116",
          "addr:street": "Jalan Ciliwung",
          "amenity": "restaurant",
          "name": "Warung mie ayam solo"
        }
      }
    },
    {
      "type": "Feature",
      "geometry": {
        "type": "Point",
        "coordinates": [
          111.9621196,
          -7.9538746
        ]
      },
      "properties": {
        "id": "osm:node:9454905614",
        "name": "Puskesmas Kras",
        "category": "Rumah Sakit",
        "osm_id": 9454905614,
        "osm_type": "node",
        "metadata": {
          "addr:city": "Kabupaten Kediri",
          "addr:housenumber": "222",
          "addr:postcode": "64172",
          "addr:street": "Jalan Setia Bakti",
          "amenity": "hospital",
          "healthcare": "hospital",
          "image": "https://goo.gl/maps/dmtTYPJf2WmVRcXU6",
          "name": "Puskesmas Kras",
          "operator": "UPTD Puskesmas Kras",
          "operator:type": "government",
          "phone": "(0354)476294",
          "website": "https://puskesmas-kras.bussiness.site/"
        }
      }
    },
    {
      "type": "Feature",
      "geometry": {
        "type": "Point",
        "coordinates": [
          111.9603979,
          -7.9534088
        ]
      },
      "properties": {
        "id": "osm:node:9454967419",
        "name": "Pasar Kras",
        "category": "Supermarket",
        "osm_id": 9454967419,
        "osm_type": "node",
        "metadata": {
          "addr:city": "Kabupaten Kediri",
          "addr:housenumber": "17",
          "addr:postcode": "64172",
          "addr:street": "Jalan Raya Kras",
          "image": "https://goo.gl/maps/wrJyy3c3QRZ4PkeZ9",
          "name": "Pasar Kras",
          "shop": "supermarket"
        }
      }
    },
    {
      "type": "Feature",
      "geometry": {
        "type": "Point",
        "coordinates": [
          111.9643349,
          -7.9543592
        ]
      },
      "properties": {
        "id": "osm:node:9455019350",
        "name": "SD Negeri Kras 1",
        "category": "Sekolah Dasar (SD/MI)",
        "osm_id": 9455019350,
        "osm_type": "node",
        "metadata": {
          "addr:city": "Kabupaten Kediri",
          "addr:postcode": "64172",
          "addr:street": "Jaan Raya Kanigoro",
          "image": "https://goo.gl/maps/iYxnfyFoxHeqtWCv8",
          "name": "SD Negeri Kras 1",
          "office": "educational_institution",
          "phone": "(+62)85736949566",
          "source": "local knowledge"
        }
      }
    },
    {
      "type": "Feature",
      "geometry": {
        "type": "Point",
        "coordinates": [
          111.9575045,
          -7.9564006
        ]
      },
      "properties": {
        "id": "osm:node:9455252718",
        "name": "SMP Negeri 1 Kras",
        "category": "Sekolah Menengah Pertama (SMP/MTs)",
        "osm_id": 9455252718,
        "osm_type": "node",
        "metadata": {
          "addr:city": "Kabupaten Kediri",
          "addr:housenumber": "4",
          "addr:postcode": "64172",
          "addr:street": "Jalan Raya",
          "image": "https://goo.gl/maps/xzdVJBhiF8f8UccC7",
          "name": "SMP Negeri 1 Kras",
          "office": "educational_institution",
          "phone": "(0354)479732",
          "website": "https://smpn1kras.com/"
        }
      }
    },
    {
      "type": "Feature",
      "geometry": {
        "type": "Point",
        "coordinates": [
          111.9612037,
          -7.9514595
        ]
      },
      "properties": {
        "id": "osm:node:9455271993",
        "name": "Polsek Kras",
        "category": "Layanan Pemerintahan",
        "osm_id": 9455271993,
        "osm_type": "node",
        "metadata": {
          "addr:city": "Kabupaten Kediri",
          "addr:housenumber": "268",
          "addr:postcode": "64172",
          "addr:street": "Jalan Raya Kras",
          "amenity": "police",
          "image": "https://lh5.googleusercontent.com/p/AF1QipMMj-4vl4xU5blGet9KcLJwP8eoqrsoLRNOm1gh=w408-h306-k-no",
          "name": "Polsek Kras",
          "phone": "(0354)479483"
        }
      }
    },
    {
      "type": "Feature",
      "geometry": {
        "type": "Point",
        "coordinates": [
          111.9729116,
          -7.9560761
        ]
      },
      "properties": {
        "id": "osm:node:9455549052",
        "name": "SMK (STM) PGRI Kras",
        "category": "Sekolah Menengah Atas (SMA/SMK/MA)",
        "osm_id": 9455549052,
        "osm_type": "node",
        "metadata": {
          "addr:city": "Kabupaten Kediri",
          "addr:postcode": "64172",
          "addr:street": "Jalan Raya Kras",
          "image": "https://lh4.googleusercontent.com/UuRWWcbHiIoWJ9keMCcdZlzh2C7sCzAVLkgFhzdnQXcjA5vhvGcowpT620Mm8XXuecfJYjsJHtwnTsIXpkWvAxk=w16383",
          "name": "SMK (STM) PGRI Kras",
          "office": "educational_institution",
          "opening_hours": "Mo-Sa 07:00-17:00",
          "phone": "(0354)479478",
          "website": "https://www.smkspgrikras.sch.id/"
        }
      }
    },
    {
      "type": "Feature",
      "geometry": {
        "type": "Point",
        "coordinates": [
          111.9644203,
          -7.9510583
        ]
      },
      "properties": {
        "id": "osm:node:9456960357",
        "name": "SMAS Kadiri Kras",
        "category": "Lainnya",
        "osm_id": 9456960357,
        "osm_type": "node",
        "metadata": {
          "addr:city": "Kabupaten Kediri",
          "addr:postcode": "64172",
          "image": "https://goo.gl/maps/ruoKHu1UP2GzLrbZ6",
          "name": "SMAS Kadiri Kras",
          "office": "educational_institution",
          "opening_hours": "Mo-Sa 07:00-13:00",
          "phone": "+6281333911430"
        }
      }
    },
    {
      "type": "Feature",
      "geometry": {
        "type": "Point",
        "coordinates": [
          111.9724964,
          -7.9555177
        ]
      },
      "properties": {
        "id": "osm:node:9457024630",
        "name": "SMP PGRI Kras",
        "category": "Sekolah Menengah Pertama (SMP/MTs)",
        "osm_id": 9457024630,
        "osm_type": "node",
        "metadata": {
          "addr:city": "Kabupaten Kediri",
          "addr:housenumber": "4",
          "addr:postcode": "64172",
          "addr:street": "Jalan Raya",
          "image": "http://www.smpn1kras.com/asset/foto_berita/head1.JPG",
          "name": "SMP PGRI Kras",
          "office": "educational_institution",
          "opening_hours": "Mo-Sa 07:00-13:00",
          "website": "https://www.smpn1kras.com/main"
        }
      }
    },
    {
      "type": "Feature",
      "geometry": {
        "type": "Point",
        "coordinates": [
          112.1717776,
          -8.1566166
        ]
      },
      "properties": {
        "id": "osm:node:9721973482",
        "name": "Pintu 2 Kampung Coklat Blitar",
        "category": "Lainnya",
        "osm_id": 9721973482,
        "osm_type": "node",
        "metadata": {
          "name": "Pintu 2 Kampung Coklat Blitar",
          "opening_hours": "PH,Mo-Su 08:00-16:30",
          "tourism": "theme_park"
        }
      }
    },
    {
      "type": "Feature",
      "geometry": {
        "type": "Point",
        "coordinates": [
          111.9146824,
          -8.029937
        ]
      },
      "properties": {
        "id": "osm:node:9770029557",
        "name": "Toko Mbah Kalim",
        "category": "Supermarket",
        "osm_id": 9770029557,
        "osm_type": "node",
        "metadata": {
          "name": "Toko Mbah Kalim",
          "payment:cash": "yes",
          "shop": "supermarket"
        }
      }
    },
    {
      "type": "Feature",
      "geometry": {
        "type": "Point",
        "coordinates": [
          111.9148045,
          -8.0276492
        ]
      },
      "properties": {
        "id": "osm:node:9770035735",
        "name": "Masjid Nurul Hidayah",
        "category": "Masjid & Mushola",
        "osm_id": 9770035735,
        "osm_type": "node",
        "metadata": {
          "amenity": "place_of_worship",
          "denomination": "sunni",
          "name": "Masjid Nurul Hidayah",
          "religion": "muslim"
        }
      }
    },
    {
      "type": "Feature",
      "geometry": {
        "type": "Point",
        "coordinates": [
          112.0136961,
          -8.1150486
        ]
      },
      "properties": {
        "id": "osm:node:9955797025",
        "name": "Gepreken",
        "category": "Restoran",
        "osm_id": 9955797025,
        "osm_type": "node",
        "metadata": {
          "addr:city": "Tulungagung",
          "addr:housenumber": "66",
          "addr:postcode": "66292",
          "addr:street": "Jl. Demuk",
          "amenity": "restaurant",
          "cuisine": "asian;chicken;indonesian;geprek",
          "diet:chicken": "yes",
          "diet:halal": "yes",
          "name": "Gepreken",
          "opening_hours": "Mo-Su 09:00-23:59",
          "phone": "+6285155080946",
          "website": "https://www.gepreken.com"
        }
      }
    },
    {
      "type": "Feature",
      "geometry": {
        "type": "Point",
        "coordinates": [
          111.9514071,
          -8.2419942
        ]
      },
      "properties": {
        "id": "osm:node:10083638306",
        "name": "Masjid Al-Amin",
        "category": "Masjid & Mushola",
        "osm_id": 10083638306,
        "osm_type": "node",
        "metadata": {
          "amenity": "place_of_worship",
          "name": "Masjid Al-Amin",
          "religion": "muslim"
        }
      }
    },
    {
      "type": "Feature",
      "geometry": {
        "type": "Point",
        "coordinates": [
          112.1298674,
          -8.1360313
        ]
      },
      "properties": {
        "id": "osm:node:10181646982",
        "name": "Masjid Baiturrahman",
        "category": "Masjid & Mushola",
        "osm_id": 10181646982,
        "osm_type": "node",
        "metadata": {
          "amenity": "place_of_worship",
          "name": "Masjid Baiturrahman",
          "religion": "muslim"
        }
      }
    },
    {
      "type": "Feature",
      "geometry": {
        "type": "Point",
        "coordinates": [
          112.130278,
          -8.1381363
        ]
      },
      "properties": {
        "id": "osm:node:10181648997",
        "name": "Masjid Darussalam",
        "category": "Masjid & Mushola",
        "osm_id": 10181648997,
        "osm_type": "node",
        "metadata": {
          "amenity": "place_of_worship",
          "image": "https://",
          "name": "Masjid Darussalam",
          "opening_hours": "24/7",
          "religion": "muslim",
          "wheelchair": "limited"
        }
      }
    },
    {
      "type": "Feature",
      "geometry": {
        "type": "Point",
        "coordinates": [
          112.1294847,
          -8.1377885
        ]
      },
      "properties": {
        "id": "osm:node:10181659569",
        "name": "Toko SMJ",
        "category": "Supermarket",
        "osm_id": 10181659569,
        "osm_type": "node",
        "metadata": {
          "addr:city": "Blitar",
          "addr:street": "Jimbe",
          "name": "Toko SMJ",
          "shop": "supermarket"
        }
      }
    },
    {
      "type": "Feature",
      "geometry": {
        "type": "Point",
        "coordinates": [
          112.1445096,
          -8.1408975
        ]
      },
      "properties": {
        "id": "osm:node:10181755024",
        "name": "BRI",
        "category": "ATM / Mesin Tunai",
        "osm_id": 10181755024,
        "osm_type": "node",
        "metadata": {
          "amenity": "atm",
          "atm": "yes",
          "brand": "Bank Rakyat Indonesia",
          "brand:wikidata": "Q623042",
          "name": "BRI",
          "official_name": "Bank Rakyat Indonesia",
          "opening_hours": "24/7"
        }
      }
    },
    {
      "type": "Feature",
      "geometry": {
        "type": "Point",
        "coordinates": [
          112.1438123,
          -8.1484672
        ]
      },
      "properties": {
        "id": "osm:node:10198353070",
        "name": "Indomaret",
        "category": "Minimarket",
        "osm_id": 10198353070,
        "osm_type": "node",
        "metadata": {
          "air_conditioning": "yes",
          "brand": "Indomaret",
          "brand:wikidata": "Q4262825",
          "brand:wikipedia": "id:Indomaret",
          "name": "Indomaret",
          "name:en": "Indomaret",
          "name:id": "Indomaret",
          "name:ja": "インドマレット",
          "opening_hours": "Mo-Su 06:00-22:00",
          "operator": "PT. Indomarco Prismatama",
          "payment:cash": "yes",
          "payment:contactless": "yes",
          "payment:debit_cards": "yes",
          "payment:electronic_purses": "yes",
          "shop": "convenience",
          "surveillance:type": "camera",
          "toilets": "yes",
          "toilets:access": "permissive",
          "website": "https://www.klikindomaret.com"
        }
      }
    },
    {
      "type": "Feature",
      "geometry": {
        "type": "Point",
        "coordinates": [
          112.1440379,
          -8.1471743
        ]
      },
      "properties": {
        "id": "osm:node:10198411205",
        "name": "Alfamart",
        "category": "Minimarket",
        "osm_id": 10198411205,
        "osm_type": "node",
        "metadata": {
          "air_conditioning": "yes",
          "brand": "Alfamart",
          "brand:wikidata": "Q23745600",
          "name": "Alfamart",
          "opening_hours": "Mo-Su 06:00-22:00",
          "operator": "PT Sumber Alfaria Trijaya,Tbk",
          "payment:cash": "yes",
          "payment:contactless": "yes",
          "payment:debit_cards": "yes",
          "payment:electronic_purses": "yes",
          "shop": "convenience",
          "surveillance:type": "camera",
          "toilets": "yes",
          "toilets:access": "permissive",
          "toilets:unisex": "yes",
          "website": "https://alfamart.co.id"
        }
      }
    },
    {
      "type": "Feature",
      "geometry": {
        "type": "Point",
        "coordinates": [
          112.1436652,
          -8.1459609
        ]
      },
      "properties": {
        "id": "osm:node:10198411206",
        "name": "SDI Lukmanul Hakim",
        "category": "Sekolah (Umum)",
        "osm_id": 10198411206,
        "osm_type": "node",
        "metadata": {
          "amenity": "school",
          "name": "SDI Lukmanul Hakim"
        }
      }
    },
    {
      "type": "Feature",
      "geometry": {
        "type": "Point",
        "coordinates": [
          112.1455087,
          -8.146644
        ]
      },
      "properties": {
        "id": "osm:node:10198415098",
        "name": "MTS/SMP Darussalam",
        "category": "Sekolah Menengah Pertama (SMP/MTs)",
        "osm_id": 10198415098,
        "osm_type": "node",
        "metadata": {
          "amenity": "school",
          "name": "MTS/SMP Darussalam"
        }
      }
    },
    {
      "type": "Feature",
      "geometry": {
        "type": "Point",
        "coordinates": [
          112.1455446,
          -8.1468248
        ]
      },
      "properties": {
        "id": "osm:node:10198415099",
        "name": "MA/SMA Mandiri Darussalam",
        "category": "Sekolah Menengah Atas (SMA/SMK/MA)",
        "osm_id": 10198415099,
        "osm_type": "node",
        "metadata": {
          "amenity": "school",
          "name": "MA/SMA Mandiri Darussalam"
        }
      }
    },
    {
      "type": "Feature",
      "geometry": {
        "type": "Point",
        "coordinates": [
          112.1461505,
          -8.1475017
        ]
      },
      "properties": {
        "id": "osm:node:10198467276",
        "name": "SDN1 Kademangan",
        "category": "Sekolah (Umum)",
        "osm_id": 10198467276,
        "osm_type": "node",
        "metadata": {
          "amenity": "school",
          "name": "SDN1 Kademangan"
        }
      }
    },
    {
      "type": "Feature",
      "geometry": {
        "type": "Point",
        "coordinates": [
          112.1459353,
          -8.1483115
        ]
      },
      "properties": {
        "id": "osm:node:10198467277",
        "name": "SMAN1 Kademangan",
        "category": "Sekolah (Umum)",
        "osm_id": 10198467277,
        "osm_type": "node",
        "metadata": {
          "amenity": "school",
          "name": "SMAN1 Kademangan"
        }
      }
    },
    {
      "type": "Feature",
      "geometry": {
        "type": "Point",
        "coordinates": [
          112.1458337,
          -8.1444198
        ]
      },
      "properties": {
        "id": "osm:node:10198467278",
        "name": "Pasar Pagi Kademangan",
        "category": "Pasar Tradisional",
        "osm_id": 10198467278,
        "osm_type": "node",
        "metadata": {
          "addr:district": "Blitar",
          "addr:full": "Jl. Setyaki Kademangan",
          "addr:postcode": "66161",
          "addr:province": "Jawa Timur",
          "addr:street": "Jl.Sentiaki",
          "addr:subdistrict": "Kademangan",
          "addr:village": "Kademangan",
          "amenity": "marketplace",
          "name": "Pasar Pagi Kademangan",
          "opening_hours": "Mo-Su 00:01-08:00",
          "shop": "greengrocer",
          "wheelchair": "limited"
        }
      }
    },
    {
      "type": "Feature",
      "geometry": {
        "type": "Point",
        "coordinates": [
          112.1384224,
          -8.1430796
        ]
      },
      "properties": {
        "id": "osm:node:10198467279",
        "name": "SMPN1 Kademangan",
        "category": "Sekolah (Umum)",
        "osm_id": 10198467279,
        "osm_type": "node",
        "metadata": {
          "amenity": "school",
          "name": "SMPN1 Kademangan"
        }
      }
    },
    {
      "type": "Feature",
      "geometry": {
        "type": "Point",
        "coordinates": [
          112.1389481,
          -8.1431486
        ]
      },
      "properties": {
        "id": "osm:node:10198467280",
        "name": "SDN 05 Kademangan",
        "category": "Sekolah Dasar (SD/MI)",
        "osm_id": 10198467280,
        "osm_type": "node",
        "metadata": {
          "amenity": "school",
          "name": "SDN 05 Kademangan"
        }
      }
    },
    {
      "type": "Feature",
      "geometry": {
        "type": "Point",
        "coordinates": [
          112.1365319,
          -8.1397525
        ]
      },
      "properties": {
        "id": "osm:node:10198467283",
        "name": "Berkah Mebel",
        "category": "Toko Mebel",
        "osm_id": 10198467283,
        "osm_type": "node",
        "metadata": {
          "name": "Berkah Mebel",
          "shop": "furniture"
        }
      }
    },
    {
      "type": "Feature",
      "geometry": {
        "type": "Point",
        "coordinates": [
          112.1319354,
          -8.1420377
        ]
      },
      "properties": {
        "id": "osm:node:10198467285",
        "name": "Toko Pertanian Putri Dewi",
        "category": "Toko Retail (Umum)",
        "osm_id": 10198467285,
        "osm_type": "node",
        "metadata": {
          "name": "Toko Pertanian Putri Dewi",
          "shop": "garden_centre"
        }
      }
    },
    {
      "type": "Feature",
      "geometry": {
        "type": "Point",
        "coordinates": [
          112.1367684,
          -8.1398799
        ]
      },
      "properties": {
        "id": "osm:node:10198518211",
        "name": "Bakso Mini",
        "category": "Restoran",
        "osm_id": 10198518211,
        "osm_type": "node",
        "metadata": {
          "amenity": "restaurant",
          "name": "Bakso Mini"
        }
      }
    },
    {
      "type": "Feature",
      "geometry": {
        "type": "Point",
        "coordinates": [
          111.9614617,
          -8.1484626
        ]
      },
      "properties": {
        "id": "osm:node:10229472075",
        "name": "Laundry Karpet Express",
        "category": "Toko Retail (Umum)",
        "osm_id": 10229472075,
        "osm_type": "node",
        "metadata": {
          "contact:facebook": "https://www.facebook.com/people/Laundry-Karpet/100082552145572/",
          "contact:instagram": "https://www.instagram.com/karpet_express01/?fbclid=IwAR3Mp-XVKZfvSNzHUi0WZEzCtZ_8d-uJp6TySvGVEJDeDlTyTjd4U2LWvTI",
          "name": "Laundry Karpet Express",
          "phone": "+62 0821 3979 2326",
          "shop": "laundry"
        }
      }
    },
    {
      "type": "Feature",
      "geometry": {
        "type": "Point",
        "coordinates": [
          112.2108912,
          -8.1275127
        ]
      },
      "properties": {
        "id": "osm:node:10292537234",
        "name": "Pom Bensin 54.661.09",
        "category": "SPBU / Stasiun Pengisian Bahan Bakar",
        "osm_id": 10292537234,
        "osm_type": "node",
        "metadata": {
          "amenity": "fuel",
          "name": "Pom Bensin 54.661.09"
        }
      }
    },
    {
      "type": "Feature",
      "geometry": {
        "type": "Point",
        "coordinates": [
          112.2109725,
          -8.1277204
        ]
      },
      "properties": {
        "id": "osm:node:10292546060",
        "name": "Toilet SPBU",
        "category": "SPBU / Stasiun Pengisian Bahan Bakar",
        "osm_id": 10292546060,
        "osm_type": "node",
        "metadata": {
          "addr:city": "Blitar",
          "addr:district": "Kanirogo",
          "addr:housenumber": "1",
          "addr:postcode": "66171",
          "addr:province": "Jawa Timur",
          "addr:street": "Jalan Raya Blitar - Kanigoro",
          "addr:subdistrict": "Kanirogo",
          "amenity": "toilets",
          "name": "Toilet SPBU"
        }
      }
    },
    {
      "type": "Feature",
      "geometry": {
        "type": "Point",
        "coordinates": [
          112.1836365,
          -8.0797103
        ]
      },
      "properties": {
        "id": "osm:node:10292565475",
        "name": "Blitar Green Park",
        "category": "Taman Kota / Terbuka",
        "osm_id": 10292565475,
        "osm_type": "node",
        "metadata": {
          "name": "Blitar Green Park",
          "tourism": "theme_park"
        }
      }
    },
    {
      "type": "Feature",
      "geometry": {
        "type": "Point",
        "coordinates": [
          112.1701315,
          -8.1561014
        ]
      },
      "properties": {
        "id": "osm:node:10292568734",
        "name": "Pintu 1 Kampung Coklat",
        "category": "Lainnya",
        "osm_id": 10292568734,
        "osm_type": "node",
        "metadata": {
          "name": "Pintu 1 Kampung Coklat",
          "opening_hours": "Mo-Su 08:00-16:30",
          "tourism": "theme_park"
        }
      }
    },
    {
      "type": "Feature",
      "geometry": {
        "type": "Point",
        "coordinates": [
          112.1701456,
          -8.1563485
        ]
      },
      "properties": {
        "id": "osm:node:10292572644",
        "name": "Parkir Pintu Utama Kampung Coklat",
        "category": "Fasilitas Parkir",
        "osm_id": 10292572644,
        "osm_type": "node",
        "metadata": {
          "access": "yes",
          "amenity": "parking",
          "fee": "yes",
          "name": "Parkir Pintu Utama Kampung Coklat",
          "parking": "surface"
        }
      }
    },
    {
      "type": "Feature",
      "geometry": {
        "type": "Point",
        "coordinates": [
          112.1835505,
          -8.0798524
        ]
      },
      "properties": {
        "id": "osm:node:10292573606",
        "name": "Parkir Blitar Green Park",
        "category": "Taman Kota / Terbuka",
        "osm_id": 10292573606,
        "osm_type": "node",
        "metadata": {
          "amenity": "parking",
          "name": "Parkir Blitar Green Park"
        }
      }
    },
    {
      "type": "Feature",
      "geometry": {
        "type": "Point",
        "coordinates": [
          112.1861081,
          -8.0718894
        ]
      },
      "properties": {
        "id": "osm:node:10292576753",
        "name": "Parkir President Lesehan 2",
        "category": "Fasilitas Parkir",
        "osm_id": 10292576753,
        "osm_type": "node",
        "metadata": {
          "amenity": "parking",
          "name": "Parkir President Lesehan 2"
        }
      }
    },
    {
      "type": "Feature",
      "geometry": {
        "type": "Point",
        "coordinates": [
          112.1821981,
          -8.1010155
        ]
      },
      "properties": {
        "id": "osm:node:10292583312",
        "name": "Parkir Bu Mamik",
        "category": "Fasilitas Parkir",
        "osm_id": 10292583312,
        "osm_type": "node",
        "metadata": {
          "amenity": "parking",
          "name": "Parkir Bu Mamik"
        }
      }
    },
    {
      "type": "Feature",
      "geometry": {
        "type": "Point",
        "coordinates": [
          112.1702118,
          -8.1548106
        ]
      },
      "properties": {
        "id": "osm:node:10292742622",
        "name": "Taman Edel Kampung Coklat",
        "category": "Taman Kota / Terbuka",
        "osm_id": 10292742622,
        "osm_type": "node",
        "metadata": {
          "name": "Taman Edel Kampung Coklat",
          "tourism": "theme_park"
        }
      }
    },
    {
      "type": "Feature",
      "geometry": {
        "type": "Point",
        "coordinates": [
          112.1720651,
          -8.1547603
        ]
      },
      "properties": {
        "id": "osm:node:10292755491",
        "name": "Gallery Kampung Coklat",
        "category": "Toko Retail (Umum)",
        "osm_id": 10292755491,
        "osm_type": "node",
        "metadata": {
          "name": "Gallery Kampung Coklat",
          "shop": "gift"
        }
      }
    },
    {
      "type": "Feature",
      "geometry": {
        "type": "Point",
        "coordinates": [
          112.171337,
          -8.0864387
        ]
      },
      "properties": {
        "id": "osm:node:10293197581",
        "name": "Parkir Lesehan d'Dadoz",
        "category": "Fasilitas Parkir",
        "osm_id": 10293197581,
        "osm_type": "node",
        "metadata": {
          "amenity": "parking",
          "name": "Parkir Lesehan d'Dadoz"
        }
      }
    },
    {
      "type": "Feature",
      "geometry": {
        "type": "Point",
        "coordinates": [
          112.1550751,
          -8.0888128
        ]
      },
      "properties": {
        "id": "osm:node:10293242222",
        "name": "SPBU Pertamina 54.661.34 Tanjungsari",
        "category": "SPBU / Stasiun Pengisian Bahan Bakar",
        "osm_id": 10293242222,
        "osm_type": "node",
        "metadata": {
          "addr:city": "Blitar City",
          "addr:postcode": "67122",
          "addr:street": "Tanjungsari, Sukorejo, Blitar City, East Java 67122",
          "amenity": "fuel",
          "brand": "Pertamina",
          "fuel:biodiesel": "yes",
          "fuel:diesel": "yes",
          "fuel:octane_90": "yes",
          "fuel:octane_92": "yes",
          "name": "SPBU Pertamina 54.661.34 Tanjungsari",
          "self_service": "no"
        }
      }
    },
    {
      "type": "Feature",
      "geometry": {
        "type": "Point",
        "coordinates": [
          112.1550376,
          -8.0890035
        ]
      },
      "properties": {
        "id": "osm:node:10294072681",
        "name": "Atm Bni",
        "category": "ATM / Mesin Tunai",
        "osm_id": 10294072681,
        "osm_type": "node",
        "metadata": {
          "amenity": "atm",
          "name": "Atm Bni"
        }
      }
    },
    {
      "type": "Feature",
      "geometry": {
        "type": "Point",
        "coordinates": [
          112.1959089,
          -8.0809923
        ]
      },
      "properties": {
        "id": "osm:node:10294509327",
        "name": "Blitar Park",
        "category": "Taman Kota / Terbuka",
        "osm_id": 10294509327,
        "osm_type": "node",
        "metadata": {
          "check_date": "2022-12-30",
          "internet_access": "no",
          "name": "Blitar Park",
          "opening_hours": "Fr 09:00-12:00,12:30-22:00; PH,Sa-Th 09:00-17:30,18:00-22:00",
          "operator": "Blitar Park",
          "payment:cards": "no",
          "payment:credit_cards": "no",
          "payment:debit_cards": "no",
          "phone": "(0342) 8176697",
          "tourism": "theme_park",
          "wheelchair": "no"
        }
      }
    },
    {
      "type": "Feature",
      "geometry": {
        "type": "Point",
        "coordinates": [
          112.1977393,
          -8.0789456
        ]
      },
      "properties": {
        "id": "osm:node:10294528718",
        "name": "Indomaret Pojok Garum",
        "category": "Minimarket",
        "osm_id": 10294528718,
        "osm_type": "node",
        "metadata": {
          "name": "Indomaret Pojok Garum",
          "opening_hours": "Mo-Su 07:00-22:00",
          "shop": "convenience"
        }
      }
    },
    {
      "type": "Feature",
      "geometry": {
        "type": "Point",
        "coordinates": [
          112.1948962,
          -8.0816098
        ]
      },
      "properties": {
        "id": "osm:node:10294541319",
        "name": "Dinas Pendidikan Kabupaten Blitar",
        "category": "Layanan Pemerintahan",
        "osm_id": 10294541319,
        "osm_type": "node",
        "metadata": {
          "name": "Dinas Pendidikan Kabupaten Blitar",
          "office": "government",
          "opening_hours": "Mo-Fr 07:00-15:30"
        }
      }
    },
    {
      "type": "Feature",
      "geometry": {
        "type": "Point",
        "coordinates": [
          112.198226,
          -8.0788679
        ]
      },
      "properties": {
        "id": "osm:node:10294545809",
        "name": "Alfamart",
        "category": "Minimarket",
        "osm_id": 10294545809,
        "osm_type": "node",
        "metadata": {
          "brand": "Alfamart",
          "brand:wikidata": "Q23745600",
          "name": "Alfamart",
          "opening_hours": "Mo-Su 06:00-22:00",
          "operator": "PT Sumber Alfaria Trijaya,Tbk",
          "shop": "convenience",
          "toilets": "yes",
          "toilets:access": "permissive",
          "toilets:unisex": "yes",
          "website": "https://alfamart.co.id"
        }
      }
    },
    {
      "type": "Feature",
      "geometry": {
        "type": "Point",
        "coordinates": [
          112.1708705,
          -8.095609
        ]
      },
      "properties": {
        "id": "osm:node:10294591492",
        "name": "ATM BNI",
        "category": "ATM / Mesin Tunai",
        "osm_id": 10294591492,
        "osm_type": "node",
        "metadata": {
          "amenity": "atm",
          "brand": "BNI",
          "cash_in": "no",
          "currency:IDR": "yes",
          "drive_through": "no",
          "indoor": "yes",
          "lit": "yes",
          "name": "ATM BNI",
          "opening_hours": "24/7",
          "operator": "ATM BNI",
          "wheelchair": "no"
        }
      }
    },
    {
      "type": "Feature",
      "geometry": {
        "type": "Point",
        "coordinates": [
          112.166298,
          -8.0870523
        ]
      },
      "properties": {
        "id": "osm:node:10299690827",
        "name": "Sport Center Kota Blitar",
        "category": "Fasilitas Olahraga",
        "osm_id": 10299690827,
        "osm_type": "node",
        "metadata": {
          "leisure": "sports_centre",
          "name": "Sport Center Kota Blitar"
        }
      }
    },
    {
      "type": "Feature",
      "geometry": {
        "type": "Point",
        "coordinates": [
          112.1661655,
          -8.0873203
        ]
      },
      "properties": {
        "id": "osm:node:10299690828",
        "name": "Lapangan Basket Sport Center",
        "category": "Fasilitas Olahraga",
        "osm_id": 10299690828,
        "osm_type": "node",
        "metadata": {
          "leisure": "pitch",
          "name": "Lapangan Basket Sport Center",
          "sport": "basketball"
        }
      }
    },
    {
      "type": "Feature",
      "geometry": {
        "type": "Point",
        "coordinates": [
          112.1661079,
          -8.0874743
        ]
      },
      "properties": {
        "id": "osm:node:10299690829",
        "name": "Juniors Baskettball",
        "category": "Fasilitas Olahraga",
        "osm_id": 10299690829,
        "osm_type": "node",
        "metadata": {
          "leisure": "pitch",
          "name": "Juniors Baskettball",
          "sport": "basketball"
        }
      }
    },
    {
      "type": "Feature",
      "geometry": {
        "type": "Point",
        "coordinates": [
          112.1671449,
          -8.0866701
        ]
      },
      "properties": {
        "id": "osm:node:10299690830",
        "name": "PABBSI Kota Blitar",
        "category": "Perkantoran Komersial",
        "osm_id": 10299690830,
        "osm_type": "node",
        "metadata": {
          "name": "PABBSI Kota Blitar",
          "office": "company"
        }
      }
    },
    {
      "type": "Feature",
      "geometry": {
        "type": "Point",
        "coordinates": [
          112.2583341,
          -8.0698869
        ]
      },
      "properties": {
        "id": "osm:node:10299994367",
        "name": "Pura penataran agung Prabha Buana",
        "category": "Pura",
        "osm_id": 10299994367,
        "osm_type": "node",
        "metadata": {
          "amenity": "place_of_worship",
          "name": "Pura penataran agung Prabha Buana",
          "religion": "hindu"
        }
      }
    },
    {
      "type": "Feature",
      "geometry": {
        "type": "Point",
        "coordinates": [
          112.2582778,
          -8.0696585
        ]
      },
      "properties": {
        "id": "osm:node:10299994368",
        "name": "TK Wiyata Dharma",
        "category": "Taman Kanak-Kanak / PAUD",
        "osm_id": 10299994368,
        "osm_type": "node",
        "metadata": {
          "amenity": "kindergarten",
          "name": "TK Wiyata Dharma"
        }
      }
    },
    {
      "type": "Feature",
      "geometry": {
        "type": "Point",
        "coordinates": [
          111.8947739,
          -8.0730824
        ]
      },
      "properties": {
        "id": "osm:node:10539711314",
        "name": "POLSEK KOTA Tulungagung",
        "category": "Layanan Pemerintahan",
        "osm_id": 10539711314,
        "osm_type": "node",
        "metadata": {
          "amenity": "police",
          "name": "POLSEK KOTA Tulungagung",
          "opening_hours": "24/7",
          "operator": "Polisi Republik Indonesia"
        }
      }
    },
    {
      "type": "Feature",
      "geometry": {
        "type": "Point",
        "coordinates": [
          111.9003307,
          -8.0903366
        ]
      },
      "properties": {
        "id": "osm:node:10539758175",
        "name": "Universitas Tulungagung",
        "category": "Perguruan Tinggi",
        "osm_id": 10539758175,
        "osm_type": "node",
        "metadata": {
          "amenity": "university",
          "internet_access": "yes",
          "name": "Universitas Tulungagung",
          "website": "https://unita.ac.id/"
        }
      }
    },
    {
      "type": "Feature",
      "geometry": {
        "type": "Point",
        "coordinates": [
          111.9012972,
          -8.0708916
        ]
      },
      "properties": {
        "id": "osm:node:10539799319",
        "name": "BRI",
        "category": "Bank & Finansial",
        "osm_id": 10539799319,
        "osm_type": "node",
        "metadata": {
          "amenity": "bank",
          "brand": "BRI",
          "brand:wikidata": "Q623042",
          "name": "BRI",
          "official_name": "Bank Rakyat Indonesia"
        }
      }
    },
    {
      "type": "Feature",
      "geometry": {
        "type": "Point",
        "coordinates": [
          111.9014374,
          -8.0709656
        ]
      },
      "properties": {
        "id": "osm:node:10539799320",
        "name": "ATM BRI",
        "category": "ATM / Mesin Tunai",
        "osm_id": 10539799320,
        "osm_type": "node",
        "metadata": {
          "amenity": "atm",
          "brand": "BRI",
          "brand:wikidata": "Q623042",
          "name": "ATM BRI",
          "official_name": "Bank Rakyat Indonesia",
          "operator": "BRI",
          "operator:wikidata": "Q623042"
        }
      }
    },
    {
      "type": "Feature",
      "geometry": {
        "type": "Point",
        "coordinates": [
          111.9013825,
          -8.0685378
        ]
      },
      "properties": {
        "id": "osm:node:10539812696",
        "name": "Apollo Super Mall",
        "category": "Mall / Pusat Perbelanjaan",
        "osm_id": 10539812696,
        "osm_type": "node",
        "metadata": {
          "air_conditioning": "yes",
          "name": "Apollo Super Mall",
          "opening_hours": "Mo-Su 08:00-22:00",
          "operator": "Deltaweb",
          "payment:app": "yes",
          "payment:cash": "yes",
          "payment:credit_cards": "yes",
          "payment:debit_cards": "yes",
          "payment:mastercard": "yes",
          "payment:visa": "yes",
          "shop": "mall"
        }
      }
    },
    {
      "type": "Feature",
      "geometry": {
        "type": "Point",
        "coordinates": [
          111.9017343,
          -8.0702267
        ]
      },
      "properties": {
        "id": "osm:node:10539822845",
        "name": "BCA",
        "category": "Bank & Finansial",
        "osm_id": 10539822845,
        "osm_type": "node",
        "metadata": {
          "amenity": "bank",
          "atm": "yes",
          "brand": "BCA",
          "brand:wikidata": "Q806626",
          "name": "BCA",
          "official_name": "Bank Central Asia",
          "opening_hours": "Mo-Fr 08:00-17:00"
        }
      }
    },
    {
      "type": "Feature",
      "geometry": {
        "type": "Point",
        "coordinates": [
          111.8944448,
          -8.0735258
        ]
      },
      "properties": {
        "id": "osm:node:10539833367",
        "name": "ATM BCA",
        "category": "ATM / Mesin Tunai",
        "osm_id": 10539833367,
        "osm_type": "node",
        "metadata": {
          "amenity": "atm",
          "brand": "Bank Central Asia",
          "brand:wikidata": "Q806626",
          "cash_in": "yes",
          "currency:IDR": "yes",
          "drive_through": "no",
          "name": "ATM BCA",
          "official_name": "Bank Central Asia",
          "operator": "Bank Central Asia",
          "operator:wikidata": "Q806626"
        }
      }
    },
    {
      "type": "Feature",
      "geometry": {
        "type": "Point",
        "coordinates": [
          111.9040599,
          -8.0651959
        ]
      },
      "properties": {
        "id": "osm:node:10539852338",
        "name": "Golden Swalayan",
        "category": "Mall / Pusat Perbelanjaan",
        "osm_id": 10539852338,
        "osm_type": "node",
        "metadata": {
          "name": "Golden Swalayan",
          "opening_hours": "Mo-Su 08:00-22:00",
          "operator": "Delta Web ID",
          "payment:app": "yes",
          "payment:cash": "yes",
          "payment:credit_cards": "yes",
          "payment:mastercard": "yes",
          "payment:visa": "yes",
          "shop": "mall"
        }
      }
    },
    {
      "type": "Feature",
      "geometry": {
        "type": "Point",
        "coordinates": [
          111.8989273,
          -8.0731429
        ]
      },
      "properties": {
        "id": "osm:node:10539884210",
        "name": "BPJS Kesehatan Tulungagung",
        "category": "Layanan Pemerintahan",
        "osm_id": 10539884210,
        "osm_type": "node",
        "metadata": {
          "name": "BPJS Kesehatan Tulungagung",
          "office": "insurance",
          "opening_hours": "Mo-Fr 09:00-17:00"
        }
      }
    },
    {
      "type": "Feature",
      "geometry": {
        "type": "Point",
        "coordinates": [
          111.9046211,
          -8.0736898
        ]
      },
      "properties": {
        "id": "osm:node:10539905144",
        "name": "Crown Victoria",
        "category": "Hotel & Penginapan",
        "osm_id": 10539905144,
        "osm_type": "node",
        "metadata": {
          "internet_access": "yes",
          "internet_access:fee": "customers",
          "name": "Crown Victoria",
          "tourism": "hotel"
        }
      }
    },
    {
      "type": "Feature",
      "geometry": {
        "type": "Point",
        "coordinates": [
          111.8914586,
          -8.0546882
        ]
      },
      "properties": {
        "id": "osm:node:10539910834",
        "name": "Pasar Ngemplak",
        "category": "Pasar Tradisional",
        "osm_id": 10539910834,
        "osm_type": "node",
        "metadata": {
          "addr:city": "Tulungagung",
          "amenity": "marketplace",
          "building": "yes",
          "name": "Pasar Ngemplak",
          "opening_hours": "24/7",
          "operator": "Deltaweb"
        }
      }
    },
    {
      "type": "Feature",
      "geometry": {
        "type": "Point",
        "coordinates": [
          111.9051,
          -8.065658
        ]
      },
      "properties": {
        "id": "osm:node:10539910835",
        "name": "Gereja Katolik Santa Maria",
        "category": "Gereja",
        "osm_id": 10539910835,
        "osm_type": "node",
        "metadata": {
          "amenity": "place_of_worship",
          "denomination": "catholic",
          "name": "Gereja Katolik Santa Maria",
          "religion": "christian"
        }
      }
    },
    {
      "type": "Feature",
      "geometry": {
        "type": "Point",
        "coordinates": [
          111.8984242,
          -8.0745991
        ]
      },
      "properties": {
        "id": "osm:node:10539998017",
        "name": "Pemakaman (Tanpa Nama)",
        "category": "Pemakaman",
        "osm_id": 10539998017,
        "osm_type": "node",
        "metadata": {
          "amenity": "grave_yard",
          "religion": "muslim"
        }
      }
    },
    {
      "type": "Feature",
      "geometry": {
        "type": "Point",
        "coordinates": [
          111.892543,
          -8.0781409
        ]
      },
      "properties": {
        "id": "osm:node:10540094895",
        "name": "Brond Waterpark",
        "category": "Kolam Renang / Rekreasi Air",
        "osm_id": 10540094895,
        "osm_type": "node",
        "metadata": {
          "leisure": "water_park",
          "name": "Brond Waterpark",
          "operator": "Deltaweb"
        }
      }
    },
    {
      "type": "Feature",
      "geometry": {
        "type": "Point",
        "coordinates": [
          112.1283991,
          -7.918906
        ]
      },
      "properties": {
        "id": "osm:node:10566058708",
        "name": "Mie Lioner",
        "category": "Cepat Saji",
        "osm_id": 10566058708,
        "osm_type": "node",
        "metadata": {
          "amenity": "fast_food",
          "name": "Mie Lioner"
        }
      }
    },
    {
      "type": "Feature",
      "geometry": {
        "type": "Point",
        "coordinates": [
          111.8950908,
          -8.1139407
        ]
      },
      "properties": {
        "id": "osm:node:10569058762",
        "name": "Soto Ayam Barokah",
        "category": "Restoran",
        "osm_id": 10569058762,
        "osm_type": "node",
        "metadata": {
          "amenity": "restaurant",
          "cuisine": "chicken",
          "diet:halal": "yes",
          "name": "Soto Ayam Barokah",
          "opening_hours": "Mo-Su 07:00-22:00"
        }
      }
    },
    {
      "type": "Feature",
      "geometry": {
        "type": "Point",
        "coordinates": [
          111.9169447,
          -8.0767038
        ]
      },
      "properties": {
        "id": "osm:node:10569132686",
        "name": "Bravo Swalayan",
        "category": "Mall / Pusat Perbelanjaan",
        "osm_id": 10569132686,
        "osm_type": "node",
        "metadata": {
          "name": "Bravo Swalayan",
          "opening_hours": "Mo-Su 08:00-22:00",
          "operator": "Deltaweb",
          "payment:cash": "yes",
          "payment:debit_cards": "yes",
          "shop": "mall"
        }
      }
    },
    {
      "type": "Feature",
      "geometry": {
        "type": "Point",
        "coordinates": [
          111.8953713,
          -8.073116
        ]
      },
      "properties": {
        "id": "osm:node:10571832336",
        "name": "GRAB Wayang Ajeg",
        "category": "Fasilitas Parkir",
        "osm_id": 10571832336,
        "osm_type": "node",
        "metadata": {
          "amenity": "motorcycle_parking",
          "capacity": "40",
          "name": "GRAB Wayang Ajeg",
          "operator": "Deltaweb"
        }
      }
    },
    {
      "type": "Feature",
      "geometry": {
        "type": "Point",
        "coordinates": [
          111.8942514,
          -8.0756515
        ]
      },
      "properties": {
        "id": "osm:node:10571871157",
        "name": "Masjid Al-Falah",
        "category": "Masjid & Mushola",
        "osm_id": 10571871157,
        "osm_type": "node",
        "metadata": {
          "amenity": "place_of_worship",
          "name": "Masjid Al-Falah",
          "religion": "muslim"
        }
      }
    },
    {
      "type": "Feature",
      "geometry": {
        "type": "Point",
        "coordinates": [
          111.8983138,
          -8.065544
        ]
      },
      "properties": {
        "id": "osm:node:10571933241",
        "name": "Warkop Pelem (WP)",
        "category": "Kafe & Kedai Kopi",
        "osm_id": 10571933241,
        "osm_type": "node",
        "metadata": {
          "amenity": "cafe",
          "cuisine": "coffee_shop",
          "internet_access": "wlan",
          "internet_access:fee": "customers",
          "internet_access:ssid": "Warkop Pelem",
          "name": "Warkop Pelem (WP)"
        }
      }
    },
    {
      "type": "Feature",
      "geometry": {
        "type": "Point",
        "coordinates": [
          111.9038075,
          -8.0655809
        ]
      },
      "properties": {
        "id": "osm:node:10572239844",
        "name": "Basecamp Ojol GGT",
        "category": "Fasilitas Parkir",
        "osm_id": 10572239844,
        "osm_type": "node",
        "metadata": {
          "amenity": "motorcycle_parking",
          "name": "Basecamp Ojol GGT",
          "operator": "Deltaweb"
        }
      }
    },
    {
      "type": "Feature",
      "geometry": {
        "type": "Point",
        "coordinates": [
          111.9064616,
          -8.1238158
        ]
      },
      "properties": {
        "id": "osm:node:10572264103",
        "name": "Kali Sowono",
        "category": "Lainnya",
        "osm_id": 10572264103,
        "osm_type": "node",
        "metadata": {
          "name": "Kali Sowono",
          "operator": "Deltaweb",
          "tourism": "alpine_hut"
        }
      }
    },
    {
      "type": "Feature",
      "geometry": {
        "type": "Point",
        "coordinates": [
          111.9075539,
          -8.0606651
        ]
      },
      "properties": {
        "id": "osm:node:10572267621",
        "name": "BNI",
        "category": "Bank & Finansial",
        "osm_id": 10572267621,
        "osm_type": "node",
        "metadata": {
          "amenity": "bank",
          "brand": "BNI",
          "brand:wikidata": "Q2882611",
          "name": "BNI",
          "official_name": "Bank Negara Indonesia",
          "operator": "Deltaweb"
        }
      }
    },
    {
      "type": "Feature",
      "geometry": {
        "type": "Point",
        "coordinates": [
          111.9059725,
          -8.0656336
        ]
      },
      "properties": {
        "id": "osm:node:10572267622",
        "name": "Telkom Indonesia",
        "category": "Layanan Pemerintahan",
        "osm_id": 10572267622,
        "osm_type": "node",
        "metadata": {
          "name": "Telkom Indonesia",
          "office": "telecommunication"
        }
      }
    },
    {
      "type": "Feature",
      "geometry": {
        "type": "Point",
        "coordinates": [
          111.9075178,
          -8.0628758
        ]
      },
      "properties": {
        "id": "osm:node:10572270425",
        "name": "Bank Mandiri",
        "category": "Bank & Finansial",
        "osm_id": 10572270425,
        "osm_type": "node",
        "metadata": {
          "amenity": "bank",
          "brand": "Bank Mandiri",
          "brand:wikidata": "Q806639",
          "name": "Bank Mandiri",
          "operator": "Deltaweb"
        }
      }
    },
    {
      "type": "Feature",
      "geometry": {
        "type": "Point",
        "coordinates": [
          111.9011598,
          -8.0671462
        ]
      },
      "properties": {
        "id": "osm:node:10572276279",
        "name": "Bank Mega",
        "category": "Bank & Finansial",
        "osm_id": 10572276279,
        "osm_type": "node",
        "metadata": {
          "amenity": "bank",
          "brand": "Bank Mega",
          "brand:wikidata": "Q12474504",
          "name": "Bank Mega",
          "operator": "Deltaweb"
        }
      }
    },
    {
      "type": "Feature",
      "geometry": {
        "type": "Point",
        "coordinates": [
          111.9075016,
          -8.0655277
        ]
      },
      "properties": {
        "id": "osm:node:10572281729",
        "name": "Bank Jatim",
        "category": "Bank & Finansial",
        "osm_id": 10572281729,
        "osm_type": "node",
        "metadata": {
          "amenity": "bank",
          "name": "Bank Jatim",
          "operator": "Deltaweb"
        }
      }
    },
    {
      "type": "Feature",
      "geometry": {
        "type": "Point",
        "coordinates": [
          111.9284686,
          -8.0790366
        ]
      },
      "properties": {
        "id": "osm:node:10572284411",
        "name": "UIN SATU Tulungagung",
        "category": "Perguruan Tinggi",
        "osm_id": 10572284411,
        "osm_type": "node",
        "metadata": {
          "amenity": "university",
          "name": "UIN SATU Tulungagung",
          "operator": "Deltaweb",
          "operator:type": "public",
          "website": "https://www.uinsatu.ac.id/"
        }
      }
    },
    {
      "type": "Feature",
      "geometry": {
        "type": "Point",
        "coordinates": [
          111.9072468,
          -8.1210806
        ]
      },
      "properties": {
        "id": "osm:node:10572295326",
        "name": "Laundry 354",
        "category": "Toko Retail (Umum)",
        "osm_id": 10572295326,
        "osm_type": "node",
        "metadata": {
          "name": "Laundry 354",
          "self_service": "yes",
          "shop": "laundry"
        }
      }
    },
    {
      "type": "Feature",
      "geometry": {
        "type": "Point",
        "coordinates": [
          111.9055377,
          -8.1230908
        ]
      },
      "properties": {
        "id": "osm:node:10572297127",
        "name": "SD Negri Pucung Kidul 2",
        "category": "Sekolah Dasar (SD/MI)",
        "osm_id": 10572297127,
        "osm_type": "node",
        "metadata": {
          "amenity": "school",
          "name": "SD Negri Pucung Kidul 2",
          "operator": "Deltaweb"
        }
      }
    },
    {
      "type": "Feature",
      "geometry": {
        "type": "Point",
        "coordinates": [
          111.9046129,
          -8.0656289
        ]
      },
      "properties": {
        "id": "osm:node:10588028371",
        "name": "Shelter GGT",
        "category": "Fasilitas Transit & Shelter",
        "osm_id": 10588028371,
        "osm_type": "node",
        "metadata": {
          "amenity": "motorcycle_parking",
          "capacity": "15",
          "name": "Shelter GGT",
          "operator": "Deltaweb"
        }
      }
    },
    {
      "type": "Feature",
      "geometry": {
        "type": "Point",
        "coordinates": [
          111.907451,
          -8.0640439
        ]
      },
      "properties": {
        "id": "osm:node:10588551662",
        "name": "Mie Gacoan",
        "category": "Cepat Saji",
        "osm_id": 10588551662,
        "osm_type": "node",
        "metadata": {
          "access": "customers",
          "amenity": "fast_food",
          "capacity": "30",
          "cuisine": "indonesian",
          "name": "Mie Gacoan",
          "operator": "delta.web.id",
          "website": "https://s.id/candro"
        }
      }
    },
    {
      "type": "Feature",
      "geometry": {
        "type": "Point",
        "coordinates": [
          112.2723389,
          -7.9370098
        ]
      },
      "properties": {
        "id": "osm:node:10765537628",
        "name": "Misterious Road Gunung Kelud",
        "category": "Lainnya",
        "osm_id": 10765537628,
        "osm_type": "node",
        "metadata": {
          "name": "Misterious Road Gunung Kelud",
          "tourism": "attraction"
        }
      }
    },
    {
      "type": "Feature",
      "geometry": {
        "type": "Point",
        "coordinates": [
          112.1743929,
          -8.0961779
        ]
      },
      "properties": {
        "id": "osm:node:10796119481",
        "name": "Air Mancur Kebonrojo",
        "category": "Lainnya",
        "osm_id": 10796119481,
        "osm_type": "node",
        "metadata": {
          "access": "yes",
          "amenity": "fountain",
          "drinking_water": "no",
          "lit": "yes",
          "name": "Air Mancur Kebonrojo",
          "operator": "Pemerintah Kota Blitar",
          "smoking": "yes"
        }
      }
    },
    {
      "type": "Feature",
      "geometry": {
        "type": "Point",
        "coordinates": [
          112.178242,
          -8.0823198
        ]
      },
      "properties": {
        "id": "osm:node:10796121378",
        "name": "Parkir Warung Mak Nyak",
        "category": "Fasilitas Parkir",
        "osm_id": 10796121378,
        "osm_type": "node",
        "metadata": {
          "amenity": "parking",
          "name": "Parkir Warung Mak Nyak"
        }
      }
    },
    {
      "type": "Feature",
      "geometry": {
        "type": "Point",
        "coordinates": [
          112.164984,
          -8.0946042
        ]
      },
      "properties": {
        "id": "osm:node:10796145785",
        "name": "Atm Mandiri",
        "category": "ATM / Mesin Tunai",
        "osm_id": 10796145785,
        "osm_type": "node",
        "metadata": {
          "amenity": "atm",
          "cash_in": "no",
          "name": "Atm Mandiri"
        }
      }
    },
    {
      "type": "Feature",
      "geometry": {
        "type": "Point",
        "coordinates": [
          112.1744745,
          -8.0969275
        ]
      },
      "properties": {
        "id": "osm:node:10796154233",
        "name": "Atm BNI",
        "category": "ATM / Mesin Tunai",
        "osm_id": 10796154233,
        "osm_type": "node",
        "metadata": {
          "amenity": "atm",
          "name": "Atm BNI"
        }
      }
    },
    {
      "type": "Feature",
      "geometry": {
        "type": "Point",
        "coordinates": [
          112.1782494,
          -8.0823938
        ]
      },
      "properties": {
        "id": "osm:node:10796165439",
        "name": "Warung Mak Nyak",
        "category": "Restoran",
        "osm_id": 10796165439,
        "osm_type": "node",
        "metadata": {
          "amenity": "restaurant",
          "name": "Warung Mak Nyak"
        }
      }
    },
    {
      "type": "Feature",
      "geometry": {
        "type": "Point",
        "coordinates": [
          112.1646283,
          -8.0946995
        ]
      },
      "properties": {
        "id": "osm:node:10796182088",
        "name": "Soto Simpang Lawu",
        "category": "Cepat Saji",
        "osm_id": 10796182088,
        "osm_type": "node",
        "metadata": {
          "amenity": "fast_food",
          "name": "Soto Simpang Lawu"
        }
      }
    },
    {
      "type": "Feature",
      "geometry": {
        "type": "Point",
        "coordinates": [
          112.1645842,
          -8.0948797
        ]
      },
      "properties": {
        "id": "osm:node:10796183574",
        "name": "M2 Car Wash",
        "category": "Lainnya",
        "osm_id": 10796183574,
        "osm_type": "node",
        "metadata": {
          "amenity": "car_wash",
          "name": "M2 Car Wash"
        }
      }
    },
    {
      "type": "Feature",
      "geometry": {
        "type": "Point",
        "coordinates": [
          112.175129,
          -8.0962691
        ]
      },
      "properties": {
        "id": "osm:node:10796184624",
        "name": "Parkir Motor Taman Kebon Rojo",
        "category": "Bengkel & Otomotif",
        "osm_id": 10796184624,
        "osm_type": "node",
        "metadata": {
          "amenity": "motorcycle_parking",
          "name": "Parkir Motor Taman Kebon Rojo"
        }
      }
    },
    {
      "type": "Feature",
      "geometry": {
        "type": "Point",
        "coordinates": [
          112.1651019,
          -8.0942897
        ]
      },
      "properties": {
        "id": "osm:node:10796189720",
        "name": "Parkir Puri Perdana Hotel",
        "category": "Hotel & Penginapan",
        "osm_id": 10796189720,
        "osm_type": "node",
        "metadata": {
          "amenity": "parking",
          "name": "Parkir Puri Perdana Hotel",
          "parking": "lane"
        }
      }
    },
    {
      "type": "Feature",
      "geometry": {
        "type": "Point",
        "coordinates": [
          112.1738273,
          -8.0963326
        ]
      },
      "properties": {
        "id": "osm:node:10796189969",
        "name": "Toilet Taman Kebon Rojo",
        "category": "Lainnya",
        "osm_id": 10796189969,
        "osm_type": "node",
        "metadata": {
          "amenity": "toilets",
          "name": "Toilet Taman Kebon Rojo"
        }
      }
    },
    {
      "type": "Feature",
      "geometry": {
        "type": "Point",
        "coordinates": [
          112.1647098,
          -8.0946967
        ]
      },
      "properties": {
        "id": "osm:node:10796190115",
        "name": "Hompimpa",
        "category": "Toko Retail (Umum)",
        "osm_id": 10796190115,
        "osm_type": "node",
        "metadata": {
          "name": "Hompimpa",
          "shop": "gift"
        }
      }
    },
    {
      "type": "Feature",
      "geometry": {
        "type": "Point",
        "coordinates": [
          112.0113896,
          -8.1039446
        ]
      },
      "properties": {
        "id": "osm:node:10811637068",
        "name": "Masjid & Mushola (Tanpa Nama)",
        "category": "Masjid & Mushola",
        "osm_id": 10811637068,
        "osm_type": "node",
        "metadata": {
          "amenity": "place_of_worship",
          "religion": "muslim"
        }
      }
    },
    {
      "type": "Feature",
      "geometry": {
        "type": "Point",
        "coordinates": [
          112.03484,
          -7.9854884
        ]
      },
      "properties": {
        "id": "osm:node:10827532983",
        "name": "APOTEK SUMBER ANOM SAMBI",
        "category": "Apotek",
        "osm_id": 10827532983,
        "osm_type": "node",
        "metadata": {
          "addr:city": "Kabupaten Kediri",
          "addr:country": "ID",
          "addr:housenumber": "75B",
          "addr:postcode": "64176",
          "addr:street": "JALAN RAYA SAMBI 75B, KELURAHAN SAMBI, KECAMATAN RINGINREJO",
          "air_conditioning": "yes",
          "branch": "anom.sambi",
          "brand": "Apotek Sumber Anom",
          "check_date": "2024-01-20",
          "contact:facebook": "https://www.facebook.com/anom.smb",
          "currency:rupiah": "yes",
          "description": "Selain produk Apoteker untuk masyarakat, juga menyediakan vitamin, suplemen, OTC, PKRT, alat kesehatan, kecantikan, body care, dan kesehatan lainnya.",
          "email": "kacab.sambi@sumberanom.com",
          "image": "https://www.google.com/maps/uv?pb=!1s0x2e78fa6ff3cffeb1%3A0xdff6145df6ccb27b!5sAPOTEK%20SUMBER%20ANOM%20SAMBI!15sCgIgAQ",
          "level": "0",
          "mobile": "+6282215555457",
          "name": "APOTEK SUMBER ANOM SAMBI",
          "opening_hours": "Su-Mo 08:00-21:00",
          "operator": "PT SUMBER ANOM INDONESIA",
          "payment:app": "yes",
          "payment:cards": "yes",
          "payment:cash": "yes",
          "payment:contactless": "yes",
          "payment:credit_cards": "yes",
          "payment:debit_cards": "yes",
          "phone": "+62354412910",
          "ref:vatin": "53.812.118.7-655.003",
          "second_hand": "no",
          "shop": "nutrition_supplements",
          "source": "survey;local knowledge",
          "start_date": "2014-09-03",
          "toilets": "yes",
          "website": "https://www.sumberanom.id",
          "wheelchair": "yes"
        }
      }
    },
    {
      "type": "Feature",
      "geometry": {
        "type": "Point",
        "coordinates": [
          112.1659461,
          -8.0950592
        ]
      },
      "properties": {
        "id": "osm:node:10945169913",
        "name": "Indomaret",
        "category": "Minimarket",
        "osm_id": 10945169913,
        "osm_type": "node",
        "metadata": {
          "air_conditioning": "yes",
          "brand": "Indomaret",
          "brand:wikidata": "Q4262825",
          "brand:wikipedia": "id:Indomaret",
          "name": "Indomaret",
          "name:en": "Indomaret",
          "name:id": "Indomaret",
          "name:ja": "インドマレット",
          "operator": "PT. Indomarco Prismatama",
          "shop": "convenience",
          "toilets": "yes",
          "toilets:access": "permissive",
          "website": "https://www.klikindomaret.com"
        }
      }
    },
    {
      "type": "Feature",
      "geometry": {
        "type": "Point",
        "coordinates": [
          112.2176895,
          -8.1303129
        ]
      },
      "properties": {
        "id": "osm:node:10945592304",
        "name": "SMP Negeri 1 Kanigoro",
        "category": "Sekolah Menengah Pertama (SMP/MTs)",
        "osm_id": 10945592304,
        "osm_type": "node",
        "metadata": {
          "amenity": "school",
          "name": "SMP Negeri 1 Kanigoro"
        }
      }
    },
    {
      "type": "Feature",
      "geometry": {
        "type": "Point",
        "coordinates": [
          112.218956,
          -8.1310873
        ]
      },
      "properties": {
        "id": "osm:node:10945596299",
        "name": "Taman Kanigoro",
        "category": "Taman Kota / Terbuka",
        "osm_id": 10945596299,
        "osm_type": "node",
        "metadata": {
          "name": "Taman Kanigoro",
          "tourism": "theme_park"
        }
      }
    },
    {
      "type": "Feature",
      "geometry": {
        "type": "Point",
        "coordinates": [
          112.2191432,
          -8.1315409
        ]
      },
      "properties": {
        "id": "osm:node:10948232104",
        "name": "Parkir Taman Kanigoro",
        "category": "Fasilitas Parkir",
        "osm_id": 10948232104,
        "osm_type": "node",
        "metadata": {
          "amenity": "parking",
          "name": "Parkir Taman Kanigoro",
          "parking": "lane"
        }
      }
    },
    {
      "type": "Feature",
      "geometry": {
        "type": "Point",
        "coordinates": [
          112.2182981,
          -8.1310151
        ]
      },
      "properties": {
        "id": "osm:node:10948348284",
        "name": "Toilet Taman Kanigoro",
        "category": "Lainnya",
        "osm_id": 10948348284,
        "osm_type": "node",
        "metadata": {
          "amenity": "toilets",
          "fee": "no",
          "name": "Toilet Taman Kanigoro"
        }
      }
    },
    {
      "type": "Feature",
      "geometry": {
        "type": "Point",
        "coordinates": [
          112.2196076,
          -8.1305835
        ]
      },
      "properties": {
        "id": "osm:node:10948348637",
        "name": "Indomaret Kanigoro",
        "category": "Minimarket",
        "osm_id": 10948348637,
        "osm_type": "node",
        "metadata": {
          "name": "Indomaret Kanigoro",
          "shop": "convenience"
        }
      }
    },
    {
      "type": "Feature",
      "geometry": {
        "type": "Point",
        "coordinates": [
          112.2188661,
          -8.1316736
        ]
      },
      "properties": {
        "id": "osm:node:10948351475",
        "name": "Taman Bermain",
        "category": "Taman Kota / Terbuka",
        "osm_id": 10948351475,
        "osm_type": "node",
        "metadata": {
          "access": "yes",
          "leisure": "playground",
          "name": "Taman Bermain"
        }
      }
    },
    {
      "type": "Feature",
      "geometry": {
        "type": "Point",
        "coordinates": [
          112.2187567,
          -8.131246
        ]
      },
      "properties": {
        "id": "osm:node:10948351556",
        "name": "Pusat Kuliner UMKM Taman Kanigoro",
        "category": "Food Court",
        "osm_id": 10948351556,
        "osm_type": "node",
        "metadata": {
          "amenity": "food_court",
          "name": "Pusat Kuliner UMKM Taman Kanigoro"
        }
      }
    },
    {
      "type": "Feature",
      "geometry": {
        "type": "Point",
        "coordinates": [
          112.1549454,
          -8.1159017
        ]
      },
      "properties": {
        "id": "osm:node:10965040930",
        "name": "Alfamart",
        "category": "Minimarket",
        "osm_id": 10965040930,
        "osm_type": "node",
        "metadata": {
          "brand": "Alfamart",
          "brand:wikidata": "Q23745600",
          "name": "Alfamart",
          "operator": "PT Sumber Alfaria Trijaya,Tbk",
          "shop": "convenience",
          "toilets": "yes",
          "toilets:access": "permissive",
          "toilets:unisex": "yes",
          "website": "https://alfamart.co.id"
        }
      }
    },
    {
      "type": "Feature",
      "geometry": {
        "type": "Point",
        "coordinates": [
          112.1728521,
          -8.1548036
        ]
      },
      "properties": {
        "id": "osm:node:10965053651",
        "name": "Kebun Kakao Kampung Coklat",
        "category": "Toko Retail (Umum)",
        "osm_id": 10965053651,
        "osm_type": "node",
        "metadata": {
          "name": "Kebun Kakao Kampung Coklat",
          "shop": "farm"
        }
      }
    },
    {
      "type": "Feature",
      "geometry": {
        "type": "Point",
        "coordinates": [
          112.1759912,
          -8.102274
        ]
      },
      "properties": {
        "id": "osm:node:11108938086",
        "name": "Cabin15-Syariah Hotel",
        "category": "Hotel & Penginapan",
        "osm_id": 11108938086,
        "osm_type": "node",
        "metadata": {
          "addr:city": "Blitar",
          "addr:housenumber": "37",
          "addr:postcode": "66137",
          "addr:street": "Jalan Nias",
          "air_conditioning": "yes",
          "bar": "no",
          "branch": "Head Office",
          "brand": "Cabin15",
          "check_date": "2023-08-12",
          "contact:facebook": "https://www.instagram.com/cabin15official/",
          "email": "info@cabin15.id",
          "image": "https://cabin15.id/bedrooms/",
          "internet_access": "wlan",
          "internet_access:fee": "customers",
          "level": "1",
          "mobile": "+6282113408752",
          "name": "Cabin15-Syariah Hotel",
          "opening_hours": "24/7",
          "payment:app": "yes",
          "payment:cash": "yes",
          "payment:contactless": "yes",
          "payment:credit_cards": "yes",
          "payment:debit_cards": "yes",
          "phone": "+6282113408752",
          "reservation": "recommended",
          "rooms": "15",
          "smoking": "outside",
          "stars": "0",
          "start_date": "2023-01-01",
          "tourism": "hotel",
          "website": "https://www.cabin15.id/",
          "wheelchair": "limited"
        }
      }
    },
    {
      "type": "Feature",
      "geometry": {
        "type": "Point",
        "coordinates": [
          111.9075879,
          -7.9862481
        ]
      },
      "properties": {
        "id": "osm:node:11188230429",
        "name": "Masjid An-Nuur Sukorejo",
        "category": "Masjid & Mushola",
        "osm_id": 11188230429,
        "osm_type": "node",
        "metadata": {
          "addr:street": "Jl. Sumber Biru, Sukorejo, Karangrejo, Tulungagung",
          "amenity": "place_of_worship",
          "name": "Masjid An-Nuur Sukorejo",
          "opening_hours": "24/7",
          "shop": "religion"
        }
      }
    },
    {
      "type": "Feature",
      "geometry": {
        "type": "Point",
        "coordinates": [
          111.8994989,
          -8.0616629
        ]
      },
      "properties": {
        "id": "osm:node:11221586163",
        "name": "TITD Tjoe Tik Kiong",
        "category": "Vihara",
        "osm_id": 11221586163,
        "osm_type": "node",
        "metadata": {
          "amenity": "place_of_worship",
          "name": "TITD Tjoe Tik Kiong",
          "religion": "buddhist"
        }
      }
    },
    {
      "type": "Feature",
      "geometry": {
        "type": "Point",
        "coordinates": [
          111.8967567,
          -8.0594329
        ]
      },
      "properties": {
        "id": "osm:node:11221626065",
        "name": "Pondok Pelem",
        "category": "Masjid & Mushola",
        "osm_id": 11221626065,
        "osm_type": "node",
        "metadata": {
          "amenity": "place_of_worship",
          "name": "Pondok Pelem",
          "religion": "muslim"
        }
      }
    },
    {
      "type": "Feature",
      "geometry": {
        "type": "Point",
        "coordinates": [
          111.949633,
          -8.083029
        ]
      },
      "properties": {
        "id": "osm:node:11228248115",
        "name": "SPBU Pertamina 54.662.02",
        "category": "SPBU / Stasiun Pengisian Bahan Bakar",
        "osm_id": 11228248115,
        "osm_type": "node",
        "metadata": {
          "amenity": "fuel",
          "name": "SPBU Pertamina 54.662.02"
        }
      }
    },
    {
      "type": "Feature",
      "geometry": {
        "type": "Point",
        "coordinates": [
          111.9497162,
          -8.0832731
        ]
      },
      "properties": {
        "id": "osm:node:11228258367",
        "name": "Toilet Umum",
        "category": "Lainnya",
        "osm_id": 11228258367,
        "osm_type": "node",
        "metadata": {
          "amenity": "toilets",
          "name": "Toilet Umum"
        }
      }
    },
    {
      "type": "Feature",
      "geometry": {
        "type": "Point",
        "coordinates": [
          112.0639528,
          -8.0617304
        ]
      },
      "properties": {
        "id": "osm:node:11233482241",
        "name": "ATM / Mesin Tunai (Tanpa Nama)",
        "category": "ATM / Mesin Tunai",
        "osm_id": 11233482241,
        "osm_type": "node",
        "metadata": {
          "amenity": "atm",
          "currency:IDR": "yes",
          "currency:rupiah": "yes",
          "network": "BNI"
        }
      }
    },
    {
      "type": "Feature",
      "geometry": {
        "type": "Point",
        "coordinates": [
          112.1212616,
          -8.0830142
        ]
      },
      "properties": {
        "id": "osm:node:11233499583",
        "name": "ATM / Mesin Tunai (Tanpa Nama)",
        "category": "ATM / Mesin Tunai",
        "osm_id": 11233499583,
        "osm_type": "node",
        "metadata": {
          "amenity": "atm",
          "currency:IDR": "yes",
          "currency:rupiah": "yes",
          "network": "Mandiri"
        }
      }
    },
    {
      "type": "Feature",
      "geometry": {
        "type": "Point",
        "coordinates": [
          112.1212937,
          -8.0830044
        ]
      },
      "properties": {
        "id": "osm:node:11233499584",
        "name": "ATM / Mesin Tunai (Tanpa Nama)",
        "category": "ATM / Mesin Tunai",
        "osm_id": 11233499584,
        "osm_type": "node",
        "metadata": {
          "amenity": "atm",
          "currency:IDR": "yes",
          "currency:rupiah": "yes",
          "network": "BNI"
        }
      }
    },
    {
      "type": "Feature",
      "geometry": {
        "type": "Point",
        "coordinates": [
          112.1452446,
          -8.0981134
        ]
      },
      "properties": {
        "id": "osm:node:11233606094",
        "name": "ATM / Mesin Tunai (Tanpa Nama)",
        "category": "ATM / Mesin Tunai",
        "osm_id": 11233606094,
        "osm_type": "node",
        "metadata": {
          "amenity": "atm",
          "currency:IDR": "yes",
          "network": "Bank Mega"
        }
      }
    },
    {
      "type": "Feature",
      "geometry": {
        "type": "Point",
        "coordinates": [
          112.1450258,
          -8.0984199
        ]
      },
      "properties": {
        "id": "osm:node:11233606095",
        "name": "ATM / Mesin Tunai (Tanpa Nama)",
        "category": "ATM / Mesin Tunai",
        "osm_id": 11233606095,
        "osm_type": "node",
        "metadata": {
          "amenity": "atm",
          "currency:IDR": "yes",
          "network": "Bank CIMB Niaga"
        }
      }
    },
    {
      "type": "Feature",
      "geometry": {
        "type": "Point",
        "coordinates": [
          112.2456031,
          -8.0399223
        ]
      },
      "properties": {
        "id": "osm:node:11237826876",
        "name": "ATM / Mesin Tunai (Tanpa Nama)",
        "category": "ATM / Mesin Tunai",
        "osm_id": 11237826876,
        "osm_type": "node",
        "metadata": {
          "amenity": "atm",
          "currency:IDR": "yes",
          "drive_through": "no",
          "network": "BRI"
        }
      }
    },
    {
      "type": "Feature",
      "geometry": {
        "type": "Point",
        "coordinates": [
          112.2455984,
          -8.0399986
        ]
      },
      "properties": {
        "id": "osm:node:11237826877",
        "name": "Bank BRI",
        "category": "Bank & Finansial",
        "osm_id": 11237826877,
        "osm_type": "node",
        "metadata": {
          "amenity": "bank",
          "atm": "yes",
          "drive_through": "no",
          "name": "Bank BRI"
        }
      }
    },
    {
      "type": "Feature",
      "geometry": {
        "type": "Point",
        "coordinates": [
          112.1038975,
          -8.1879991
        ]
      },
      "properties": {
        "id": "osm:node:11240125676",
        "name": "ATM / Mesin Tunai (Tanpa Nama)",
        "category": "ATM / Mesin Tunai",
        "osm_id": 11240125676,
        "osm_type": "node",
        "metadata": {
          "amenity": "atm",
          "currency:IDR": "yes",
          "drive_through": "no",
          "network": "Mandiri"
        }
      }
    },
    {
      "type": "Feature",
      "geometry": {
        "type": "Point",
        "coordinates": [
          111.9525701,
          -8.1161948
        ]
      },
      "properties": {
        "id": "osm:node:11240201798",
        "name": "ATM / Mesin Tunai (Tanpa Nama)",
        "category": "ATM / Mesin Tunai",
        "osm_id": 11240201798,
        "osm_type": "node",
        "metadata": {
          "amenity": "atm",
          "currency:IDR": "yes",
          "drive_through": "no",
          "network": "BNI"
        }
      }
    },
    {
      "type": "Feature",
      "geometry": {
        "type": "Point",
        "coordinates": [
          111.8960121,
          -8.0728862
        ]
      },
      "properties": {
        "id": "osm:node:11241035061",
        "name": "ATM / Mesin Tunai (Tanpa Nama)",
        "category": "ATM / Mesin Tunai",
        "osm_id": 11241035061,
        "osm_type": "node",
        "metadata": {
          "amenity": "atm",
          "brand": "BRI",
          "currency:IDR": "yes",
          "currency:rupiah": "yes",
          "drive_through": "no"
        }
      }
    },
    {
      "type": "Feature",
      "geometry": {
        "type": "Point",
        "coordinates": [
          111.8959839,
          -8.0728503
        ]
      },
      "properties": {
        "id": "osm:node:11241035062",
        "name": "ATM / Mesin Tunai (Tanpa Nama)",
        "category": "ATM / Mesin Tunai",
        "osm_id": 11241035062,
        "osm_type": "node",
        "metadata": {
          "amenity": "atm",
          "brand": "Mandiri",
          "currency:IDR": "yes",
          "drive_through": "no"
        }
      }
    },
    {
      "type": "Feature",
      "geometry": {
        "type": "Point",
        "coordinates": [
          112.1647534,
          -8.1311747
        ]
      },
      "properties": {
        "id": "osm:node:11333238347",
        "name": "Kolam Renang Telaga Nirmalaa",
        "category": "Kolam Renang / Rekreasi Air",
        "osm_id": 11333238347,
        "osm_type": "node",
        "metadata": {
          "leisure": "swimming_pool",
          "name": "Kolam Renang Telaga Nirmalaa"
        }
      }
    },
    {
      "type": "Feature",
      "geometry": {
        "type": "Point",
        "coordinates": [
          112.1642665,
          -8.1303557
        ]
      },
      "properties": {
        "id": "osm:node:11333238348",
        "name": "Masjid & Mushola (Tanpa Nama)",
        "category": "Masjid & Mushola",
        "osm_id": 11333238348,
        "osm_type": "node",
        "metadata": {
          "amenity": "place_of_worship",
          "religion": "muslim"
        }
      }
    },
    {
      "type": "Feature",
      "geometry": {
        "type": "Point",
        "coordinates": [
          112.1639134,
          -8.1302855
        ]
      },
      "properties": {
        "id": "osm:node:11333238360",
        "name": "Sekolah (Umum) (Tanpa Nama)",
        "category": "Sekolah (Umum)",
        "osm_id": 11333238360,
        "osm_type": "node",
        "metadata": {
          "amenity": "school"
        }
      }
    },
    {
      "type": "Feature",
      "geometry": {
        "type": "Point",
        "coordinates": [
          112.1658558,
          -8.1310704
        ]
      },
      "properties": {
        "id": "osm:node:11333289908",
        "name": "Toko Pertanian Kusuma Tani",
        "category": "Toko Bangunan",
        "osm_id": 11333289908,
        "osm_type": "node",
        "metadata": {
          "name": "Toko Pertanian Kusuma Tani",
          "shop": "doityourself"
        }
      }
    },
    {
      "type": "Feature",
      "geometry": {
        "type": "Point",
        "coordinates": [
          112.0311518,
          -7.9365089
        ]
      },
      "properties": {
        "id": "osm:node:11346422192",
        "name": "KONTER",
        "category": "Toko HP & Gadget",
        "osm_id": 11346422192,
        "osm_type": "node",
        "metadata": {
          "addr:city": "Kediri",
          "addr:postcode": "64173",
          "addr:street": "Ronodipan",
          "brand": "whitespace",
          "currency:IDR": "yes",
          "currency:USD": "yes",
          "internet_access": "wlan",
          "name": "KONTER",
          "opening_hours": "Mo-Su 07:00-22:00",
          "operator": "Bayu Samudra",
          "payment:app": "yes",
          "payment:cash": "yes",
          "payment:contactless": "yes",
          "phone": "+6285172027272",
          "shop": "mobile_phone"
        }
      }
    },
    {
      "type": "Feature",
      "geometry": {
        "type": "Point",
        "coordinates": [
          111.894274,
          -8.0764276
        ]
      },
      "properties": {
        "id": "osm:node:11373213837",
        "name": "WS Kost",
        "category": "Hotel & Penginapan",
        "osm_id": 11373213837,
        "osm_type": "node",
        "metadata": {
          "internet_access": "yes",
          "internet_access:fee": "no",
          "name": "WS Kost",
          "operator": "delta.web.id",
          "tourism": "hostel"
        }
      }
    },
    {
      "type": "Feature",
      "geometry": {
        "type": "Point",
        "coordinates": [
          111.8884922,
          -8.0742229
        ]
      },
      "properties": {
        "id": "osm:node:11401012052",
        "name": "GOR Gedangsewu",
        "category": "Fasilitas Olahraga",
        "osm_id": 11401012052,
        "osm_type": "node",
        "metadata": {
          "access": "permissive",
          "leisure": "pitch",
          "lit": "yes",
          "name": "GOR Gedangsewu",
          "sport": "badminton",
          "surface": "ground"
        }
      }
    },
    {
      "type": "Feature",
      "geometry": {
        "type": "Point",
        "coordinates": [
          111.8962685,
          -8.0668191
        ]
      },
      "properties": {
        "id": "osm:node:11401080897",
        "name": "Apotek Budi Mulya",
        "category": "Apotek",
        "osm_id": 11401080897,
        "osm_type": "node",
        "metadata": {
          "amenity": "pharmacy",
          "healthcare": "pharmacy",
          "name": "Apotek Budi Mulya"
        }
      }
    },
    {
      "type": "Feature",
      "geometry": {
        "type": "Point",
        "coordinates": [
          111.9203578,
          -8.0258062
        ]
      },
      "properties": {
        "id": "osm:node:11401082455",
        "name": "RS. Putra Waspada",
        "category": "Rumah Sakit",
        "osm_id": 11401082455,
        "osm_type": "node",
        "metadata": {
          "amenity": "hospital",
          "healthcare": "hospital",
          "name": "RS. Putra Waspada"
        }
      }
    },
    {
      "type": "Feature",
      "geometry": {
        "type": "Point",
        "coordinates": [
          111.8726813,
          -8.0646395
        ]
      },
      "properties": {
        "id": "osm:node:11401085438",
        "name": "Pengadilan Agama",
        "category": "Layanan Pemerintahan",
        "osm_id": 11401085438,
        "osm_type": "node",
        "metadata": {
          "amenity": "courthouse",
          "name": "Pengadilan Agama"
        }
      }
    },
    {
      "type": "Feature",
      "geometry": {
        "type": "Point",
        "coordinates": [
          111.9087011,
          -8.0595121
        ]
      },
      "properties": {
        "id": "osm:node:11406405279",
        "name": "SMP 3 Tulungagung",
        "category": "Sekolah Menengah Pertama (SMP/MTs)",
        "osm_id": 11406405279,
        "osm_type": "node",
        "metadata": {
          "amenity": "school",
          "name": "SMP 3 Tulungagung",
          "operator": "s.id/candro",
          "operator:type": "government",
          "website": "https://smpn3tulungagung.sch.id"
        }
      }
    },
    {
      "type": "Feature",
      "geometry": {
        "type": "Point",
        "coordinates": [
          111.8983265,
          -8.0656376
        ]
      },
      "properties": {
        "id": "osm:node:11406437125",
        "name": "Titik Kumpul Wong Mumet",
        "category": "Fasilitas Parkir",
        "osm_id": 11406437125,
        "osm_type": "node",
        "metadata": {
          "amenity": "motorcycle_parking",
          "name": "Titik Kumpul Wong Mumet",
          "operator": "delta.web.id"
        }
      }
    },
    {
      "type": "Feature",
      "geometry": {
        "type": "Point",
        "coordinates": [
          111.9123236,
          -8.0594758
        ]
      },
      "properties": {
        "id": "osm:node:11406438708",
        "name": "The DOME's Cafe & Resto",
        "category": "Restoran",
        "osm_id": 11406438708,
        "osm_type": "node",
        "metadata": {
          "amenity": "cafe",
          "cuisine": "coffee_shop;american",
          "internet_access": "yes",
          "internet_access:fee": "customers",
          "name": "The DOME's Cafe & Resto"
        }
      }
    },
    {
      "type": "Feature",
      "geometry": {
        "type": "Point",
        "coordinates": [
          111.8926758,
          -8.0613972
        ]
      },
      "properties": {
        "id": "osm:node:11442855169",
        "name": "Masjid An Nur",
        "category": "Masjid & Mushola",
        "osm_id": 11442855169,
        "osm_type": "node",
        "metadata": {
          "amenity": "place_of_worship",
          "name": "Masjid An Nur"
        }
      }
    },
    {
      "type": "Feature",
      "geometry": {
        "type": "Point",
        "coordinates": [
          111.9958174,
          -7.8643797
        ]
      },
      "properties": {
        "id": "osm:node:11505831444",
        "name": "Mushola Al- Barokah",
        "category": "Masjid & Mushola",
        "osm_id": 11505831444,
        "osm_type": "node",
        "metadata": {
          "addr:city": "Kediri",
          "addr:postcode": "64171",
          "addr:street": "Badal Pandean",
          "amenity": "place_of_worship",
          "name": "Mushola Al- Barokah",
          "religion": "muslim"
        }
      }
    },
    {
      "type": "Feature",
      "geometry": {
        "type": "Point",
        "coordinates": [
          111.9952107,
          -7.8647382
        ]
      },
      "properties": {
        "id": "osm:node:11505831445",
        "name": "Mushola Al-Faruq",
        "category": "Masjid & Mushola",
        "osm_id": 11505831445,
        "osm_type": "node",
        "metadata": {
          "addr:city": "Kediri",
          "addr:postcode": "64171",
          "addr:street": "Badal Pandean",
          "amenity": "place_of_worship",
          "name": "Mushola Al-Faruq",
          "religion": "muslim"
        }
      }
    },
    {
      "type": "Feature",
      "geometry": {
        "type": "Point",
        "coordinates": [
          111.994083,
          -7.8612394
        ]
      },
      "properties": {
        "id": "osm:node:11505833849",
        "name": "Masjid Al-Ma'ruf Badal Pandean",
        "category": "Masjid & Mushola",
        "osm_id": 11505833849,
        "osm_type": "node",
        "metadata": {
          "addr:city": "Kediri",
          "addr:postcode": "64171",
          "addr:street": "Badal Pandean, Ngadiluwih",
          "amenity": "place_of_worship",
          "name": "Masjid Al-Ma'ruf Badal Pandean",
          "religion": "muslim"
        }
      }
    },
    {
      "type": "Feature",
      "geometry": {
        "type": "Point",
        "coordinates": [
          111.9084486,
          -8.0119146
        ]
      },
      "properties": {
        "id": "osm:node:11513875644",
        "name": "Masjid Al-Mubarokah",
        "category": "Masjid & Mushola",
        "osm_id": 11513875644,
        "osm_type": "node",
        "metadata": {
          "addr:city": "Tulungagung",
          "addr:postcode": "66229",
          "addr:street": "jl. Imam Bonjol",
          "amenity": "place_of_worship",
          "denomination": "nahdhatul_ulama",
          "name": "Masjid Al-Mubarokah",
          "religion": "muslim"
        }
      }
    },
    {
      "type": "Feature",
      "geometry": {
        "type": "Point",
        "coordinates": [
          111.9084741,
          -8.0123273
        ]
      },
      "properties": {
        "id": "osm:node:11513909113",
        "name": "SDI Tahfidz Al-Mubarokah Boro",
        "category": "Sekolah (Umum)",
        "osm_id": 11513909113,
        "osm_type": "node",
        "metadata": {
          "amenity": "school",
          "name": "SDI Tahfidz Al-Mubarokah Boro"
        }
      }
    },
    {
      "type": "Feature",
      "geometry": {
        "type": "Point",
        "coordinates": [
          112.0233288,
          -8.0862613
        ]
      },
      "properties": {
        "id": "osm:node:11655125207",
        "name": "Doyan Ayam Wonodadi, Blitar",
        "category": "Restoran",
        "osm_id": 11655125207,
        "osm_type": "node",
        "metadata": {
          "addr:city": "Kabupaten Blitar",
          "addr:postcode": "66155",
          "addr:street": "Jl. Raya Kunir, Cemandi, Kunir, Kec. Wonodadi",
          "amenity": "restaurant",
          "cuisine": "chicken;indonesian",
          "name": "Doyan Ayam Wonodadi, Blitar"
        }
      }
    },
    {
      "type": "Feature",
      "geometry": {
        "type": "Point",
        "coordinates": [
          112.1841994,
          -8.0877749
        ]
      },
      "properties": {
        "id": "osm:node:11739728880",
        "name": "Candi Gedog",
        "category": "Lainnya",
        "osm_id": 11739728880,
        "osm_type": "node",
        "metadata": {
          "access": "yes",
          "historic": "archaeological_site",
          "name": "Candi Gedog"
        }
      }
    },
    {
      "type": "Feature",
      "geometry": {
        "type": "Point",
        "coordinates": [
          111.9268294,
          -8.1302386
        ]
      },
      "properties": {
        "id": "osm:node:11742679578",
        "name": "Candi Dadi",
        "category": "Lainnya",
        "osm_id": 11742679578,
        "osm_type": "node",
        "metadata": {
          "historic": "archaeological_site",
          "name": "Candi Dadi"
        }
      }
    },
    {
      "type": "Feature",
      "geometry": {
        "type": "Point",
        "coordinates": [
          112.2401706,
          -7.9969517
        ]
      },
      "properties": {
        "id": "osm:node:11777726225",
        "name": "Playground De Karanganjar Koffieplantage",
        "category": "Lainnya",
        "osm_id": 11777726225,
        "osm_type": "node",
        "metadata": {
          "leisure": "playground",
          "name": "Playground De Karanganjar Koffieplantage"
        }
      }
    },
    {
      "type": "Feature",
      "geometry": {
        "type": "Point",
        "coordinates": [
          112.1892029,
          -8.0743017
        ]
      },
      "properties": {
        "id": "osm:node:11777726322",
        "name": "Parkir",
        "category": "Fasilitas Parkir",
        "osm_id": 11777726322,
        "osm_type": "node",
        "metadata": {
          "amenity": "parking",
          "name": "Parkir"
        }
      }
    },
    {
      "type": "Feature",
      "geometry": {
        "type": "Point",
        "coordinates": [
          112.2405581,
          -7.9971275
        ]
      },
      "properties": {
        "id": "osm:node:11777728460",
        "name": "Moesioem Roemah Lodji (Museum Rumah Loji)",
        "category": "Lainnya",
        "osm_id": 11777728460,
        "osm_type": "node",
        "metadata": {
          "name": "Moesioem Roemah Lodji (Museum Rumah Loji)",
          "tourism": "museum"
        }
      }
    },
    {
      "type": "Feature",
      "geometry": {
        "type": "Point",
        "coordinates": [
          112.2406304,
          -7.9967246
        ]
      },
      "properties": {
        "id": "osm:node:11777736662",
        "name": "Moesioem Noegroho De Karanganjar Koffieplantage",
        "category": "Lainnya",
        "osm_id": 11777736662,
        "osm_type": "node",
        "metadata": {
          "name": "Moesioem Noegroho De Karanganjar Koffieplantage",
          "tourism": "museum"
        }
      }
    },
    {
      "type": "Feature",
      "geometry": {
        "type": "Point",
        "coordinates": [
          112.1892953,
          -8.0743701
        ]
      },
      "properties": {
        "id": "osm:node:11777738899",
        "name": "Luweng Lempung Heritage Resto & Community Space",
        "category": "Restoran",
        "osm_id": 11777738899,
        "osm_type": "node",
        "metadata": {
          "amenity": "restaurant",
          "name": "Luweng Lempung Heritage Resto & Community Space"
        }
      }
    },
    {
      "type": "Feature",
      "geometry": {
        "type": "Point",
        "coordinates": [
          112.2400214,
          -7.9974879
        ]
      },
      "properties": {
        "id": "osm:node:11777742203",
        "name": "Parkir De Karanganjar",
        "category": "Fasilitas Parkir",
        "osm_id": 11777742203,
        "osm_type": "node",
        "metadata": {
          "amenity": "parking",
          "name": "Parkir De Karanganjar"
        }
      }
    },
    {
      "type": "Feature",
      "geometry": {
        "type": "Point",
        "coordinates": [
          112.1650917,
          -8.0947007
        ]
      },
      "properties": {
        "id": "osm:node:11777742204",
        "name": "Kadupul 24 Cozy Cafe",
        "category": "Kafe & Kedai Kopi",
        "osm_id": 11777742204,
        "osm_type": "node",
        "metadata": {
          "amenity": "cafe",
          "name": "Kadupul 24 Cozy Cafe"
        }
      }
    },
    {
      "type": "Feature",
      "geometry": {
        "type": "Point",
        "coordinates": [
          112.2410708,
          -7.9969805
        ]
      },
      "properties": {
        "id": "osm:node:11777744999",
        "name": "Vredestuin De Karanganjar Koffieplantage",
        "category": "Lainnya",
        "osm_id": 11777744999,
        "osm_type": "node",
        "metadata": {
          "name": "Vredestuin De Karanganjar Koffieplantage",
          "tourism": "museum"
        }
      }
    },
    {
      "type": "Feature",
      "geometry": {
        "type": "Point",
        "coordinates": [
          112.2398958,
          -7.9974506
        ]
      },
      "properties": {
        "id": "osm:node:11777745000",
        "name": "Gate Tiket Masuk De Karanganjar Koffieplantage",
        "category": "Lainnya",
        "osm_id": 11777745000,
        "osm_type": "node",
        "metadata": {
          "amenity": "payment_terminal",
          "name": "Gate Tiket Masuk De Karanganjar Koffieplantage"
        }
      }
    },
    {
      "type": "Feature",
      "geometry": {
        "type": "Point",
        "coordinates": [
          112.2398321,
          -7.9975872
        ]
      },
      "properties": {
        "id": "osm:node:11777747722",
        "name": "SD Negeri Modangan 02",
        "category": "Sekolah Dasar (SD/MI)",
        "osm_id": 11777747722,
        "osm_type": "node",
        "metadata": {
          "amenity": "school",
          "name": "SD Negeri Modangan 02"
        }
      }
    },
    {
      "type": "Feature",
      "geometry": {
        "type": "Point",
        "coordinates": [
          112.2412932,
          -7.9974355
        ]
      },
      "properties": {
        "id": "osm:node:11777752287",
        "name": "Pabrik Pengolahan Kopi De Karanganjar Koffieplantage",
        "category": "Kafe & Kedai Kopi",
        "osm_id": 11777752287,
        "osm_type": "node",
        "metadata": {
          "name": "Pabrik Pengolahan Kopi De Karanganjar Koffieplantage",
          "tourism": "museum"
        }
      }
    },
    {
      "type": "Feature",
      "geometry": {
        "type": "Point",
        "coordinates": [
          112.165793,
          -8.0948204
        ]
      },
      "properties": {
        "id": "osm:node:11792603490",
        "name": "Ayana Family Reflexology",
        "category": "Toko Retail (Umum)",
        "osm_id": 11792603490,
        "osm_type": "node",
        "metadata": {
          "addr:housenumber": "68B",
          "addr:street": "Jalan Anjasmoro",
          "name": "Ayana Family Reflexology",
          "shop": "massage"
        }
      }
    },
    {
      "type": "Feature",
      "geometry": {
        "type": "Point",
        "coordinates": [
          111.9070704,
          -8.0586089
        ]
      },
      "properties": {
        "id": "osm:node:12016650648",
        "name": "McDonald's",
        "category": "Cepat Saji",
        "osm_id": 12016650648,
        "osm_type": "node",
        "metadata": {
          "amenity": "fast_food",
          "branch": "Tulungagung",
          "brand": "McDonald's",
          "brand:wikidata": "Q38076",
          "cuisine": "burger",
          "name": "McDonald's",
          "takeaway": "yes"
        }
      }
    },
    {
      "type": "Feature",
      "geometry": {
        "type": "Point",
        "coordinates": [
          111.9073034,
          -8.065116
        ]
      },
      "properties": {
        "id": "osm:node:12024319621",
        "name": "Pos Polisi",
        "category": "Layanan Pemerintahan",
        "osm_id": 12024319621,
        "osm_type": "node",
        "metadata": {
          "amenity": "police",
          "name": "Pos Polisi"
        }
      }
    },
    {
      "type": "Feature",
      "geometry": {
        "type": "Point",
        "coordinates": [
          112.1731714,
          -8.1012497
        ]
      },
      "properties": {
        "id": "osm:node:12142274836",
        "name": "SDN 1 Sananwetan",
        "category": "Sekolah Dasar (SD/MI)",
        "osm_id": 12142274836,
        "osm_type": "node",
        "metadata": {
          "alt_name": "SDN Sananwetan 1",
          "name": "SDN 1 Sananwetan",
          "office": "educational_institution",
          "smoking": "no",
          "wheelchair": "limited"
        }
      }
    },
    {
      "type": "Feature",
      "geometry": {
        "type": "Point",
        "coordinates": [
          112.1726476,
          -8.1007451
        ]
      },
      "properties": {
        "id": "osm:node:12142284007",
        "name": "Dinas Pekerjaan Umum dan Penataan Ruang Kota Blitar",
        "category": "Layanan Pemerintahan",
        "osm_id": 12142284007,
        "osm_type": "node",
        "metadata": {
          "government": "public_service",
          "name": "Dinas Pekerjaan Umum dan Penataan Ruang Kota Blitar",
          "office": "government"
        }
      }
    },
    {
      "type": "Feature",
      "geometry": {
        "type": "Point",
        "coordinates": [
          112.1670576,
          -8.098955
        ]
      },
      "properties": {
        "id": "osm:node:12142293284",
        "name": "Panin Bank",
        "category": "Bank & Finansial",
        "osm_id": 12142293284,
        "osm_type": "node",
        "metadata": {
          "air_conditioning": "yes",
          "amenity": "bank",
          "atm": "yes",
          "branch": "Blitar",
          "brand": "Panin Bank",
          "brand:wikidata": "Q12502751",
          "drive_through": "no",
          "name": "Panin Bank",
          "wheelchair": "limited"
        }
      }
    },
    {
      "type": "Feature",
      "geometry": {
        "type": "Point",
        "coordinates": [
          112.1669473,
          -8.0972416
        ]
      },
      "properties": {
        "id": "osm:node:12142301225",
        "name": "SDN 2 Kepanjenlor",
        "category": "Sekolah Dasar (SD/MI)",
        "osm_id": 12142301225,
        "osm_type": "node",
        "metadata": {
          "addr:city": "Blitar",
          "addr:district": "Kepanjenkidul",
          "addr:housenumber": "47",
          "addr:postcode": "66112",
          "addr:province": "Jawa Timur",
          "addr:street": "Jalan Semeru",
          "addr:subdistrict": "Kepanjenlor",
          "alt_name": "SDN Kepanjenlor 2",
          "name": "SDN 2 Kepanjenlor",
          "office": "educational_institution",
          "smoking": "no",
          "wheelchair": "limited"
        }
      }
    },
    {
      "type": "Feature",
      "geometry": {
        "type": "Point",
        "coordinates": [
          112.1651756,
          -8.0992509
        ]
      },
      "properties": {
        "id": "osm:node:12142316936",
        "name": "RTH Taman Pecut",
        "category": "Lainnya",
        "osm_id": 12142316936,
        "osm_type": "node",
        "metadata": {
          "amenity": "fountain",
          "drinking_water": "no",
          "lit": "yes",
          "name": "RTH Taman Pecut",
          "operator": "Pemerintah Kota Blitar"
        }
      }
    },
    {
      "type": "Feature",
      "geometry": {
        "type": "Point",
        "coordinates": [
          112.1743555,
          -8.0953366
        ]
      },
      "properties": {
        "id": "osm:node:12142332557",
        "name": "Balai Kota Kusuma Wicitra",
        "category": "Fasilitas Warga & Balai",
        "osm_id": 12142332557,
        "osm_type": "node",
        "metadata": {
          "amenity": "townhall",
          "name": "Balai Kota Kusuma Wicitra",
          "operator": "Pemerintah Kota Blitar",
          "smoking": "outside",
          "townhall:type": "city",
          "wheelchair": "yes"
        }
      }
    },
    {
      "type": "Feature",
      "geometry": {
        "type": "Point",
        "coordinates": [
          112.1728389,
          -8.093702
        ]
      },
      "properties": {
        "id": "osm:node:12142343728",
        "name": "Hotel Santika Blitar",
        "category": "Hotel & Penginapan",
        "osm_id": 12142343728,
        "osm_type": "node",
        "metadata": {
          "air_conditioning": "yes",
          "brand": "Santika Indonesia Hotels & Resorts",
          "brand:id": "Hotel Santika",
          "brand:wikidata": "Q7420423",
          "internet_access": "wlan",
          "internet_access:fee": "customers",
          "name": "Hotel Santika Blitar",
          "opening_hours": "24/7",
          "reservation": "recommended",
          "tourism": "hotel",
          "website": "https://mysantika.com",
          "wheelchair": "yes"
        }
      }
    },
    {
      "type": "Feature",
      "geometry": {
        "type": "Point",
        "coordinates": [
          112.1747632,
          -8.0951826
        ]
      },
      "properties": {
        "id": "osm:node:12142351409",
        "name": "Rumah Dinas Wali Kota Blitar",
        "category": "Layanan Pemerintahan",
        "osm_id": 12142351409,
        "osm_type": "node",
        "metadata": {
          "access": "permit",
          "castle_type": "stately",
          "historic": "castle",
          "name": "Rumah Dinas Wali Kota Blitar"
        }
      }
    },
    {
      "type": "Feature",
      "geometry": {
        "type": "Point",
        "coordinates": [
          112.1730361,
          -8.0909658
        ]
      },
      "properties": {
        "id": "osm:node:12142351464",
        "name": "SDN 2 Sentul",
        "category": "Sekolah Dasar (SD/MI)",
        "osm_id": 12142351464,
        "osm_type": "node",
        "metadata": {
          "alt_name": "SDN Sentul 2",
          "name": "SDN 2 Sentul",
          "office": "educational_institution",
          "smoking": "no",
          "wheelchair": "limited"
        }
      }
    },
    {
      "type": "Feature",
      "geometry": {
        "type": "Point",
        "coordinates": [
          112.1724045,
          -8.0932688
        ]
      },
      "properties": {
        "id": "osm:node:12142363020",
        "name": "Kantor Kementerian Agama Kota Blitar",
        "category": "Layanan Pemerintahan",
        "osm_id": 12142363020,
        "osm_type": "node",
        "metadata": {
          "government": "public_service",
          "name": "Kantor Kementerian Agama Kota Blitar",
          "office": "government",
          "wheelchair": "limited"
        }
      }
    },
    {
      "type": "Feature",
      "geometry": {
        "type": "Point",
        "coordinates": [
          112.1776839,
          -8.0995326
        ]
      },
      "properties": {
        "id": "osm:node:12142363059",
        "name": "Kantor Kementerian Agama Kabupaten Blitar",
        "category": "Layanan Pemerintahan",
        "osm_id": 12142363059,
        "osm_type": "node",
        "metadata": {
          "government": "public_service",
          "name": "Kantor Kementerian Agama Kabupaten Blitar",
          "office": "government",
          "wheelchair": "limited"
        }
      }
    },
    {
      "type": "Feature",
      "geometry": {
        "type": "Point",
        "coordinates": [
          112.16957,
          -8.0938515
        ]
      },
      "properties": {
        "id": "osm:node:12142369554",
        "name": "Kantor Kelurahan Kepanjenlor",
        "category": "Layanan Pemerintahan",
        "osm_id": 12142369554,
        "osm_type": "node",
        "metadata": {
          "air_conditioning": "no",
          "government": "public_service",
          "name": "Kantor Kelurahan Kepanjenlor",
          "office": "government",
          "wheelchair": "limited"
        }
      }
    },
    {
      "type": "Feature",
      "geometry": {
        "type": "Point",
        "coordinates": [
          112.1725493,
          -8.0928449
        ]
      },
      "properties": {
        "id": "osm:node:12142381930",
        "name": "Dinas Kebudayaan dan Pariwisata Kota Blitar",
        "category": "Layanan Pemerintahan",
        "osm_id": 12142381930,
        "osm_type": "node",
        "metadata": {
          "government": "public_service",
          "name": "Dinas Kebudayaan dan Pariwisata Kota Blitar",
          "office": "government",
          "wheelchair": "limited"
        }
      }
    },
    {
      "type": "Feature",
      "geometry": {
        "type": "Point",
        "coordinates": [
          112.1711098,
          -8.0956556
        ]
      },
      "properties": {
        "id": "osm:node:12142399529",
        "name": "ATM BRI",
        "category": "ATM / Mesin Tunai",
        "osm_id": 12142399529,
        "osm_type": "node",
        "metadata": {
          "amenity": "atm",
          "brand": "BRI",
          "brand:wikidata": "Q623042",
          "cash_in": "no",
          "currency:IDR": "yes",
          "drive_through": "no",
          "indoor": "yes",
          "lit": "yes",
          "name": "ATM BRI",
          "official_name": "Bank Rakyat Indonesia",
          "opening_hours": "24/7",
          "operator": "BRI",
          "operator:wikidata": "Q623042",
          "wheelchair": "no"
        }
      }
    },
    {
      "type": "Feature",
      "geometry": {
        "type": "Point",
        "coordinates": [
          112.1779817,
          -8.099753
        ]
      },
      "properties": {
        "id": "osm:node:12142402417",
        "name": "RA Perwanida",
        "category": "Lainnya",
        "osm_id": 12142402417,
        "osm_type": "node",
        "metadata": {
          "name": "RA Perwanida",
          "office": "educational_institution",
          "smoking": "no",
          "wheelchair": "limited"
        }
      }
    },
    {
      "type": "Feature",
      "geometry": {
        "type": "Point",
        "coordinates": [
          112.1693718,
          -8.0990249
        ]
      },
      "properties": {
        "id": "osm:node:12142408279",
        "name": "Bank Muamalat",
        "category": "Bank & Finansial",
        "osm_id": 12142408279,
        "osm_type": "node",
        "metadata": {
          "air_conditioning": "yes",
          "amenity": "bank",
          "atm": "yes",
          "branch": "Blitar",
          "brand": "Bank Muamalat",
          "brand:wikidata": "Q4855949",
          "currency:IDR": "yes",
          "currency:SAR": "yes",
          "currency:USD": "yes",
          "drive_through": "no",
          "name": "Bank Muamalat",
          "wheelchair": "limited"
        }
      }
    },
    {
      "type": "Feature",
      "geometry": {
        "type": "Point",
        "coordinates": [
          112.1773352,
          -8.1000504
        ]
      },
      "properties": {
        "id": "osm:node:12142408725",
        "name": "Depot Blitar Indah",
        "category": "Restoran",
        "osm_id": 12142408725,
        "osm_type": "node",
        "metadata": {
          "air_conditioning": "no",
          "amenity": "restaurant",
          "cuisine": "indonesian",
          "delivery": "no",
          "diet:halal": "yes",
          "name": "Depot Blitar Indah",
          "outdoor_seating": "no",
          "payment:cash": "yes",
          "smoking": "yes",
          "takeaway": "yes",
          "toilets": "yes",
          "wheelchair": "limited"
        }
      }
    },
    {
      "type": "Feature",
      "geometry": {
        "type": "Point",
        "coordinates": [
          112.1778851,
          -8.0989564
        ]
      },
      "properties": {
        "id": "osm:node:12142408726",
        "name": "MI Perwanida",
        "category": "Sekolah Dasar (SD/MI)",
        "osm_id": 12142408726,
        "osm_type": "node",
        "metadata": {
          "name": "MI Perwanida",
          "office": "educational_institution",
          "smoking": "no",
          "wheelchair": "limited"
        }
      }
    },
    {
      "type": "Feature",
      "geometry": {
        "type": "Point",
        "coordinates": [
          112.1721757,
          -8.0911081
        ]
      },
      "properties": {
        "id": "osm:node:12142411780",
        "name": "Dinas Komunikasi, Informatika, dan Statistik Kota Blitar",
        "category": "Layanan Pemerintahan",
        "osm_id": 12142411780,
        "osm_type": "node",
        "metadata": {
          "air_conditioning": "yes",
          "government": "public_service",
          "internet_access": "yes",
          "internet_access:fee": "no",
          "name": "Dinas Komunikasi, Informatika, dan Statistik Kota Blitar",
          "office": "government",
          "smoking": "outside",
          "wheelchair": "limited"
        }
      }
    },
    {
      "type": "Feature",
      "geometry": {
        "type": "Point",
        "coordinates": [
          112.1731269,
          -8.0912183
        ]
      },
      "properties": {
        "id": "osm:node:12142415379",
        "name": "ATM BCA",
        "category": "ATM / Mesin Tunai",
        "osm_id": 12142415379,
        "osm_type": "node",
        "metadata": {
          "amenity": "atm",
          "brand": "Bank Central Asia",
          "brand:wikidata": "Q806626",
          "cash_in": "no",
          "currency:IDR": "yes",
          "drive_through": "no",
          "indoor": "yes",
          "name": "ATM BCA",
          "opening_hours": "24/7",
          "operator": "Bank Central Asia",
          "operator:wikidata": "Q806626",
          "wheelchair": "no"
        }
      }
    },
    {
      "type": "Feature",
      "geometry": {
        "type": "Point",
        "coordinates": [
          112.1739959,
          -8.0998433
        ]
      },
      "properties": {
        "id": "osm:node:12142417115",
        "name": "Panti Sosial Bina Remaja",
        "category": "Lainnya",
        "osm_id": 12142417115,
        "osm_type": "node",
        "metadata": {
          "amenity": "community_centre",
          "community_centre": "youth_centre",
          "name": "Panti Sosial Bina Remaja",
          "operator": "Dinas Sosial Provinsi Jawa Timur",
          "operator:type": "government",
          "wheelchair": "limited"
        }
      }
    },
    {
      "type": "Feature",
      "geometry": {
        "type": "Point",
        "coordinates": [
          112.1721235,
          -8.0896092
        ]
      },
      "properties": {
        "id": "osm:node:12142417264",
        "name": "ATM Bank Jatim",
        "category": "ATM / Mesin Tunai",
        "osm_id": 12142417264,
        "osm_type": "node",
        "metadata": {
          "amenity": "atm",
          "brand": "Bank Jatim",
          "cash_in": "no",
          "currency:IDR": "yes",
          "drive_through": "no",
          "indoor": "yes",
          "lit": "yes",
          "name": "ATM Bank Jatim",
          "opening_hours": "24/7",
          "operator": "Bank Jatim",
          "wheelchair": "no"
        }
      }
    },
    {
      "type": "Feature",
      "geometry": {
        "type": "Point",
        "coordinates": [
          112.1743982,
          -8.0869827
        ]
      },
      "properties": {
        "id": "osm:node:12142420543",
        "name": "ATM BNI",
        "category": "ATM / Mesin Tunai",
        "osm_id": 12142420543,
        "osm_type": "node",
        "metadata": {
          "amenity": "atm",
          "brand": "BNI",
          "brand:wikidata": "Q2882611",
          "cash_in": "no",
          "currency:IDR": "yes",
          "drive_through": "no",
          "indoor": "yes",
          "lit": "yes",
          "name": "ATM BNI",
          "official_name": "Bank Negara Indonesia",
          "opening_hours": "24/7",
          "operator": "BNI",
          "operator:wikidata": "Q2882611",
          "wheelchair": "no"
        }
      }
    },
    {
      "type": "Feature",
      "geometry": {
        "type": "Point",
        "coordinates": [
          112.1683244,
          -8.1031793
        ]
      },
      "properties": {
        "id": "osm:node:12142426365",
        "name": "Dinas Perpustakaan dan Kearsipan Kota Blitar",
        "category": "Sekolah (Umum)",
        "osm_id": 12142426365,
        "osm_type": "node",
        "metadata": {
          "air_conditioning": "yes",
          "baby_feeding": "room",
          "government": "public_service",
          "internet_access": "yes",
          "internet_access:fee": "no",
          "name": "Dinas Perpustakaan dan Kearsipan Kota Blitar",
          "office": "government",
          "smoking": "outside",
          "wheelchair": "limited"
        }
      }
    },
    {
      "type": "Feature",
      "geometry": {
        "type": "Point",
        "coordinates": [
          112.1731752,
          -8.1040278
        ]
      },
      "properties": {
        "id": "osm:node:12142426437",
        "name": "Perpustakaan Umum Kota Blitar",
        "category": "Sekolah (Umum)",
        "osm_id": 12142426437,
        "osm_type": "node",
        "metadata": {
          "access": "yes",
          "air_conditioning": "yes",
          "amenity": "library",
          "baby_feeding": "room",
          "internet_access": "yes",
          "internet_access:fee": "no",
          "name": "Perpustakaan Umum Kota Blitar",
          "opening_hours": "Mo-Fr 08:00-20:00",
          "wheelchair": "limited"
        }
      }
    },
    {
      "type": "Feature",
      "geometry": {
        "type": "Point",
        "coordinates": [
          112.1687737,
          -8.099957
        ]
      },
      "properties": {
        "id": "osm:node:12142432541",
        "name": "Maybank",
        "category": "Bank & Finansial",
        "osm_id": 12142432541,
        "osm_type": "node",
        "metadata": {
          "air_conditioning": "yes",
          "alt_name": "BII",
          "amenity": "bank",
          "atm": "yes",
          "branch": "Blitar",
          "brand": "Maybank",
          "brand:wikidata": "Q1364018",
          "currency:IDR": "yes",
          "currency:USD": "yes",
          "drive_through": "no",
          "name": "Maybank",
          "wheelchair": "limited"
        }
      }
    },
    {
      "type": "Feature",
      "geometry": {
        "type": "Point",
        "coordinates": [
          112.1706513,
          -8.0929033
        ]
      },
      "properties": {
        "id": "osm:node:12149704176",
        "name": "Lapangan Voli Perumahan Wisma Indah",
        "category": "Hotel & Penginapan",
        "osm_id": 12149704176,
        "osm_type": "node",
        "metadata": {
          "access": "yes",
          "covered": "no",
          "fee": "no",
          "leisure": "pitch",
          "lit": "yes",
          "name": "Lapangan Voli Perumahan Wisma Indah",
          "sport": "volleyball",
          "surface": "grass"
        }
      }
    },
    {
      "type": "Feature",
      "geometry": {
        "type": "Point",
        "coordinates": [
          112.1676752,
          -8.0916465
        ]
      },
      "properties": {
        "id": "osm:node:12149717464",
        "name": "Masjid Ar-Rahman",
        "category": "Masjid & Mushola",
        "osm_id": 12149717464,
        "osm_type": "node",
        "metadata": {
          "air_conditioning": "yes",
          "amenity": "place_of_worship",
          "name": "Masjid Ar-Rahman",
          "religion": "muslim",
          "wheelchair": "yes"
        }
      }
    },
    {
      "type": "Feature",
      "geometry": {
        "type": "Point",
        "coordinates": [
          112.1726744,
          -8.0840545
        ]
      },
      "properties": {
        "id": "osm:node:12149768593",
        "name": "Taman Sentul",
        "category": "Taman Kota / Terbuka",
        "osm_id": 12149768593,
        "osm_type": "node",
        "metadata": {
          "access": "yes",
          "leisure": "park",
          "name": "Taman Sentul",
          "operator": "Pemerintah Kota Blitar",
          "operator:type": "government",
          "smoking": "yes"
        }
      }
    },
    {
      "type": "Feature",
      "geometry": {
        "type": "Point",
        "coordinates": [
          112.1710754,
          -8.0895178
        ]
      },
      "properties": {
        "id": "osm:node:12149775855",
        "name": "SPBU Shell",
        "category": "SPBU / Stasiun Pengisian Bahan Bakar",
        "osm_id": 12149775855,
        "osm_type": "node",
        "metadata": {
          "amenity": "fuel",
          "brand": "Shell",
          "brand:wikidata": "Q110716465",
          "fuel:octane_92": "yes",
          "fuel:octane_95": "yes",
          "name": "SPBU Shell",
          "payment:cards": "yes",
          "payment:cash": "yes",
          "payment:contactless": "yes",
          "payment:credit_cards": "yes",
          "payment:debit_cards": "yes",
          "self_service": "no",
          "wheelchair": "limited"
        }
      }
    },
    {
      "type": "Feature",
      "geometry": {
        "type": "Point",
        "coordinates": [
          112.1626541,
          -8.0906985
        ]
      },
      "properties": {
        "id": "osm:node:12149776562",
        "name": "Soto Mbah Bari",
        "category": "Restoran",
        "osm_id": 12149776562,
        "osm_type": "node",
        "metadata": {
          "air_conditioning": "no",
          "amenity": "restaurant",
          "cuisine": "indonesian",
          "diet:halal": "yes",
          "name": "Soto Mbah Bari",
          "outdoor_seating": "no",
          "payment:cash": "yes",
          "smoking": "yes",
          "takeaway": "yes"
        }
      }
    },
    {
      "type": "Feature",
      "geometry": {
        "type": "Point",
        "coordinates": [
          112.1716292,
          -8.0938924
        ]
      },
      "properties": {
        "id": "osm:node:12149776569",
        "name": "Lapangan Bulu Tangkis Perumahan Wisma Indah",
        "category": "Hotel & Penginapan",
        "osm_id": 12149776569,
        "osm_type": "node",
        "metadata": {
          "access": "yes",
          "covered": "no",
          "fee": "no",
          "leisure": "pitch",
          "lit": "yes",
          "name": "Lapangan Bulu Tangkis Perumahan Wisma Indah",
          "sport": "badminton",
          "surface": "concrete"
        }
      }
    },
    {
      "type": "Feature",
      "geometry": {
        "type": "Point",
        "coordinates": [
          112.1676061,
          -8.089408
        ]
      },
      "properties": {
        "id": "osm:node:12149779856",
        "name": "Kantor Kecamatan Kepanjenkidul",
        "category": "Layanan Pemerintahan",
        "osm_id": 12149779856,
        "osm_type": "node",
        "metadata": {
          "air_conditioning": "yes",
          "government": "administrative",
          "internet_access": "yes",
          "internet_access:fee": "no",
          "name": "Kantor Kecamatan Kepanjenkidul",
          "office": "government",
          "smoking": "outside",
          "wheelchair": "limited"
        }
      }
    },
    {
      "type": "Feature",
      "geometry": {
        "type": "Point",
        "coordinates": [
          112.1705976,
          -8.0931449
        ]
      },
      "properties": {
        "id": "osm:node:12149791107",
        "name": "Masjid Miftakhul Huda",
        "category": "Masjid & Mushola",
        "osm_id": 12149791107,
        "osm_type": "node",
        "metadata": {
          "air_conditioning": "yes",
          "amenity": "place_of_worship",
          "name": "Masjid Miftakhul Huda",
          "religion": "muslim",
          "wheelchair": "limited"
        }
      }
    },
    {
      "type": "Feature",
      "geometry": {
        "type": "Point",
        "coordinates": [
          112.1704447,
          -8.0933467
        ]
      },
      "properties": {
        "id": "osm:node:12149792109",
        "name": "Balai RW 06 Perumahan Wisma Indah",
        "category": "Fasilitas Warga & Balai",
        "osm_id": 12149792109,
        "osm_type": "node",
        "metadata": {
          "air_conditioning": "no",
          "amenity": "community_centre",
          "community_centre": "community_hall",
          "name": "Balai RW 06 Perumahan Wisma Indah",
          "polling_station": "yes",
          "wheelchair": "limited"
        }
      }
    },
    {
      "type": "Feature",
      "geometry": {
        "type": "Point",
        "coordinates": [
          112.1723571,
          -8.0781824
        ]
      },
      "properties": {
        "id": "osm:node:12149792132",
        "name": "Puskesmas Kepanjenkidul",
        "category": "Klinik & Puskesmas",
        "osm_id": 12149792132,
        "osm_type": "node",
        "metadata": {
          "air_conditioning": "no",
          "amenity": "clinic",
          "healthcare": "clinic",
          "name": "Puskesmas Kepanjenkidul",
          "operator": "Ministry of Health",
          "operator:en": "Ministry of Health",
          "operator:id": "Kementerian Kesehatan",
          "operator:type": "public",
          "operator:wikidata": "Q12490745",
          "payment:cash": "yes",
          "wheelchair": "yes"
        }
      }
    },
    {
      "type": "Feature",
      "geometry": {
        "type": "Point",
        "coordinates": [
          112.1703236,
          -8.0832187
        ]
      },
      "properties": {
        "id": "osm:node:12149792133",
        "name": "SDN 1 Bendo",
        "category": "Sekolah Dasar (SD/MI)",
        "osm_id": 12149792133,
        "osm_type": "node",
        "metadata": {
          "air_conditioning": "no",
          "alt_name": "SDN Bendo 1",
          "internet_access": "yes",
          "internet_access:fee": "no",
          "name": "SDN 1 Bendo",
          "office": "educational_institution",
          "smoking": "no",
          "wheelchair": "limited"
        }
      }
    },
    {
      "type": "Feature",
      "geometry": {
        "type": "Point",
        "coordinates": [
          112.1701634,
          -8.0835634
        ]
      },
      "properties": {
        "id": "osm:node:12149793990",
        "name": "MTs Negeri 2 Kota Blitar",
        "category": "Sekolah Menengah Pertama (SMP/MTs)",
        "osm_id": 12149793990,
        "osm_type": "node",
        "metadata": {
          "air_conditioning": "no",
          "alt_name": "MTsN Kepanjenkidul",
          "internet_access": "yes",
          "internet_access:fee": "no",
          "name": "MTs Negeri 2 Kota Blitar",
          "office": "educational_institution",
          "smoking": "no",
          "wheelchair": "limited"
        }
      }
    },
    {
      "type": "Feature",
      "geometry": {
        "type": "Point",
        "coordinates": [
          112.1732691,
          -8.0833864
        ]
      },
      "properties": {
        "id": "osm:node:12149801558",
        "name": "TPU Blumbangsari",
        "category": "Pemakaman",
        "osm_id": 12149801558,
        "osm_type": "node",
        "metadata": {
          "landuse": "cemetery",
          "name": "TPU Blumbangsari"
        }
      }
    },
    {
      "type": "Feature",
      "geometry": {
        "type": "Point",
        "coordinates": [
          112.1720675,
          -8.0786796
        ]
      },
      "properties": {
        "id": "osm:node:12149806703",
        "name": "SMP Negeri 3 Blitar",
        "category": "Sekolah Menengah Pertama (SMP/MTs)",
        "osm_id": 12149806703,
        "osm_type": "node",
        "metadata": {
          "air_conditioning": "no",
          "internet_access": "yes",
          "internet_access:fee": "no",
          "name": "SMP Negeri 3 Blitar",
          "office": "educational_institution",
          "smoking": "no",
          "wheelchair": "limited"
        }
      }
    },
    {
      "type": "Feature",
      "geometry": {
        "type": "Point",
        "coordinates": [
          112.1654987,
          -8.0971559
        ]
      },
      "properties": {
        "id": "osm:node:12149814485",
        "name": "Patung Supriyadi",
        "category": "Lainnya",
        "osm_id": 12149814485,
        "osm_type": "node",
        "metadata": {
          "artwork_type": "statue",
          "name": "Patung Supriyadi",
          "tourism": "artwork"
        }
      }
    },
    {
      "type": "Feature",
      "geometry": {
        "type": "Point",
        "coordinates": [
          112.1809471,
          -8.0923333
        ]
      },
      "properties": {
        "id": "osm:node:12149818186",
        "name": "KFC",
        "category": "Cepat Saji",
        "osm_id": 12149818186,
        "osm_type": "node",
        "metadata": {
          "air_conditioning": "yes",
          "alt_name": "Kentucky Fried Chicken",
          "amenity": "fast_food",
          "branch": "Blitar",
          "brand": "KFC",
          "brand:wikidata": "Q524757",
          "cuisine": "chicken",
          "delivery": "no",
          "diet:halal": "yes",
          "drive_through": "yes",
          "highchair": "yes",
          "name": "KFC",
          "outdoor_seating": "yes",
          "payment:cash": "yes",
          "payment:contactless": "yes",
          "payment:credit_cards": "yes",
          "payment:debit_cards": "yes",
          "smoking": "outside",
          "takeaway": "yes",
          "wheelchair": "yes"
        }
      }
    },
    {
      "type": "Feature",
      "geometry": {
        "type": "Point",
        "coordinates": [
          112.1773361,
          -8.0924156
        ]
      },
      "properties": {
        "id": "osm:node:12149823943",
        "name": "SDN 1 Bendogerit",
        "category": "Sekolah Dasar (SD/MI)",
        "osm_id": 12149823943,
        "osm_type": "node",
        "metadata": {
          "air_conditioning": "no",
          "alt_name": "SDN Bendogerit 1",
          "amenity": "school",
          "internet_access": "yes",
          "internet_access:fee": "no",
          "name": "SDN 1 Bendogerit",
          "office": "educational_institution",
          "smoking": "no",
          "wheelchair": "limited"
        }
      }
    },
    {
      "type": "Feature",
      "geometry": {
        "type": "Point",
        "coordinates": [
          112.1836738,
          -8.0910796
        ]
      },
      "properties": {
        "id": "osm:node:12149825819",
        "name": "Patung Bung Karno",
        "category": "Lainnya",
        "osm_id": 12149825819,
        "osm_type": "node",
        "metadata": {
          "artwork_type": "statue",
          "material": "bronze",
          "name": "Patung Bung Karno",
          "tourism": "artwork"
        }
      }
    },
    {
      "type": "Feature",
      "geometry": {
        "type": "Point",
        "coordinates": [
          112.1773083,
          -8.0934009
        ]
      },
      "properties": {
        "id": "osm:node:12149825841",
        "name": "Monumen Potlot",
        "category": "Lainnya",
        "osm_id": 12149825841,
        "osm_type": "node",
        "metadata": {
          "historic": "monument",
          "man_made": "obelisk",
          "material": "concrete",
          "name": "Monumen Potlot"
        }
      }
    },
    {
      "type": "Feature",
      "geometry": {
        "type": "Point",
        "coordinates": [
          112.1806821,
          -8.0925651
        ]
      },
      "properties": {
        "id": "osm:node:12149834926",
        "name": "Bea Cukai Blitar",
        "category": "Layanan Pemerintahan",
        "osm_id": 12149834926,
        "osm_type": "node",
        "metadata": {
          "air_conditioning": "yes",
          "government": "customs",
          "internet_access": "yes",
          "internet_access:fee": "no",
          "name": "Bea Cukai Blitar",
          "office": "government",
          "smoking": "outside",
          "wheelchair": "limited"
        }
      }
    },
    {
      "type": "Feature",
      "geometry": {
        "type": "Point",
        "coordinates": [
          112.1799149,
          -8.092739
        ]
      },
      "properties": {
        "id": "osm:node:12149838041",
        "name": "Kejaksaan Negeri Blitar",
        "category": "Layanan Pemerintahan",
        "osm_id": 12149838041,
        "osm_type": "node",
        "metadata": {
          "air_conditioning": "yes",
          "government": "prosecutor",
          "internet_access": "yes",
          "internet_access:fee": "no",
          "name": "Kejaksaan Negeri Blitar",
          "office": "government",
          "smoking": "outside",
          "wheelchair": "limited"
        }
      }
    },
    {
      "type": "Feature",
      "geometry": {
        "type": "Point",
        "coordinates": [
          112.1648362,
          -8.0970827
        ]
      },
      "properties": {
        "id": "osm:node:12149843711",
        "name": "Dinas Kesehatan Kabupaten Blitar",
        "category": "Layanan Pemerintahan",
        "osm_id": 12149843711,
        "osm_type": "node",
        "metadata": {
          "air_conditioning": "no",
          "government": "public_service",
          "internet_access": "yes",
          "internet_access:fee": "no",
          "name": "Dinas Kesehatan Kabupaten Blitar",
          "office": "government",
          "smoking": "outside",
          "wheelchair": "limited"
        }
      }
    },
    {
      "type": "Feature",
      "geometry": {
        "type": "Point",
        "coordinates": [
          112.1755598,
          -8.089514
        ]
      },
      "properties": {
        "id": "osm:node:12149873833",
        "name": "Masjid Darussalam",
        "category": "Masjid & Mushola",
        "osm_id": 12149873833,
        "osm_type": "node",
        "metadata": {
          "air_conditioning": "no",
          "amenity": "place_of_worship",
          "name": "Masjid Darussalam",
          "religion": "muslim",
          "wheelchair": "no"
        }
      }
    },
    {
      "type": "Feature",
      "geometry": {
        "type": "Point",
        "coordinates": [
          112.1738671,
          -8.0877506
        ]
      },
      "properties": {
        "id": "osm:node:12155259648",
        "name": "Vihara Samaggi Jaya",
        "category": "Vihara",
        "osm_id": 12155259648,
        "osm_type": "node",
        "metadata": {
          "air_conditioning": "no",
          "amenity": "place_of_worship",
          "name": "Vihara Samaggi Jaya",
          "religion": "buddhist",
          "wheelchair": "limited"
        }
      }
    },
    {
      "type": "Feature",
      "geometry": {
        "type": "Point",
        "coordinates": [
          112.1763763,
          -8.0850635
        ]
      },
      "properties": {
        "id": "osm:node:12155268752",
        "name": "TPU Mardi Mulyo",
        "category": "Pemakaman",
        "osm_id": 12155268752,
        "osm_type": "node",
        "metadata": {
          "landuse": "cemetery",
          "name": "TPU Mardi Mulyo"
        }
      }
    },
    {
      "type": "Feature",
      "geometry": {
        "type": "Point",
        "coordinates": [
          112.176786,
          -8.083279
        ]
      },
      "properties": {
        "id": "osm:node:12155271322",
        "name": "Kantor Kelurahan Sentul",
        "category": "Layanan Pemerintahan",
        "osm_id": 12155271322,
        "osm_type": "node",
        "metadata": {
          "air_conditioning": "no",
          "government": "administrative",
          "internet_access": "yes",
          "internet_access:fee": "no",
          "name": "Kantor Kelurahan Sentul",
          "office": "government",
          "wheelchair": "limited"
        }
      }
    },
    {
      "type": "Feature",
      "geometry": {
        "type": "Point",
        "coordinates": [
          112.1740726,
          -8.0871311
        ]
      },
      "properties": {
        "id": "osm:node:12155272445",
        "name": "Hotel Saptra Mandala",
        "category": "Hotel & Penginapan",
        "osm_id": 12155272445,
        "osm_type": "node",
        "metadata": {
          "name": "Hotel Saptra Mandala",
          "opening_hours": "24/7",
          "reservation": "yes",
          "tourism": "hotel"
        }
      }
    },
    {
      "type": "Feature",
      "geometry": {
        "type": "Point",
        "coordinates": [
          112.1817253,
          -8.0915428
        ]
      },
      "properties": {
        "id": "osm:node:12155273454",
        "name": "Indomaret",
        "category": "Minimarket",
        "osm_id": 12155273454,
        "osm_type": "node",
        "metadata": {
          "air_conditioning": "yes",
          "brand": "Indomaret",
          "brand:wikidata": "Q4262825",
          "brand:wikipedia": "id:Indomaret",
          "currency:IDR": "yes",
          "name": "Indomaret",
          "name:en": "Indomaret",
          "name:id": "Indomaret",
          "name:ja": "インドマレット",
          "operator": "PT. Indomarco Prismatama",
          "payment:cards": "yes",
          "payment:cash": "yes",
          "payment:contactless": "yes",
          "payment:credit_cards": "yes",
          "payment:debit_cards": "yes",
          "shop": "convenience",
          "toilets": "yes",
          "toilets:access": "permissive",
          "website": "https://www.klikindomaret.com",
          "wheelchair": "limited"
        }
      }
    },
    {
      "type": "Feature",
      "geometry": {
        "type": "Point",
        "coordinates": [
          112.1793226,
          -8.0925993
        ]
      },
      "properties": {
        "id": "osm:node:12155273734",
        "name": "Alfamidi",
        "category": "Minimarket",
        "osm_id": 12155273734,
        "osm_type": "node",
        "metadata": {
          "air_conditioning": "yes",
          "brand": "Alfamidi",
          "brand:wikidata": "Q12471462",
          "currency:IDR": "yes",
          "name": "Alfamidi",
          "opening_hours": "Mo-Su 06:00-24:00",
          "payment:cards": "yes",
          "payment:cash": "yes",
          "payment:contactless": "yes",
          "payment:credit_cards": "yes",
          "payment:debit_cards": "yes",
          "shop": "convenience",
          "toilets": "yes",
          "wheelchair": "limited"
        }
      }
    },
    {
      "type": "Feature",
      "geometry": {
        "type": "Point",
        "coordinates": [
          112.1725245,
          -8.0897388
        ]
      },
      "properties": {
        "id": "osm:node:12155282730",
        "name": "Puskesmas Pembantu Sentul Pariwisata",
        "category": "Klinik & Puskesmas",
        "osm_id": 12155282730,
        "osm_type": "node",
        "metadata": {
          "air_conditioning": "no",
          "amenity": "clinic",
          "healthcare": "clinic",
          "name": "Puskesmas Pembantu Sentul Pariwisata",
          "operator": "Ministry of Health",
          "operator:en": "Ministry of Health",
          "operator:id": "Kementerian Kesehatan",
          "operator:type": "government",
          "operator:wikidata": "Q12490745",
          "wheelchair": "limited"
        }
      }
    },
    {
      "type": "Feature",
      "geometry": {
        "type": "Point",
        "coordinates": [
          112.1706396,
          -8.1023526
        ]
      },
      "properties": {
        "id": "osm:node:12155283988",
        "name": "Monumen TRIP",
        "category": "Lainnya",
        "osm_id": 12155283988,
        "osm_type": "node",
        "metadata": {
          "access": "yes",
          "historic": "monument",
          "material": "concrete",
          "name": "Monumen TRIP"
        }
      }
    },
    {
      "type": "Feature",
      "geometry": {
        "type": "Point",
        "coordinates": [
          112.1728747,
          -8.0898821
        ]
      },
      "properties": {
        "id": "osm:node:12155284808",
        "name": "Hotel Maerokoco",
        "category": "Hotel & Penginapan",
        "osm_id": 12155284808,
        "osm_type": "node",
        "metadata": {
          "name": "Hotel Maerokoco",
          "opening_hours": "24/7",
          "reservation": "yes",
          "tourism": "hotel"
        }
      }
    },
    {
      "type": "Feature",
      "geometry": {
        "type": "Point",
        "coordinates": [
          112.1708784,
          -8.1019575
        ]
      },
      "properties": {
        "id": "osm:node:12155297744",
        "name": "BTPN",
        "category": "Bank & Finansial",
        "osm_id": 12155297744,
        "osm_type": "node",
        "metadata": {
          "air_conditioning": "yes",
          "amenity": "bank",
          "atm": "yes",
          "branch": "Blitar",
          "brand": "BTPN",
          "brand:en": "BTPN",
          "brand:id": "BTPN",
          "brand:wikidata": "Q12474535",
          "currency:IDR": "yes",
          "drive_through": "no",
          "name": "BTPN",
          "official_name": "Bank BTPN",
          "wheelchair": "limited"
        }
      }
    },
    {
      "type": "Feature",
      "geometry": {
        "type": "Point",
        "coordinates": [
          112.1683162,
          -8.1030232
        ]
      },
      "properties": {
        "id": "osm:node:12155304628",
        "name": "BTN",
        "category": "Bank & Finansial",
        "osm_id": 12155304628,
        "osm_type": "node",
        "metadata": {
          "air_conditioning": "yes",
          "amenity": "bank",
          "atm": "yes",
          "branch": "Blitar",
          "brand": "BTN",
          "brand:en": "BTN",
          "brand:id": "BTN",
          "brand:wikidata": "Q12474534",
          "currency:IDR": "yes",
          "drive_through": "no",
          "name": "BTN",
          "official_name": "Bank Tabungan Negara",
          "wheelchair": "limited"
        }
      }
    },
    {
      "type": "Feature",
      "geometry": {
        "type": "Point",
        "coordinates": [
          112.1799613,
          -8.0999809
        ]
      },
      "properties": {
        "id": "osm:node:12155312528",
        "name": "Indomaret",
        "category": "Minimarket",
        "osm_id": 12155312528,
        "osm_type": "node",
        "metadata": {
          "air_conditioning": "yes",
          "brand": "Indomaret",
          "brand:wikidata": "Q4262825",
          "brand:wikipedia": "id:Indomaret",
          "currency:IDR": "yes",
          "name": "Indomaret",
          "name:en": "Indomaret",
          "name:id": "Indomaret",
          "name:ja": "インドマレット",
          "operator": "PT. Indomarco Prismatama",
          "payment:cards": "yes",
          "payment:cash": "yes",
          "payment:contactless": "yes",
          "payment:credit_cards": "yes",
          "payment:debit_cards": "yes",
          "shop": "convenience",
          "toilets": "yes",
          "toilets:access": "permissive",
          "website": "https://www.klikindomaret.com",
          "wheelchair": "limited"
        }
      }
    },
    {
      "type": "Feature",
      "geometry": {
        "type": "Point",
        "coordinates": [
          112.1677542,
          -8.1041376
        ]
      },
      "properties": {
        "id": "osm:node:12155316503",
        "name": "Indomaret",
        "category": "Minimarket",
        "osm_id": 12155316503,
        "osm_type": "node",
        "metadata": {
          "air_conditioning": "yes",
          "brand": "Indomaret",
          "brand:wikidata": "Q4262825",
          "brand:wikipedia": "id:Indomaret",
          "currency:IDR": "yes",
          "name": "Indomaret",
          "name:en": "Indomaret",
          "name:id": "Indomaret",
          "name:ja": "インドマレット",
          "operator": "PT. Indomarco Prismatama",
          "payment:cards": "yes",
          "payment:cash": "yes",
          "payment:contactless": "yes",
          "payment:credit_cards": "yes",
          "payment:debit_cards": "yes",
          "shop": "convenience",
          "toilets": "yes",
          "toilets:access": "permissive",
          "website": "https://www.klikindomaret.com",
          "wheelchair": "limited"
        }
      }
    },
    {
      "type": "Feature",
      "geometry": {
        "type": "Point",
        "coordinates": [
          112.1641065,
          -8.1040606
        ]
      },
      "properties": {
        "id": "osm:node:12155316771",
        "name": "SMA Negeri 4 Blitar",
        "category": "Sekolah Menengah Atas (SMA/SMK/MA)",
        "osm_id": 12155316771,
        "osm_type": "node",
        "metadata": {
          "air_conditioning": "no",
          "alt_name": "SMAN 4 Blitar",
          "name": "SMA Negeri 4 Blitar",
          "office": "educational_institution",
          "smoking": "no",
          "wheelchair": "limited"
        }
      }
    },
    {
      "type": "Feature",
      "geometry": {
        "type": "Point",
        "coordinates": [
          112.1737195,
          -8.0888022
        ]
      },
      "properties": {
        "id": "osm:node:12155326768",
        "name": "ATM BCA",
        "category": "ATM / Mesin Tunai",
        "osm_id": 12155326768,
        "osm_type": "node",
        "metadata": {
          "amenity": "atm",
          "brand": "Bank Central Asia",
          "brand:wikidata": "Q806626",
          "cash_in": "no",
          "currency:IDR": "yes",
          "drive_through": "no",
          "indoor": "yes",
          "lit": "yes",
          "name": "ATM BCA",
          "opening_hours": "24/7",
          "operator": "Bank Central Asia",
          "operator:wikidata": "Q806626",
          "wheelchair": "limited"
        }
      }
    },
    {
      "type": "Feature",
      "geometry": {
        "type": "Point",
        "coordinates": [
          112.1676738,
          -8.0935901
        ]
      },
      "properties": {
        "id": "osm:node:12155327022",
        "name": "Alfamart",
        "category": "Minimarket",
        "osm_id": 12155327022,
        "osm_type": "node",
        "metadata": {
          "air_conditioning": "yes",
          "brand": "Alfamart",
          "brand:wikidata": "Q23745600",
          "currency:IDR": "yes",
          "name": "Alfamart",
          "opening_hours": "24/7",
          "operator": "PT Sumber Alfaria Trijaya,Tbk",
          "payment:cards": "yes",
          "payment:cash": "yes",
          "payment:contactless": "yes",
          "payment:credit_cards": "yes",
          "payment:debit_cards": "yes",
          "shop": "convenience",
          "toilets": "yes",
          "toilets:access": "permissive",
          "toilets:unisex": "yes",
          "website": "https://alfamart.co.id",
          "wheelchair": "limited"
        }
      }
    },
    {
      "type": "Feature",
      "geometry": {
        "type": "Point",
        "coordinates": [
          112.1636665,
          -8.0971856
        ]
      },
      "properties": {
        "id": "osm:node:12155330305",
        "name": "Point Coffee",
        "category": "Kafe & Kedai Kopi",
        "osm_id": 12155330305,
        "osm_type": "node",
        "metadata": {
          "air_conditioning": "yes",
          "alt_name": "Indomaret Point",
          "amenity": "cafe",
          "brand": "Point Coffee",
          "brand:wikidata": "Q124651558",
          "cuisine": "coffee_shop",
          "drive_through": "no",
          "internet_access": "yes",
          "internet_access:fee": "customers",
          "name": "Point Coffee",
          "opening_hours": "24/7",
          "outdoor_seating": "yes",
          "takeaway": "yes"
        }
      }
    },
    {
      "type": "Feature",
      "geometry": {
        "type": "Point",
        "coordinates": [
          112.1737624,
          -8.0888261
        ]
      },
      "properties": {
        "id": "osm:node:12155354388",
        "name": "Alfamart",
        "category": "Minimarket",
        "osm_id": 12155354388,
        "osm_type": "node",
        "metadata": {
          "air_conditioning": "yes",
          "brand": "Alfamart",
          "brand:wikidata": "Q23745600",
          "currency:IDR": "yes",
          "name": "Alfamart",
          "opening_hours": "24/7",
          "operator": "PT Sumber Alfaria Trijaya,Tbk",
          "payment:cards": "yes",
          "payment:cash": "yes",
          "payment:contactless": "yes",
          "payment:credit_cards": "yes",
          "payment:debit_cards": "yes",
          "shop": "convenience",
          "toilets": "yes",
          "toilets:access": "permissive",
          "toilets:unisex": "yes",
          "website": "https://alfamart.co.id",
          "wheelchair": "limited"
        }
      }
    },
    {
      "type": "Feature",
      "geometry": {
        "type": "Point",
        "coordinates": [
          112.1716515,
          -8.0989329
        ]
      },
      "properties": {
        "id": "osm:node:12157866921",
        "name": "GPIB Jemaat Eben Haezer Blitar",
        "category": "Gereja",
        "osm_id": 12157866921,
        "osm_type": "node",
        "metadata": {
          "air_conditioning": "no",
          "amenity": "place_of_worship",
          "denomination": "protestant",
          "name": "GPIB Jemaat Eben Haezer Blitar",
          "religion": "christian",
          "wheelchair": "limited"
        }
      }
    },
    {
      "type": "Feature",
      "geometry": {
        "type": "Point",
        "coordinates": [
          112.1694118,
          -8.0994269
        ]
      },
      "properties": {
        "id": "osm:node:12157872201",
        "name": "Ramen Master",
        "category": "Restoran",
        "osm_id": 12157872201,
        "osm_type": "node",
        "metadata": {
          "air_conditioning": "no",
          "amenity": "restaurant",
          "cuisine": "ramen",
          "delivery": "no",
          "diet:halal": "yes",
          "name": "Ramen Master",
          "outdoor_seating": "yes",
          "payment:cards": "yes",
          "payment:cash": "yes",
          "payment:contactless": "yes",
          "payment:credit_cards": "yes",
          "payment:debit_cards": "yes",
          "smoking": "yes",
          "takeaway": "yes",
          "toilets": "yes",
          "toilets:wheelchair": "no",
          "wheelchair": "limited"
        }
      }
    },
    {
      "type": "Feature",
      "geometry": {
        "type": "Point",
        "coordinates": [
          112.1756158,
          -8.0963571
        ]
      },
      "properties": {
        "id": "osm:node:12157878179",
        "name": "Gereja Katolik Santo Yusup Blitar",
        "category": "Gereja",
        "osm_id": 12157878179,
        "osm_type": "node",
        "metadata": {
          "air_conditioning": "no",
          "amenity": "place_of_worship",
          "denomination": "roman_catholic",
          "name": "Gereja Katolik Santo Yusup Blitar",
          "religion": "christian",
          "wheelchair": "limited"
        }
      }
    },
    {
      "type": "Feature",
      "geometry": {
        "type": "Point",
        "coordinates": [
          112.1723515,
          -8.0992728
        ]
      },
      "properties": {
        "id": "osm:node:12157878180",
        "name": "Dinas Ketahanan Pangan dan Pertanian Kabupaten Blitar",
        "category": "Layanan Pemerintahan",
        "osm_id": 12157878180,
        "osm_type": "node",
        "metadata": {
          "air_conditioning": "yes",
          "government": "public_service",
          "internet_access": "yes",
          "name": "Dinas Ketahanan Pangan dan Pertanian Kabupaten Blitar",
          "office": "government",
          "wheelchair": "limited"
        }
      }
    },
    {
      "type": "Feature",
      "geometry": {
        "type": "Point",
        "coordinates": [
          112.1724857,
          -8.0996048
        ]
      },
      "properties": {
        "id": "osm:node:12157878181",
        "name": "ATM BNI",
        "category": "ATM / Mesin Tunai",
        "osm_id": 12157878181,
        "osm_type": "node",
        "metadata": {
          "amenity": "atm",
          "brand": "BNI",
          "brand:wikidata": "Q2882611",
          "cash_in": "no",
          "currency:IDR": "yes",
          "drive_through": "no",
          "indoor": "yes",
          "lit": "yes",
          "name": "ATM BNI",
          "official_name": "Bank Negara Indonesia",
          "opening_hours": "24/7",
          "operator": "BNI",
          "operator:wikidata": "Q2882611",
          "wheelchair": "no"
        }
      }
    },
    {
      "type": "Feature",
      "geometry": {
        "type": "Point",
        "coordinates": [
          112.1637417,
          -8.0990445
        ]
      },
      "properties": {
        "id": "osm:node:12157878182",
        "name": "CIMB Niaga",
        "category": "Bank & Finansial",
        "osm_id": 12157878182,
        "osm_type": "node",
        "metadata": {
          "air_conditioning": "yes",
          "amenity": "bank",
          "atm": "yes",
          "branch": "Blitar",
          "brand": "CIMB Niaga",
          "brand:wikidata": "Q5011747",
          "currency:IDR": "yes",
          "currency:USD": "yes",
          "drive_through": "no",
          "internet_access": "yes",
          "name": "CIMB Niaga",
          "wheelchair": "limited"
        }
      }
    },
    {
      "type": "Feature",
      "geometry": {
        "type": "Point",
        "coordinates": [
          112.1574194,
          -8.1024837
        ]
      },
      "properties": {
        "id": "osm:node:12157878183",
        "name": "Bank Mandiri",
        "category": "Bank & Finansial",
        "osm_id": 12157878183,
        "osm_type": "node",
        "metadata": {
          "air_conditioning": "yes",
          "amenity": "bank",
          "atm": "yes",
          "branch": "Blitar",
          "brand": "Bank Mandiri",
          "brand:wikidata": "Q806639",
          "currency:IDR": "yes",
          "currency:USD": "yes",
          "drive_through": "no",
          "internet_access": "yes",
          "name": "Bank Mandiri",
          "wheelchair": "limited"
        }
      }
    },
    {
      "type": "Feature",
      "geometry": {
        "type": "Point",
        "coordinates": [
          112.1699047,
          -8.0981053
        ]
      },
      "properties": {
        "id": "osm:node:12157878184",
        "name": "Bank Syariah Indonesia",
        "category": "Hotel & Penginapan",
        "osm_id": 12157878184,
        "osm_type": "node",
        "metadata": {
          "air_conditioning": "yes",
          "amenity": "bank",
          "atm": "yes",
          "branch": "Blitar",
          "brand": "Bank Syariah Indonesia",
          "brand:wikidata": "Q105574200",
          "currency:IDR": "yes",
          "currency:USD": "yes",
          "drive_through": "no",
          "internet_access": "yes",
          "name": "Bank Syariah Indonesia",
          "short_name": "BSI",
          "wheelchair": "limited"
        }
      }
    },
    {
      "type": "Feature",
      "geometry": {
        "type": "Point",
        "coordinates": [
          112.1537406,
          -8.0762718
        ]
      },
      "properties": {
        "id": "osm:node:12158496251",
        "name": "Fotocopy Mekar",
        "category": "Toko Retail (Umum)",
        "osm_id": 12158496251,
        "osm_type": "node",
        "metadata": {
          "name": "Fotocopy Mekar",
          "shop": "copyshop"
        }
      }
    },
    {
      "type": "Feature",
      "geometry": {
        "type": "Point",
        "coordinates": [
          112.1537334,
          -8.0764179
        ]
      },
      "properties": {
        "id": "osm:node:12158512649",
        "name": "Begeng Cell",
        "category": "Toko HP & Gadget",
        "osm_id": 12158512649,
        "osm_type": "node",
        "metadata": {
          "name": "Begeng Cell",
          "shop": "mobile_phone"
        }
      }
    },
    {
      "type": "Feature",
      "geometry": {
        "type": "Point",
        "coordinates": [
          112.1537184,
          -8.0763771
        ]
      },
      "properties": {
        "id": "osm:node:12158514943",
        "name": "Aneka Jus",
        "category": "Lainnya",
        "osm_id": 12158514943,
        "osm_type": "node",
        "metadata": {
          "amenity": "drinking_water",
          "name": "Aneka Jus"
        }
      }
    },
    {
      "type": "Feature",
      "geometry": {
        "type": "Point",
        "coordinates": [
          112.1805197,
          -8.0560232
        ]
      },
      "properties": {
        "id": "osm:node:12164370079",
        "name": "SPBU 54.661.36 Bangsri Nglegok",
        "category": "SPBU / Stasiun Pengisian Bahan Bakar",
        "osm_id": 12164370079,
        "osm_type": "node",
        "metadata": {
          "amenity": "fuel",
          "name": "SPBU 54.661.36 Bangsri Nglegok"
        }
      }
    },
    {
      "type": "Feature",
      "geometry": {
        "type": "Point",
        "coordinates": [
          112.1615988,
          -8.092846
        ]
      },
      "properties": {
        "id": "osm:node:12233255241",
        "name": "Kantor Maxim Indonesia - Blitar",
        "category": "Layanan Pemerintahan",
        "osm_id": 12233255241,
        "osm_type": "node",
        "metadata": {
          "addr:city": "Kota Blitar",
          "addr:district": "Kepanjenkidul",
          "addr:housenumber": "17-21",
          "addr:postcode": "66117",
          "addr:province": "Jawa Timur",
          "addr:street": "Jalan Barito",
          "addr:subdistrict": "Kauman",
          "air_conditioning": "yes",
          "branch": "Blitar",
          "building": "yes",
          "email": "blitar@taximaxim.com",
          "name": "Kantor Maxim Indonesia - Blitar",
          "name:en": "Maxim Indonesia Office - Blitar",
          "office": "company",
          "official_name": "Maxim Indonesia",
          "opening_hours": "Mo-Fr 09:00-18:00",
          "operator:type": "private",
          "website": "https://id.taximaxim.com",
          "wikidata": "Q109455511",
          "wikipedia": "id:Taxi Maxim"
        }
      }
    },
    {
      "type": "Feature",
      "geometry": {
        "type": "Point",
        "coordinates": [
          111.919604,
          -8.055879
        ]
      },
      "properties": {
        "id": "osm:node:12397884588",
        "name": "Aula PMI Kabupaten Tulungagung",
        "category": "Klinik & Puskesmas",
        "osm_id": 12397884588,
        "osm_type": "node",
        "metadata": {
          "addr:district": "Tulungagung",
          "addr:province": "Jawa Timur",
          "addr:street": "jl. dr. wahidin sudiro husodo no. 39. Ringinpitu Tulungagung",
          "addr:subdistrict": "Kedungwaru",
          "addr:village": "Ringinpitu",
          "amenity": "social_facility",
          "email": "pmiagung@gmail.com",
          "name": "Aula PMI Kabupaten Tulungagung",
          "operator": "Palang Merah Indonesia",
          "operator:short": "PMI",
          "phone": "85645818160",
          "social_facility": "hall"
        }
      }
    },
    {
      "type": "Feature",
      "geometry": {
        "type": "Point",
        "coordinates": [
          112.169647,
          -8.098971
        ]
      },
      "properties": {
        "id": "osm:node:12397886754",
        "name": "UDD PMI Kabupaten Kota Blitar",
        "category": "Klinik & Puskesmas",
        "osm_id": 12397886754,
        "osm_type": "node",
        "metadata": {
          "addr:district": "Kota Blitar",
          "addr:province": "Jawa Timur",
          "addr:street": "Jl. A. Yani no 9 kota Blitar",
          "addr:subdistrict": "Kepanjenkidul",
          "addr:village": "Kepanjenlor",
          "amenity": "blood_bank",
          "email": "pmikabupatenblitar@yahoo.co.id",
          "name": "UDD PMI Kabupaten Kota Blitar",
          "operator": "Palang Merah Indonesia",
          "operator:short": "PMI",
          "phone": "342812180.0"
        }
      }
    },
    {
      "type": "Feature",
      "geometry": {
        "type": "Point",
        "coordinates": [
          112.171576,
          -8.097969
        ]
      },
      "properties": {
        "id": "osm:node:12397886779",
        "name": "UDD PMI Kota Blitar",
        "category": "Klinik & Puskesmas",
        "osm_id": 12397886779,
        "osm_type": "node",
        "metadata": {
          "addr:district": "Kota Blitar",
          "addr:province": "Jawa Timur",
          "addr:street": "Jl. Panglima Sudirman Nomor 28 Kota Blitar",
          "addr:subdistrict": "Kepanjenkidul",
          "addr:village": "Kepanjenlor",
          "amenity": "blood_bank",
          "email": "pmikotablitar@yahoo.co.id",
          "name": "UDD PMI Kota Blitar",
          "operator": "Palang Merah Indonesia",
          "operator:short": "PMI",
          "phone": "342805657.0"
        }
      }
    },
    {
      "type": "Feature",
      "geometry": {
        "type": "Point",
        "coordinates": [
          111.919567,
          -8.055861
        ]
      },
      "properties": {
        "id": "osm:node:12397893530",
        "name": "PMI Kabupaten Tulungagung",
        "category": "Klinik & Puskesmas",
        "osm_id": 12397893530,
        "osm_type": "node",
        "metadata": {
          "addr:district": "Tulungagung",
          "addr:province": "Jawa Timur",
          "addr:street": "Jl. dr. wahidin sudiro husodo No. 39 Ringinpitu Tulungagung",
          "addr:subdistrict": "Kedungwaru",
          "addr:village": "ringipitu",
          "amenity": "social_facility",
          "email": "pmiagung@gmail.com",
          "name": "PMI Kabupaten Tulungagung",
          "operator": "Palang Merah Indonesia",
          "operator:short": "PMI",
          "phone": "85645818160",
          "social_facility": "office"
        }
      }
    },
    {
      "type": "Feature",
      "geometry": {
        "type": "Point",
        "coordinates": [
          112.168725,
          -8.110418
        ]
      },
      "properties": {
        "id": "osm:node:12397893544",
        "name": "PMI Kota Blitar",
        "category": "Klinik & Puskesmas",
        "osm_id": 12397893544,
        "osm_type": "node",
        "metadata": {
          "addr:district": "Kota Blitar",
          "addr:province": "Jawa Timur",
          "addr:street": "Jl. Bali Nomor 32 Kelurahan Karangtengah Kecamatan Sananwetan Kota Blitar Provinsi jawa Timur",
          "addr:subdistrict": "Sananwetan",
          "addr:village": "Karangtengah",
          "amenity": "social_facility",
          "email": "pmikotablitar@yahoo.co.id",
          "name": "PMI Kota Blitar",
          "operator": "Palang Merah Indonesia",
          "operator:short": "PMI",
          "phone": "342801825",
          "social_facility": "office"
        }
      }
    },
    {
      "type": "Feature",
      "geometry": {
        "type": "Point",
        "coordinates": [
          112.169669,
          -8.098692
        ]
      },
      "properties": {
        "id": "osm:node:12397893564",
        "name": "KSR PMI Kabupaten Kota Blitar",
        "category": "Klinik & Puskesmas",
        "osm_id": 12397893564,
        "osm_type": "node",
        "metadata": {
          "addr:district": "Kota Blitar",
          "addr:province": "Jawa Timur",
          "addr:street": "Jl ahmad yani no 9",
          "addr:subdistrict": "Kepanjenkidul",
          "addr:village": "Kepanjenlor",
          "amenity": "social_facility",
          "email": "pmikabupatenblitar@yahoo.co.id",
          "name": "KSR PMI Kabupaten Kota Blitar",
          "operator": "Palang Merah Indonesia",
          "operator:short": "PMI",
          "phone": "342802307",
          "social_facility": "ksr_district_office"
        }
      }
    },
    {
      "type": "Feature",
      "geometry": {
        "type": "Point",
        "coordinates": [
          111.920145,
          -8.056009
        ]
      },
      "properties": {
        "id": "osm:node:12397893569",
        "name": "KSR PMI Kabupaten Tulungagung",
        "category": "Klinik & Puskesmas",
        "osm_id": 12397893569,
        "osm_type": "node",
        "metadata": {
          "addr:district": "Tulungagung",
          "addr:province": "Jawa Timur",
          "addr:street": "Jl. dr. wahidin sudiro husodo No. 39 Ringinpitu Tulungagung",
          "addr:subdistrict": "Kedungwaru",
          "addr:village": "ringinpitu",
          "amenity": "social_facility",
          "email": "pmiagung@gmail.com",
          "name": "KSR PMI Kabupaten Tulungagung",
          "operator": "Palang Merah Indonesia",
          "operator:short": "PMI",
          "phone": "85645818160",
          "social_facility": "ksr_district_office"
        }
      }
    },
    {
      "type": "Feature",
      "geometry": {
        "type": "Point",
        "coordinates": [
          111.920098,
          -8.055877
        ]
      },
      "properties": {
        "id": "osm:node:12397893592",
        "name": "POSKO PMI Kabupaten Tulungagung",
        "category": "Klinik & Puskesmas",
        "osm_id": 12397893592,
        "osm_type": "node",
        "metadata": {
          "addr:district": "Tulungagung",
          "addr:province": "Jawa Timur",
          "addr:street": "Jl. dr. wahidin sudiro husodo No. 39 Ringinpitu Tulungagung",
          "addr:subdistrict": "Kedungwaru",
          "addr:village": "ringinpitu",
          "amenity": "social_facility",
          "email": "pmiagung@gmail.com",
          "name": "POSKO PMI Kabupaten Tulungagung",
          "operator": "Palang Merah Indonesia",
          "operator:short": "PMI",
          "phone": "85645818160",
          "social_facility": "command_post"
        }
      }
    },
    {
      "type": "Feature",
      "geometry": {
        "type": "Point",
        "coordinates": [
          111.9146981,
          -8.172919
        ]
      },
      "properties": {
        "id": "osm:node:12603434503",
        "name": "puncak jowin",
        "category": "Lainnya",
        "osm_id": 12603434503,
        "osm_type": "node",
        "metadata": {
          "name": "puncak jowin",
          "tourism": "viewpoint"
        }
      }
    },
    {
      "type": "Feature",
      "geometry": {
        "type": "Point",
        "coordinates": [
          112.1343856,
          -8.1356499
        ]
      },
      "properties": {
        "id": "osm:node:12648510364",
        "name": "Indomaret",
        "category": "Minimarket",
        "osm_id": 12648510364,
        "osm_type": "node",
        "metadata": {
          "air_conditioning": "yes",
          "brand": "Indomaret",
          "brand:wikidata": "Q4262825",
          "brand:wikipedia": "id:Indomaret",
          "name": "Indomaret",
          "name:en": "Indomaret",
          "name:id": "Indomaret",
          "name:ja": "インドマレット",
          "opening_hours": "Mo-Su 06:00-22:00",
          "operator": "PT. Indomarco Prismatama",
          "payment:cash": "yes",
          "payment:contactless": "yes",
          "payment:debit_cards": "yes",
          "payment:electronic_purses": "yes",
          "shop": "convenience",
          "surveillance:type": "camera",
          "toilets": "yes",
          "toilets:access": "permissive",
          "website": "https://www.klikindomaret.com"
        }
      }
    },
    {
      "type": "Feature",
      "geometry": {
        "type": "Point",
        "coordinates": [
          112.134068,
          -8.1348859
        ]
      },
      "properties": {
        "id": "osm:node:12648524734",
        "name": "SPBU Jimbe",
        "category": "SPBU / Stasiun Pengisian Bahan Bakar",
        "osm_id": 12648524734,
        "osm_type": "node",
        "metadata": {
          "amenity": "fuel",
          "brand": "Pertamina",
          "brand:wikidata": "Q1641044",
          "brand:wikipedia": "en:Pertamina",
          "fuel:biodiesel": "yes",
          "fuel:diesel": "yes",
          "fuel:octane_91": "yes",
          "fuel:octane_92": "yes",
          "fuel:octane_95": "yes",
          "name": "SPBU Jimbe",
          "payment:cash": "yes",
          "self_service": "no"
        }
      }
    },
    {
      "type": "Feature",
      "geometry": {
        "type": "Point",
        "coordinates": [
          112.1447998,
          -8.1440955
        ]
      },
      "properties": {
        "id": "osm:node:12648541228",
        "name": "Pasar Kademangan",
        "category": "Pasar Tradisional",
        "osm_id": 12648541228,
        "osm_type": "node",
        "metadata": {
          "addr:district": "Blitar",
          "addr:full": "Jl. Setyaki Kademangan",
          "addr:postcode": "66161",
          "addr:province": "Jawa Timur",
          "addr:street": "Jl.Sentiaki",
          "addr:subdistrict": "Kademangan",
          "addr:village": "Kademangan",
          "amenity": "marketplace",
          "name": "Pasar Kademangan",
          "opening_hours": "Mo-Su 06:00-14:00",
          "shop": "greengrocer",
          "wheelchair": "limited"
        }
      }
    },
    {
      "type": "Feature",
      "geometry": {
        "type": "Point",
        "coordinates": [
          112.1461388,
          -8.1640797
        ]
      },
      "properties": {
        "id": "osm:node:12655705422",
        "name": "Candi Simping",
        "category": "Lainnya",
        "osm_id": 12655705422,
        "osm_type": "node",
        "metadata": {
          "historic": "archaeological_site",
          "name": "Candi Simping",
          "type": "Candi Peninggalan Majapahit"
        }
      }
    },
    {
      "type": "Feature",
      "geometry": {
        "type": "Point",
        "coordinates": [
          112.1666926,
          -8.098778
        ]
      },
      "properties": {
        "id": "osm:node:12658078614",
        "name": "CGV Cinemas Blitar Square",
        "category": "Lainnya",
        "osm_id": 12658078614,
        "osm_type": "node",
        "metadata": {
          "amenity": "cinema",
          "name": "CGV Cinemas Blitar Square"
        }
      }
    },
    {
      "type": "Feature",
      "geometry": {
        "type": "Point",
        "coordinates": [
          112.131667,
          -8.1385096
        ]
      },
      "properties": {
        "id": "osm:node:12658126895",
        "name": "Toko Zuma Jaya",
        "category": "Toko Retail (Umum)",
        "osm_id": 12658126895,
        "osm_type": "node",
        "metadata": {
          "addr:city": "Blitar",
          "addr:full": "Gulungan Jimbe Kademangan",
          "name": "Toko Zuma Jaya",
          "shop": "variety_store"
        }
      }
    },
    {
      "type": "Feature",
      "geometry": {
        "type": "Point",
        "coordinates": [
          112.1263146,
          -8.1350087
        ]
      },
      "properties": {
        "id": "osm:node:12658168754",
        "name": "Kekunaan Jimbe",
        "category": "Lainnya",
        "osm_id": 12658168754,
        "osm_type": "node",
        "metadata": {
          "historic": "archaeological_site",
          "name": "Kekunaan Jimbe"
        }
      }
    },
    {
      "type": "Feature",
      "geometry": {
        "type": "Point",
        "coordinates": [
          112.0745185,
          -8.2593837
        ]
      },
      "properties": {
        "id": "osm:node:12660350020",
        "name": "Monumen Trisula Blitar",
        "category": "Lainnya",
        "osm_id": 12660350020,
        "osm_type": "node",
        "metadata": {
          "addr:district": "Blitar",
          "addr:full": "Jl.Trisula Bakung Blitar",
          "addr:province": "Jawa Timur",
          "addr:street": "Jl.Trisula",
          "addr:subdistrict": "Bakung",
          "addr:village": "Bakung",
          "historic": "monument",
          "name": "Monumen Trisula Blitar",
          "opening_hours": "24/7",
          "reservation": "no",
          "tourism": "attraction"
        }
      }
    },
    {
      "type": "Feature",
      "geometry": {
        "type": "Point",
        "coordinates": [
          112.1681142,
          -8.1018118
        ]
      },
      "properties": {
        "id": "osm:node:12669489111",
        "name": "Masjid Al-Idris",
        "category": "Masjid & Mushola",
        "osm_id": 12669489111,
        "osm_type": "node",
        "metadata": {
          "amenity": "place_of_worship",
          "name": "Masjid Al-Idris",
          "religion": "muslim"
        }
      }
    },
    {
      "type": "Feature",
      "geometry": {
        "type": "Point",
        "coordinates": [
          112.1689966,
          -8.1014533
        ]
      },
      "properties": {
        "id": "osm:node:12669489112",
        "name": "Parkiran RSU Aminah",
        "category": "Rumah Sakit",
        "osm_id": 12669489112,
        "osm_type": "node",
        "metadata": {
          "amenity": "parking",
          "name": "Parkiran RSU Aminah",
          "parking": "surface"
        }
      }
    },
    {
      "type": "Feature",
      "geometry": {
        "type": "Point",
        "coordinates": [
          112.1711665,
          -8.100832
        ]
      },
      "properties": {
        "id": "osm:node:12669489113",
        "name": "Parkiran Hotel Sri Rejeki",
        "category": "Hotel & Penginapan",
        "osm_id": 12669489113,
        "osm_type": "node",
        "metadata": {
          "amenity": "parking",
          "name": "Parkiran Hotel Sri Rejeki",
          "parking": "surface"
        }
      }
    },
    {
      "type": "Feature",
      "geometry": {
        "type": "Point",
        "coordinates": [
          112.1721999,
          -8.0996291
        ]
      },
      "properties": {
        "id": "osm:node:12669489114",
        "name": "Parkiran RSK Budi Rahayu",
        "category": "Fasilitas Parkir",
        "osm_id": 12669489114,
        "osm_type": "node",
        "metadata": {
          "amenity": "parking",
          "name": "Parkiran RSK Budi Rahayu",
          "parking": "surface"
        }
      }
    },
    {
      "type": "Feature",
      "geometry": {
        "type": "Point",
        "coordinates": [
          112.162566,
          -8.1145139
        ]
      },
      "properties": {
        "id": "osm:node:12669489119",
        "name": "Parkiran RSI Aminah",
        "category": "Fasilitas Parkir",
        "osm_id": 12669489119,
        "osm_type": "node",
        "metadata": {
          "amenity": "parking",
          "name": "Parkiran RSI Aminah",
          "parking": "surface"
        }
      }
    },
    {
      "type": "Feature",
      "geometry": {
        "type": "Point",
        "coordinates": [
          112.180557,
          -8.1099792
        ]
      },
      "properties": {
        "id": "osm:node:12669553748",
        "name": "Parkiran RSUD Mardi Waluyo",
        "category": "Rumah Sakit",
        "osm_id": 12669553748,
        "osm_type": "node",
        "metadata": {
          "amenity": "parking",
          "name": "Parkiran RSUD Mardi Waluyo",
          "parking": "surface"
        }
      }
    },
    {
      "type": "Feature",
      "geometry": {
        "type": "Point",
        "coordinates": [
          112.1795619,
          -8.1100436
        ]
      },
      "properties": {
        "id": "osm:node:12669553749",
        "name": "Parkiran RSUD Mardi Waluyo",
        "category": "Rumah Sakit",
        "osm_id": 12669553749,
        "osm_type": "node",
        "metadata": {
          "amenity": "parking",
          "name": "Parkiran RSUD Mardi Waluyo",
          "parking": "surface"
        }
      }
    },
    {
      "type": "Feature",
      "geometry": {
        "type": "Point",
        "coordinates": [
          112.1806321,
          -8.1089814
        ]
      },
      "properties": {
        "id": "osm:node:12669553750",
        "name": "Parkiran RSUD Mardi Waluyo",
        "category": "Rumah Sakit",
        "osm_id": 12669553750,
        "osm_type": "node",
        "metadata": {
          "amenity": "parking",
          "name": "Parkiran RSUD Mardi Waluyo",
          "parking": "surface"
        }
      }
    },
    {
      "type": "Feature",
      "geometry": {
        "type": "Point",
        "coordinates": [
          111.8892288,
          -8.1608565
        ]
      },
      "properties": {
        "id": "osm:node:12682574863",
        "name": "Air Terjun Coban Kromo",
        "category": "Lainnya",
        "osm_id": 12682574863,
        "osm_type": "node",
        "metadata": {
          "image": "https://",
          "name": "Air Terjun Coban Kromo",
          "tourism": "attraction"
        }
      }
    },
    {
      "type": "Feature",
      "geometry": {
        "type": "Point",
        "coordinates": [
          111.9370226,
          -8.0242483
        ]
      },
      "properties": {
        "id": "osm:node:12695689228",
        "name": "Musholla Nurul Iman",
        "category": "Masjid & Mushola",
        "osm_id": 12695689228,
        "osm_type": "node",
        "metadata": {
          "amenity": "place_of_worship",
          "name": "Musholla Nurul Iman",
          "religion": "muslim"
        }
      }
    },
    {
      "type": "Feature",
      "geometry": {
        "type": "Point",
        "coordinates": [
          112.1740652,
          -8.095327
        ]
      },
      "properties": {
        "id": "osm:node:12762279573",
        "name": "Parkir Mobil Kebonrojo",
        "category": "Fasilitas Parkir",
        "osm_id": 12762279573,
        "osm_type": "node",
        "metadata": {
          "amenity": "parking",
          "name": "Parkir Mobil Kebonrojo",
          "parking": "surface"
        }
      }
    },
    {
      "type": "Feature",
      "geometry": {
        "type": "Point",
        "coordinates": [
          112.1738531,
          -8.0954613
        ]
      },
      "properties": {
        "id": "osm:node:12762415381",
        "name": "Masjid Syuhada Haji",
        "category": "Masjid & Mushola",
        "osm_id": 12762415381,
        "osm_type": "node",
        "metadata": {
          "amenity": "place_of_worship",
          "building": "mosque",
          "name": "Masjid Syuhada Haji",
          "opening_hours": "24/7",
          "religion": "muslim",
          "wheelchair": "limited"
        }
      }
    },
    {
      "type": "Feature",
      "geometry": {
        "type": "Point",
        "coordinates": [
          112.166993,
          -8.1045708
        ]
      },
      "properties": {
        "id": "osm:node:12770580427",
        "name": "SMK Dr.Ismangil",
        "category": "Klinik & Puskesmas",
        "osm_id": 12770580427,
        "osm_type": "node",
        "metadata": {
          "amenity": "school",
          "name": "SMK Dr.Ismangil"
        }
      }
    },
    {
      "type": "Feature",
      "geometry": {
        "type": "Point",
        "coordinates": [
          112.1670155,
          -8.1587141
        ]
      },
      "properties": {
        "id": "osm:node:12774303804",
        "name": "Masjid Darus Sholihin",
        "category": "Masjid & Mushola",
        "osm_id": 12774303804,
        "osm_type": "node",
        "metadata": {
          "amenity": "place_of_worship",
          "name": "Masjid Darus Sholihin",
          "opening_hours": "24/7",
          "religion": "muslim"
        }
      }
    },
    {
      "type": "Feature",
      "geometry": {
        "type": "Point",
        "coordinates": [
          112.1861158,
          -8.1046319
        ]
      },
      "properties": {
        "id": "osm:node:12774402613",
        "name": "Masjid Baiturrahman",
        "category": "Masjid & Mushola",
        "osm_id": 12774402613,
        "osm_type": "node",
        "metadata": {
          "amenity": "place_of_worship",
          "name": "Masjid Baiturrahman",
          "religion": "muslim"
        }
      }
    },
    {
      "type": "Feature",
      "geometry": {
        "type": "Point",
        "coordinates": [
          111.9635911,
          -7.9543738
        ]
      },
      "properties": {
        "id": "osm:node:12774405578",
        "name": "Namera Nasi Kebuli Kras",
        "category": "Cepat Saji",
        "osm_id": 12774405578,
        "osm_type": "node",
        "metadata": {
          "addr:city": "Kabupaten Kediri",
          "addr:district": "Kras",
          "addr:postcode": "64172",
          "addr:province": "Jawa Timur",
          "addr:street": "Jalan Raya Kras-Sumberjo",
          "addr:subdistrict": "Kras",
          "amenity": "fast_food",
          "cuisine": "middle_eastern;kebuli;biryani;nasi_kebuli",
          "diet:halal": "yes",
          "drive_through": "yes",
          "name": "Namera Nasi Kebuli Kras",
          "phone": "+6283151068008",
          "website": "namera.biz.id"
        }
      }
    },
    {
      "type": "Feature",
      "geometry": {
        "type": "Point",
        "coordinates": [
          112.2385244,
          -7.9378069
        ]
      },
      "properties": {
        "id": "osm:node:12811114006",
        "name": "Gazebo offroad",
        "category": "Lainnya",
        "osm_id": 12811114006,
        "osm_type": "node",
        "metadata": {
          "name": "Gazebo offroad",
          "tourism": "wilderness_hut"
        }
      }
    },
    {
      "type": "Feature",
      "geometry": {
        "type": "Point",
        "coordinates": [
          112.1878235,
          -7.9815022
        ]
      },
      "properties": {
        "id": "osm:node:12811297436",
        "name": "Kantor Desa Sumberasri",
        "category": "Layanan Pemerintahan",
        "osm_id": 12811297436,
        "osm_type": "node",
        "metadata": {
          "addr:district": "Blitar",
          "addr:province": "Jawa Timur",
          "addr:subdistrict": "Nglegok",
          "addr:village": "Sumberasri",
          "admin_level": "7",
          "amenity": "townhall",
          "government": "administrative",
          "name": "Kantor Desa Sumberasri",
          "office": "government"
        }
      }
    },
    {
      "type": "Feature",
      "geometry": {
        "type": "Point",
        "coordinates": [
          112.1882693,
          -7.9817261
        ]
      },
      "properties": {
        "id": "osm:node:12811297437",
        "name": "Indomaret",
        "category": "Minimarket",
        "osm_id": 12811297437,
        "osm_type": "node",
        "metadata": {
          "addr:district": "Blitar",
          "addr:province": "Jawa Timur",
          "addr:subdistrict": "Nglegok",
          "addr:village": "Sumberasri",
          "air_conditioning": "yes",
          "brand": "Indomaret",
          "brand:wikidata": "Q4262825",
          "brand:wikipedia": "id:Indomaret",
          "name": "Indomaret",
          "name:en": "Indomaret",
          "name:id": "Indomaret",
          "name:ja": "インドマレット",
          "operator": "PT. Indomarco Prismatama",
          "shop": "convenience",
          "toilets": "yes",
          "toilets:access": "permissive",
          "website": "https://www.klikindomaret.com"
        }
      }
    },
    {
      "type": "Feature",
      "geometry": {
        "type": "Point",
        "coordinates": [
          112.2123601,
          -8.0149624
        ]
      },
      "properties": {
        "id": "osm:node:12811327299",
        "name": "Pasar Desa Penataran",
        "category": "Pasar Tradisional",
        "osm_id": 12811327299,
        "osm_type": "node",
        "metadata": {
          "addr:district": "Blitar",
          "addr:province": "Jawa Timur",
          "addr:subdistrict": "Nglegok",
          "addr:village": "Penataran",
          "amenity": "marketplace",
          "name": "Pasar Desa Penataran",
          "shop": "greengrocer"
        }
      }
    },
    {
      "type": "Feature",
      "geometry": {
        "type": "Point",
        "coordinates": [
          112.227048,
          -8.0156967
        ]
      },
      "properties": {
        "id": "osm:node:12811907709",
        "name": "Arca Warak",
        "category": "Lainnya",
        "osm_id": 12811907709,
        "osm_type": "node",
        "metadata": {
          "addr:district": "Blitar",
          "addr:province": "JawaTimur",
          "addr:subdistrict": "Nglegok",
          "addr:village": "Modangan",
          "historic": "archaeological_site",
          "name": "Arca Warak"
        }
      }
    },
    {
      "type": "Feature",
      "geometry": {
        "type": "Point",
        "coordinates": [
          112.2388364,
          -7.9680444
        ]
      },
      "properties": {
        "id": "osm:node:12811933832",
        "name": "Candi Gambar Wetan",
        "category": "Lainnya",
        "osm_id": 12811933832,
        "osm_type": "node",
        "metadata": {
          "addr:district": "Blitar",
          "addr:hamlet": "Gambaranyar",
          "addr:province": "JawaTimur",
          "addr:subdistrict": "Nglegok",
          "addr:village": "Sumberasri",
          "historic": "archaeological_site",
          "name": "Candi Gambar Wetan"
        }
      }
    },
    {
      "type": "Feature",
      "geometry": {
        "type": "Point",
        "coordinates": [
          112.2401894,
          -7.9589021
        ]
      },
      "properties": {
        "id": "osm:node:12811933834",
        "name": "Bukit Teletubis",
        "category": "Lainnya",
        "osm_id": 12811933834,
        "osm_type": "node",
        "metadata": {
          "addr:district": "Blitar",
          "addr:hamlet": "Gambaranyar",
          "addr:province": "JawaTimur",
          "addr:subdistrict": "Nglegok",
          "addr:village": "Sumberasri",
          "name": "Bukit Teletubis",
          "tourism": "viewpoint"
        }
      }
    },
    {
      "type": "Feature",
      "geometry": {
        "type": "Point",
        "coordinates": [
          112.2227457,
          -8.0143318
        ]
      },
      "properties": {
        "id": "osm:node:12811933836",
        "name": "Situs Umpak Balekambang",
        "category": "Lainnya",
        "osm_id": 12811933836,
        "osm_type": "node",
        "metadata": {
          "addr:district": "Blitar",
          "addr:province": "JawaTimur",
          "addr:subdistrict": "Nglegok",
          "addr:village": "Modangan",
          "historic": "archaeological_site",
          "name": "Situs Umpak Balekambang"
        }
      }
    },
    {
      "type": "Feature",
      "geometry": {
        "type": "Point",
        "coordinates": [
          112.2171242,
          -8.0377898
        ]
      },
      "properties": {
        "id": "osm:node:12811950747",
        "name": "Indomaret",
        "category": "Minimarket",
        "osm_id": 12811950747,
        "osm_type": "node",
        "metadata": {
          "addr:district": "Blitar",
          "addr:province": "JawaTimur",
          "addr:subdistrict": "Nglegok",
          "addr:village": "Nglegok",
          "air_conditioning": "yes",
          "brand": "Indomaret",
          "brand:wikidata": "Q4262825",
          "brand:wikipedia": "id:Indomaret",
          "name": "Indomaret",
          "name:en": "Indomaret",
          "name:id": "Indomaret",
          "name:ja": "インドマレット",
          "operator": "PT. Indomarco Prismatama",
          "shop": "convenience",
          "toilets": "yes",
          "toilets:access": "permissive",
          "website": "https://www.klikindomaret.com"
        }
      }
    },
    {
      "type": "Feature",
      "geometry": {
        "type": "Point",
        "coordinates": [
          112.2169252,
          -8.031695
        ]
      },
      "properties": {
        "id": "osm:node:12811950748",
        "name": "Alfamart",
        "category": "Minimarket",
        "osm_id": 12811950748,
        "osm_type": "node",
        "metadata": {
          "addr:district": "Blitar",
          "addr:province": "JawaTimur",
          "addr:subdistrict": "Nglegok",
          "addr:village": "Nglegok",
          "brand": "Alfamart",
          "brand:wikidata": "Q23745600",
          "name": "Alfamart",
          "operator": "PT Sumber Alfaria Trijaya,Tbk",
          "shop": "convenience",
          "toilets": "yes",
          "toilets:access": "permissive",
          "toilets:unisex": "yes",
          "website": "https://alfamart.co.id"
        }
      }
    },
    {
      "type": "Feature",
      "geometry": {
        "type": "Point",
        "coordinates": [
          112.181626,
          -8.0346173
        ]
      },
      "properties": {
        "id": "osm:node:12811950749",
        "name": "Indomaret",
        "category": "Minimarket",
        "osm_id": 12811950749,
        "osm_type": "node",
        "metadata": {
          "addr:district": "Blitar",
          "addr:province": "JawaTimur",
          "addr:subdistrict": "Nglegok",
          "addr:village": "Bangsri",
          "air_conditioning": "yes",
          "brand": "Indomaret",
          "brand:wikidata": "Q4262825",
          "brand:wikipedia": "id:Indomaret",
          "name": "Indomaret",
          "name:en": "Indomaret",
          "name:id": "Indomaret",
          "name:ja": "インドマレット",
          "operator": "PT. Indomarco Prismatama",
          "shop": "convenience",
          "toilets": "yes",
          "toilets:access": "permissive",
          "website": "https://www.klikindomaret.com"
        }
      }
    },
    {
      "type": "Feature",
      "geometry": {
        "type": "Point",
        "coordinates": [
          112.1310104,
          -8.1391875
        ]
      },
      "properties": {
        "id": "osm:node:12841667630",
        "name": "Pion Studio Photo",
        "category": "Studio & Fotografi",
        "osm_id": 12841667630,
        "osm_type": "node",
        "metadata": {
          "addr:country": "ID",
          "addr:district": "Blitar",
          "addr:hamlet": "Gulungan",
          "addr:postcode": "66161",
          "addr:province": "Jawa Timur",
          "addr:subdistrict": "Kademangan",
          "addr:village": "Jimbe",
          "name": "Pion Studio Photo",
          "opening_hours": "24/7",
          "shop": "photo"
        }
      }
    },
    {
      "type": "Feature",
      "geometry": {
        "type": "Point",
        "coordinates": [
          111.9020149,
          -8.0605555
        ]
      },
      "properties": {
        "id": "osm:node:12853021292",
        "name": "Fasilitas Parkir (Tanpa Nama)",
        "category": "Fasilitas Parkir",
        "osm_id": 12853021292,
        "osm_type": "node",
        "metadata": {
          "amenity": "parking"
        }
      }
    },
    {
      "type": "Feature",
      "geometry": {
        "type": "Point",
        "coordinates": [
          112.1588466,
          -8.102956
        ]
      },
      "properties": {
        "id": "osm:node:12866324385",
        "name": "Nice So",
        "category": "Supermarket",
        "osm_id": 12866324385,
        "osm_type": "node",
        "metadata": {
          "name": "Nice So",
          "shop": "supermarket"
        }
      }
    },
    {
      "type": "Feature",
      "geometry": {
        "type": "Point",
        "coordinates": [
          112.1584451,
          -8.1026766
        ]
      },
      "properties": {
        "id": "osm:node:12866324386",
        "name": "TK SD Yos Sudarso",
        "category": "Tempat Ibadah (Lainnya)",
        "osm_id": 12866324386,
        "osm_type": "node",
        "metadata": {
          "amenity": "place_of_worship",
          "name": "TK SD Yos Sudarso"
        }
      }
    },
    {
      "type": "Feature",
      "geometry": {
        "type": "Point",
        "coordinates": [
          112.1592426,
          -8.1027671
        ]
      },
      "properties": {
        "id": "osm:node:12866324391",
        "name": "Tomoro",
        "category": "Kafe & Kedai Kopi",
        "osm_id": 12866324391,
        "osm_type": "node",
        "metadata": {
          "amenity": "cafe",
          "name": "Tomoro"
        }
      }
    },
    {
      "type": "Feature",
      "geometry": {
        "type": "Point",
        "coordinates": [
          112.0211318,
          -7.9506404
        ]
      },
      "properties": {
        "id": "osm:node:12902465775",
        "name": "TPQ DANMADINALHIDAYAH",
        "category": "Masjid & Mushola",
        "osm_id": 12902465775,
        "osm_type": "node",
        "metadata": {
          "addr:city": "kediri",
          "addr:district": "kandat",
          "addr:housename": "madin AL hidayah",
          "addr:postcode": "64173",
          "addr:province": "jatim",
          "addr:street": "nusa indah",
          "addr:subdistrict": "sumberjo",
          "addr:unit": "tpq",
          "amenity": "place_of_worship",
          "denomination": "sunni",
          "email": "17alhadi@gmail.com",
          "mobile": "+6285868288000",
          "name": "TPQ DANMADINALHIDAYAH",
          "opening_hours": "Mo-Su 09:00-21:00",
          "religion": "muslim",
          "service_times": "07,00- 24.00"
        }
      }
    },
    {
      "type": "Feature",
      "geometry": {
        "type": "Point",
        "coordinates": [
          111.9106605,
          -8.0444466
        ]
      },
      "properties": {
        "id": "osm:node:12945073001",
        "name": "Urbanview Hotels Trisna Tulungagung",
        "category": "Hotel & Penginapan",
        "osm_id": 12945073001,
        "osm_type": "node",
        "metadata": {
          "addr:street": "Jalan Pahlawan",
          "name": "Urbanview Hotels Trisna Tulungagung",
          "tourism": "hotel"
        }
      }
    },
    {
      "type": "Feature",
      "geometry": {
        "type": "Point",
        "coordinates": [
          111.8792632,
          -8.2218247
        ]
      },
      "properties": {
        "id": "osm:node:13061815204",
        "name": "TPQ Baitut Taqwa",
        "category": "Masjid & Mushola",
        "osm_id": 13061815204,
        "osm_type": "node",
        "metadata": {
          "amenity": "place_of_worship",
          "name": "TPQ Baitut Taqwa"
        }
      }
    },
    {
      "type": "Feature",
      "geometry": {
        "type": "Point",
        "coordinates": [
          112.2118203,
          -8.0152669
        ]
      },
      "properties": {
        "id": "osm:node:13154706783",
        "name": "Petirtaan Candi Panataran",
        "category": "Lainnya",
        "osm_id": 13154706783,
        "osm_type": "node",
        "metadata": {
          "historic": "yes",
          "name": "Petirtaan Candi Panataran"
        }
      }
    },
    {
      "type": "Feature",
      "geometry": {
        "type": "Point",
        "coordinates": [
          111.9210467,
          -8.0245669
        ]
      },
      "properties": {
        "id": "osm:node:13410058887",
        "name": "Waroeng Jadoel Winna Joglo",
        "category": "Restoran",
        "osm_id": 13410058887,
        "osm_type": "node",
        "metadata": {
          "amenity": "restaurant",
          "name": "Waroeng Jadoel Winna Joglo"
        }
      }
    },
    {
      "type": "Feature",
      "geometry": {
        "type": "Point",
        "coordinates": [
          112.1635732,
          -8.115229
        ]
      },
      "properties": {
        "id": "osm:node:13410100640",
        "name": "Apotek Panggung Farma Blitar",
        "category": "Apotek",
        "osm_id": 13410100640,
        "osm_type": "node",
        "metadata": {
          "amenity": "pharmacy",
          "name": "Apotek Panggung Farma Blitar"
        }
      }
    },
    {
      "type": "Feature",
      "geometry": {
        "type": "Point",
        "coordinates": [
          112.2222586,
          -8.130306
        ]
      },
      "properties": {
        "id": "osm:node:13410107826",
        "name": "Sinar Makmur Kanigoro",
        "category": "Supermarket",
        "osm_id": 13410107826,
        "osm_type": "node",
        "metadata": {
          "name": "Sinar Makmur Kanigoro",
          "shop": "supermarket"
        }
      }
    },
    {
      "type": "Feature",
      "geometry": {
        "type": "Point",
        "coordinates": [
          111.9468484,
          -8.0322836
        ]
      },
      "properties": {
        "id": "osm:node:13410108329",
        "name": "SPBU Pertamina 54.662.20 Pinggirsari",
        "category": "SPBU / Stasiun Pengisian Bahan Bakar",
        "osm_id": 13410108329,
        "osm_type": "node",
        "metadata": {
          "amenity": "fuel",
          "name": "SPBU Pertamina 54.662.20 Pinggirsari"
        }
      }
    },
    {
      "type": "Feature",
      "geometry": {
        "type": "Point",
        "coordinates": [
          112.1496546,
          -8.0872221
        ]
      },
      "properties": {
        "id": "osm:node:13410115243",
        "name": "Apotek Surya Sehat",
        "category": "Apotek",
        "osm_id": 13410115243,
        "osm_type": "node",
        "metadata": {
          "amenity": "pharmacy",
          "name": "Apotek Surya Sehat"
        }
      }
    },
    {
      "type": "Feature",
      "geometry": {
        "type": "Point",
        "coordinates": [
          112.1740477,
          -8.0888529
        ]
      },
      "properties": {
        "id": "osm:node:13568852279",
        "name": "Apotek Prapatan Kota Bendogerit",
        "category": "Apotek",
        "osm_id": 13568852279,
        "osm_type": "node",
        "metadata": {
          "amenity": "pharmacy",
          "name": "Apotek Prapatan Kota Bendogerit"
        }
      }
    },
    {
      "type": "Feature",
      "geometry": {
        "type": "Point",
        "coordinates": [
          111.997588,
          -7.8858865
        ]
      },
      "properties": {
        "id": "osm:node:13665939385",
        "name": "Indomaret",
        "category": "Minimarket",
        "osm_id": 13665939385,
        "osm_type": "node",
        "metadata": {
          "air_conditioning": "yes",
          "brand": "Indomaret",
          "brand:wikidata": "Q4262825",
          "brand:wikipedia": "id:Indomaret",
          "name": "Indomaret",
          "name:en": "Indomaret",
          "name:id": "Indomaret",
          "name:ja": "インドマレット",
          "operator": "PT. Indomarco Prismatama",
          "shop": "convenience",
          "toilets": "yes",
          "toilets:access": "permissive",
          "website": "https://www.klikindomaret.com"
        }
      }
    },
    {
      "type": "Feature",
      "geometry": {
        "type": "Point",
        "coordinates": [
          112.0004844,
          -7.8717915
        ]
      },
      "properties": {
        "id": "osm:node:13665973492",
        "name": "Indomaret",
        "category": "Minimarket",
        "osm_id": 13665973492,
        "osm_type": "node",
        "metadata": {
          "air_conditioning": "yes",
          "brand": "Indomaret",
          "brand:wikidata": "Q4262825",
          "brand:wikipedia": "id:Indomaret",
          "name": "Indomaret",
          "name:en": "Indomaret",
          "name:id": "Indomaret",
          "name:ja": "インドマレット",
          "operator": "PT. Indomarco Prismatama",
          "shop": "convenience",
          "toilets": "yes",
          "toilets:access": "permissive",
          "website": "https://www.klikindomaret.com"
        }
      }
    },
    {
      "type": "Feature",
      "geometry": {
        "type": "Point",
        "coordinates": [
          111.9998227,
          -7.878293
        ]
      },
      "properties": {
        "id": "osm:node:13666019649",
        "name": "Masjid Baiturrahman",
        "category": "Masjid & Mushola",
        "osm_id": 13666019649,
        "osm_type": "node",
        "metadata": {
          "amenity": "place_of_worship",
          "name": "Masjid Baiturrahman",
          "religion": "muslim"
        }
      }
    },
    {
      "type": "Feature",
      "geometry": {
        "type": "Point",
        "coordinates": [
          111.9752505,
          -7.9241727
        ]
      },
      "properties": {
        "id": "osm:node:13666129996",
        "name": "Masjid Husnul Khotimah",
        "category": "Masjid & Mushola",
        "osm_id": 13666129996,
        "osm_type": "node",
        "metadata": {
          "amenity": "place_of_worship",
          "name": "Masjid Husnul Khotimah",
          "religion": "muslim"
        }
      }
    },
    {
      "type": "Feature",
      "geometry": {
        "type": "Point",
        "coordinates": [
          111.9857949,
          -7.9062963
        ]
      },
      "properties": {
        "id": "osm:node:13666377292",
        "name": "Masjid Wakaf Dzikrullah",
        "category": "Masjid & Mushola",
        "osm_id": 13666377292,
        "osm_type": "node",
        "metadata": {
          "amenity": "place_of_worship",
          "name": "Masjid Wakaf Dzikrullah",
          "religion": "muslim"
        }
      }
    },
    {
      "type": "Feature",
      "geometry": {
        "type": "Point",
        "coordinates": [
          111.99378,
          -7.8916192
        ]
      },
      "properties": {
        "id": "osm:node:13666396978",
        "name": "Puskesmas Ngadiluwih",
        "category": "Klinik & Puskesmas",
        "osm_id": 13666396978,
        "osm_type": "node",
        "metadata": {
          "amenity": "clinic",
          "healthcare": "clinic",
          "name": "Puskesmas Ngadiluwih",
          "operator": "Ministry of Health",
          "operator:en": "Ministry of Health",
          "operator:id": "Kementerian Kesehatan",
          "operator:type": "government",
          "operator:wikidata": "Q12490745"
        }
      }
    },
    {
      "type": "Feature",
      "geometry": {
        "type": "Point",
        "coordinates": [
          111.9830746,
          -7.9122692
        ]
      },
      "properties": {
        "id": "osm:node:13666403949",
        "name": "RSU Arga Husada",
        "category": "Rumah Sakit",
        "osm_id": 13666403949,
        "osm_type": "node",
        "metadata": {
          "amenity": "hospital",
          "healthcare": "hospital",
          "name": "RSU Arga Husada"
        }
      }
    },
    {
      "type": "Feature",
      "geometry": {
        "type": "Point",
        "coordinates": [
          111.9858884,
          -7.9062048
        ]
      },
      "properties": {
        "id": "osm:node:13666409295",
        "name": "Indomaret",
        "category": "Minimarket",
        "osm_id": 13666409295,
        "osm_type": "node",
        "metadata": {
          "air_conditioning": "yes",
          "brand": "Indomaret",
          "brand:wikidata": "Q4262825",
          "brand:wikipedia": "id:Indomaret",
          "name": "Indomaret",
          "name:en": "Indomaret",
          "name:id": "Indomaret",
          "name:ja": "インドマレット",
          "operator": "PT. Indomarco Prismatama",
          "shop": "convenience",
          "toilets": "yes",
          "toilets:access": "permissive",
          "website": "https://www.klikindomaret.com"
        }
      }
    },
    {
      "type": "Feature",
      "geometry": {
        "type": "Point",
        "coordinates": [
          111.989138,
          -7.9004249
        ]
      },
      "properties": {
        "id": "osm:node:13666420376",
        "name": "Alfamidi",
        "category": "Minimarket",
        "osm_id": 13666420376,
        "osm_type": "node",
        "metadata": {
          "brand": "Alfamidi",
          "brand:wikidata": "Q12471462",
          "name": "Alfamidi",
          "shop": "convenience"
        }
      }
    },
    {
      "type": "Feature",
      "geometry": {
        "type": "Point",
        "coordinates": [
          112.1651861,
          -8.098078
        ]
      },
      "properties": {
        "id": "osm:way:96322130",
        "name": "Alun-Alun Blitar",
        "category": "Taman Kota / Terbuka",
        "osm_id": 96322130,
        "osm_type": "way",
        "metadata": {
          "leisure": "park",
          "name": "Alun-Alun Blitar",
          "source": "Bing"
        }
      }
    },
    {
      "type": "Feature",
      "geometry": {
        "type": "Point",
        "coordinates": [
          112.1746017,
          -8.09616
        ]
      },
      "properties": {
        "id": "osm:way:96322138",
        "name": "Taman Kebonrojo",
        "category": "Taman Kota / Terbuka",
        "osm_id": 96322138,
        "osm_type": "way",
        "metadata": {
          "access": "yes",
          "alt_name": "Kebon Rojo",
          "leisure": "park",
          "name": "Taman Kebonrojo",
          "operator": "Pemerintah Kota Blitar",
          "smoking": "yes",
          "source": "Bing"
        }
      }
    },
    {
      "type": "Feature",
      "geometry": {
        "type": "Point",
        "coordinates": [
          111.9120126,
          -8.0019726
        ]
      },
      "properties": {
        "id": "osm:way:138671074",
        "name": "Pasar Karangrejo",
        "category": "Pasar Tradisional",
        "osm_id": 138671074,
        "osm_type": "way",
        "metadata": {
          "amenity": "marketplace",
          "name": "Pasar Karangrejo",
          "opening_hours": "Sa-Fr 06:00-13:00"
        }
      }
    },
    {
      "type": "Feature",
      "geometry": {
        "type": "Point",
        "coordinates": [
          111.9109639,
          -8.003225
        ]
      },
      "properties": {
        "id": "osm:way:138671075",
        "name": "Polsek Karangrejo",
        "category": "Layanan Pemerintahan",
        "osm_id": 138671075,
        "osm_type": "way",
        "metadata": {
          "amenity": "police",
          "building": "yes",
          "name": "Polsek Karangrejo"
        }
      }
    },
    {
      "type": "Feature",
      "geometry": {
        "type": "Point",
        "coordinates": [
          111.9090759,
          -8.0029087
        ]
      },
      "properties": {
        "id": "osm:way:138671076",
        "name": "SDN 1 Karangrejo",
        "category": "Sekolah Dasar (SD/MI)",
        "osm_id": 138671076,
        "osm_type": "way",
        "metadata": {
          "amenity": "school",
          "building": "yes",
          "name": "SDN 1 Karangrejo"
        }
      }
    },
    {
      "type": "Feature",
      "geometry": {
        "type": "Point",
        "coordinates": [
          111.9110279,
          -8.0018614
        ]
      },
      "properties": {
        "id": "osm:way:138672516",
        "name": "MTSN Karangrejo",
        "category": "Sekolah Menengah Pertama (SMP/MTs)",
        "osm_id": 138672516,
        "osm_type": "way",
        "metadata": {
          "amenity": "school",
          "name": "MTSN Karangrejo"
        }
      }
    },
    {
      "type": "Feature",
      "geometry": {
        "type": "Point",
        "coordinates": [
          112.157616,
          -8.098977
        ]
      },
      "properties": {
        "id": "osm:way:149948778",
        "name": "Pasar Legi",
        "category": "Supermarket",
        "osm_id": 149948778,
        "osm_type": "way",
        "metadata": {
          "amenity": "marketplace",
          "name": "Pasar Legi",
          "shop": "supermarket"
        }
      }
    },
    {
      "type": "Feature",
      "geometry": {
        "type": "Point",
        "coordinates": [
          112.1635703,
          -8.1033293
        ]
      },
      "properties": {
        "id": "osm:way:149948779",
        "name": "Fasilitas Olahraga (Tanpa Nama)",
        "category": "Fasilitas Olahraga",
        "osm_id": 149948779,
        "osm_type": "way",
        "metadata": {
          "leisure": "sports_centre",
          "sport": "tennis"
        }
      }
    },
    {
      "type": "Feature",
      "geometry": {
        "type": "Point",
        "coordinates": [
          112.1744599,
          -8.0939458
        ]
      },
      "properties": {
        "id": "osm:way:149950469",
        "name": "Kantor Pemkab Blitar (BPKAD, Kominfo, Inspektorat, Dinas Perpustakaan & Arsip)",
        "category": "Sekolah (Umum)",
        "osm_id": 149950469,
        "osm_type": "way",
        "metadata": {
          "admin_level": "5",
          "name": "Kantor Pemkab Blitar (BPKAD, Kominfo, Inspektorat, Dinas Perpustakaan & Arsip)",
          "office": "government"
        }
      }
    },
    {
      "type": "Feature",
      "geometry": {
        "type": "Point",
        "coordinates": [
          112.1662254,
          -8.0984144
        ]
      },
      "properties": {
        "id": "osm:way:149950473",
        "name": "Lembaga Pemasyarakatan Kelas II-A Blitar",
        "category": "Layanan Pemerintahan",
        "osm_id": 149950473,
        "osm_type": "way",
        "metadata": {
          "amenity": "prison",
          "name": "Lembaga Pemasyarakatan Kelas II-A Blitar",
          "operator": "Kementerian Hukum dan Hak Asasi Manusia",
          "operator:type": "government"
        }
      }
    },
    {
      "type": "Feature",
      "geometry": {
        "type": "Point",
        "coordinates": [
          112.0721521,
          -8.0601368
        ]
      },
      "properties": {
        "id": "osm:way:149953698",
        "name": "Stadion Srengat",
        "category": "Fasilitas Olahraga",
        "osm_id": 149953698,
        "osm_type": "way",
        "metadata": {
          "leisure": "sports_centre",
          "name": "Stadion Srengat",
          "wikidata": "Q8243953"
        }
      }
    },
    {
      "type": "Feature",
      "geometry": {
        "type": "Point",
        "coordinates": [
          112.0820226,
          -8.0931916
        ]
      },
      "properties": {
        "id": "osm:way:150082295",
        "name": "Kantor Desa Maron",
        "category": "Layanan Pemerintahan",
        "osm_id": 150082295,
        "osm_type": "way",
        "metadata": {
          "amenity": "townhall",
          "building": "office",
          "government": "administrative",
          "name": "Kantor Desa Maron",
          "office": "government",
          "townhall:type": "village"
        }
      }
    },
    {
      "type": "Feature",
      "geometry": {
        "type": "Point",
        "coordinates": [
          112.0825081,
          -8.0924409
        ]
      },
      "properties": {
        "id": "osm:way:150082297",
        "name": "Sekolah (Umum) (Tanpa Nama)",
        "category": "Sekolah (Umum)",
        "osm_id": 150082297,
        "osm_type": "way",
        "metadata": {
          "amenity": "school"
        }
      }
    },
    {
      "type": "Feature",
      "geometry": {
        "type": "Point",
        "coordinates": [
          112.0824466,
          -8.0927512
        ]
      },
      "properties": {
        "id": "osm:way:150082302",
        "name": "Sekolah (Umum) (Tanpa Nama)",
        "category": "Sekolah (Umum)",
        "osm_id": 150082302,
        "osm_type": "way",
        "metadata": {
          "amenity": "school"
        }
      }
    },
    {
      "type": "Feature",
      "geometry": {
        "type": "Point",
        "coordinates": [
          112.0704895,
          -8.0625911
        ]
      },
      "properties": {
        "id": "osm:way:150186301",
        "name": "Kantor Imigrasi Srengat",
        "category": "Layanan Pemerintahan",
        "osm_id": 150186301,
        "osm_type": "way",
        "metadata": {
          "building": "public",
          "government": "migration",
          "name": "Kantor Imigrasi Srengat",
          "office": "government"
        }
      }
    },
    {
      "type": "Feature",
      "geometry": {
        "type": "Point",
        "coordinates": [
          112.0624391,
          -8.0618371
        ]
      },
      "properties": {
        "id": "osm:way:150186302",
        "name": "Puskesmas Srengat",
        "category": "Rumah Sakit",
        "osm_id": 150186302,
        "osm_type": "way",
        "metadata": {
          "amenity": "hospital",
          "emergency": "yes",
          "name": "Puskesmas Srengat"
        }
      }
    },
    {
      "type": "Feature",
      "geometry": {
        "type": "Point",
        "coordinates": [
          111.9181393,
          -8.0540316
        ]
      },
      "properties": {
        "id": "osm:way:158405004",
        "name": "RSUD Dr. Iskak Tulungagung",
        "category": "Rumah Sakit",
        "osm_id": 158405004,
        "osm_type": "way",
        "metadata": {
          "addr:city": "Tulungagung",
          "addr:full": "Jalan Dr. Wahidin Sudiro Husodo",
          "addr:postcode": "66223",
          "amenity": "hospital",
          "healthcare": "hospital",
          "name": "RSUD Dr. Iskak Tulungagung",
          "operator:type": "government",
          "phone": "+62 355 322609",
          "website": "https://rsudtulungagung.com/home"
        }
      }
    },
    {
      "type": "Feature",
      "geometry": {
        "type": "Point",
        "coordinates": [
          112.1714813,
          -8.0947817
        ]
      },
      "properties": {
        "id": "osm:way:165067183",
        "name": "Kampus III UM",
        "category": "Perguruan Tinggi",
        "osm_id": 165067183,
        "osm_type": "way",
        "metadata": {
          "amenity": "university",
          "name": "Kampus III UM"
        }
      }
    },
    {
      "type": "Feature",
      "geometry": {
        "type": "Point",
        "coordinates": [
          112.1804175,
          -8.1078355
        ]
      },
      "properties": {
        "id": "osm:way:165067184",
        "name": "STKIP",
        "category": "Perguruan Tinggi",
        "osm_id": 165067184,
        "osm_type": "way",
        "metadata": {
          "amenity": "college",
          "name": "STKIP"
        }
      }
    },
    {
      "type": "Feature",
      "geometry": {
        "type": "Point",
        "coordinates": [
          112.1769884,
          -8.0929986
        ]
      },
      "properties": {
        "id": "osm:way:165067185",
        "name": "Taman Makam Pahlawan Raden Wijaya",
        "category": "Taman Kota / Terbuka",
        "osm_id": 165067185,
        "osm_type": "way",
        "metadata": {
          "landuse": "cemetery",
          "name": "Taman Makam Pahlawan Raden Wijaya"
        }
      }
    },
    {
      "type": "Feature",
      "geometry": {
        "type": "Point",
        "coordinates": [
          112.1714463,
          -8.111827
        ]
      },
      "properties": {
        "id": "osm:way:165173819",
        "name": "Rumah Tahanan Anak Blitar",
        "category": "Lainnya",
        "osm_id": 165173819,
        "osm_type": "way",
        "metadata": {
          "amenity": "prison",
          "name": "Rumah Tahanan Anak Blitar"
        }
      }
    },
    {
      "type": "Feature",
      "geometry": {
        "type": "Point",
        "coordinates": [
          112.1762799,
          -8.0980819
        ]
      },
      "properties": {
        "id": "osm:way:171012874",
        "name": "Istana Gebang",
        "category": "Lainnya",
        "osm_id": 171012874,
        "osm_type": "way",
        "metadata": {
          "amenity": "historical",
          "building": "yes",
          "museum": "history",
          "name": "Istana Gebang",
          "operator": "Pemerintah Kota Blitar",
          "tourism": "museum"
        }
      }
    },
    {
      "type": "Feature",
      "geometry": {
        "type": "Point",
        "coordinates": [
          112.1760972,
          -8.0845992
        ]
      },
      "properties": {
        "id": "osm:way:171999453",
        "name": "Makam Soekarno",
        "category": "Pemakaman",
        "osm_id": 171999453,
        "osm_type": "way",
        "metadata": {
          "addr:street": "Jalan Ir.Soekarno",
          "building": "yes",
          "historic": "memorial",
          "name": "Makam Soekarno"
        }
      }
    },
    {
      "type": "Feature",
      "geometry": {
        "type": "Point",
        "coordinates": [
          112.1537947,
          -8.0950354
        ]
      },
      "properties": {
        "id": "osm:way:171999523",
        "name": "Pemakaman (Tanpa Nama)",
        "category": "Pemakaman",
        "osm_id": 171999523,
        "osm_type": "way",
        "metadata": {
          "landuse": "cemetery"
        }
      }
    },
    {
      "type": "Feature",
      "geometry": {
        "type": "Point",
        "coordinates": [
          112.1552166,
          -8.0967647
        ]
      },
      "properties": {
        "id": "osm:way:181687004",
        "name": "makam",
        "category": "Pemakaman",
        "osm_id": 181687004,
        "osm_type": "way",
        "metadata": {
          "landuse": "cemetery",
          "name": "makam"
        }
      }
    },
    {
      "type": "Feature",
      "geometry": {
        "type": "Point",
        "coordinates": [
          111.9002184,
          -8.0888212
        ]
      },
      "properties": {
        "id": "osm:way:230777424",
        "name": "Direktorat Jenderal Pajak Tulungagung",
        "category": "Layanan Pemerintahan",
        "osm_id": 230777424,
        "osm_type": "way",
        "metadata": {
          "building": "office",
          "government": "tax",
          "name": "Direktorat Jenderal Pajak Tulungagung",
          "office": "government",
          "opening_hours": "Mo-Fr 08:00-17:00",
          "operator": "Deltaweb"
        }
      }
    },
    {
      "type": "Feature",
      "geometry": {
        "type": "Point",
        "coordinates": [
          111.9014167,
          -8.0870605
        ]
      },
      "properties": {
        "id": "osm:way:230777537",
        "name": "Masjid & Mushola (Tanpa Nama)",
        "category": "Masjid & Mushola",
        "osm_id": 230777537,
        "osm_type": "way",
        "metadata": {
          "amenity": "place_of_worship",
          "religion": "muslim"
        }
      }
    },
    {
      "type": "Feature",
      "geometry": {
        "type": "Point",
        "coordinates": [
          111.9004264,
          -8.090424
        ]
      },
      "properties": {
        "id": "osm:way:230777538",
        "name": "Masjid & Mushola (Tanpa Nama)",
        "category": "Masjid & Mushola",
        "osm_id": 230777538,
        "osm_type": "way",
        "metadata": {
          "amenity": "place_of_worship",
          "religion": "muslim"
        }
      }
    },
    {
      "type": "Feature",
      "geometry": {
        "type": "Point",
        "coordinates": [
          111.9014751,
          -8.0888797
        ]
      },
      "properties": {
        "id": "osm:way:230777539",
        "name": "Masjid & Mushola (Tanpa Nama)",
        "category": "Masjid & Mushola",
        "osm_id": 230777539,
        "osm_type": "way",
        "metadata": {
          "amenity": "place_of_worship",
          "religion": "muslim"
        }
      }
    },
    {
      "type": "Feature",
      "geometry": {
        "type": "Point",
        "coordinates": [
          111.9014724,
          -8.0903166
        ]
      },
      "properties": {
        "id": "osm:way:230777961",
        "name": "UNITA",
        "category": "Perguruan Tinggi",
        "osm_id": 230777961,
        "osm_type": "way",
        "metadata": {
          "amenity": "university",
          "name": "UNITA",
          "operator": "Deltaweb"
        }
      }
    },
    {
      "type": "Feature",
      "geometry": {
        "type": "Point",
        "coordinates": [
          111.8995962,
          -8.0900089
        ]
      },
      "properties": {
        "id": "osm:way:230777963",
        "name": "Masjid & Mushola (Tanpa Nama)",
        "category": "Masjid & Mushola",
        "osm_id": 230777963,
        "osm_type": "way",
        "metadata": {
          "amenity": "place_of_worship",
          "religion": "muslim"
        }
      }
    },
    {
      "type": "Feature",
      "geometry": {
        "type": "Point",
        "coordinates": [
          111.9014601,
          -8.0826145
        ]
      },
      "properties": {
        "id": "osm:way:230778361",
        "name": "Masjid & Mushola (Tanpa Nama)",
        "category": "Masjid & Mushola",
        "osm_id": 230778361,
        "osm_type": "way",
        "metadata": {
          "amenity": "place_of_worship",
          "religion": "muslim"
        }
      }
    },
    {
      "type": "Feature",
      "geometry": {
        "type": "Point",
        "coordinates": [
          111.900428,
          -8.0820099
        ]
      },
      "properties": {
        "id": "osm:way:230778362",
        "name": "Masjid & Mushola (Tanpa Nama)",
        "category": "Masjid & Mushola",
        "osm_id": 230778362,
        "osm_type": "way",
        "metadata": {
          "amenity": "place_of_worship",
          "religion": "muslim"
        }
      }
    },
    {
      "type": "Feature",
      "geometry": {
        "type": "Point",
        "coordinates": [
          111.902761,
          -8.0663397
        ]
      },
      "properties": {
        "id": "osm:way:230784638",
        "name": "Kantor Pemerintah Kabupaten Tulungagung",
        "category": "Layanan Pemerintahan",
        "osm_id": 230784638,
        "osm_type": "way",
        "metadata": {
          "building": "yes",
          "government": "administrative",
          "name": "Kantor Pemerintah Kabupaten Tulungagung",
          "office": "government"
        }
      }
    },
    {
      "type": "Feature",
      "geometry": {
        "type": "Point",
        "coordinates": [
          111.9025341,
          -8.0650716
        ]
      },
      "properties": {
        "id": "osm:way:230784686",
        "name": "Masjid & Mushola (Tanpa Nama)",
        "category": "Masjid & Mushola",
        "osm_id": 230784686,
        "osm_type": "way",
        "metadata": {
          "amenity": "place_of_worship",
          "religion": "muslim"
        }
      }
    },
    {
      "type": "Feature",
      "geometry": {
        "type": "Point",
        "coordinates": [
          111.8997289,
          -8.0646918
        ]
      },
      "properties": {
        "id": "osm:way:230784687",
        "name": "Masjid Agung Tulungagung",
        "category": "Masjid & Mushola",
        "osm_id": 230784687,
        "osm_type": "way",
        "metadata": {
          "amenity": "place_of_worship",
          "building": "mosque",
          "denomination": "nondenominational",
          "name": "Masjid Agung Tulungagung",
          "opening_hours": "24/7",
          "religion": "muslim",
          "service_times": "24/7",
          "wheelchair": "designated"
        }
      }
    },
    {
      "type": "Feature",
      "geometry": {
        "type": "Point",
        "coordinates": [
          111.9087856,
          -8.078047
        ]
      },
      "properties": {
        "id": "osm:way:234221978",
        "name": "Fasilitas Olahraga (Tanpa Nama)",
        "category": "Fasilitas Olahraga",
        "osm_id": 234221978,
        "osm_type": "way",
        "metadata": {
          "leisure": "pitch",
          "sport": "soccer"
        }
      }
    },
    {
      "type": "Feature",
      "geometry": {
        "type": "Point",
        "coordinates": [
          112.2159193,
          -8.0303173
        ]
      },
      "properties": {
        "id": "osm:way:261885234",
        "name": "Masjid Besar Mustawan",
        "category": "Masjid & Mushola",
        "osm_id": 261885234,
        "osm_type": "way",
        "metadata": {
          "addr:city": "Blitar",
          "addr:postcode": "66181",
          "addr:street": "Jl. Raya Penataran No.39, Selorejo, Nglegok",
          "amenity": "place_of_worship",
          "building": "mosque",
          "name": "Masjid Besar Mustawan",
          "religion": "muslim",
          "website": "https://masjidmustawan.icom.host"
        }
      }
    },
    {
      "type": "Feature",
      "geometry": {
        "type": "Point",
        "coordinates": [
          112.2066703,
          -7.9952718
        ]
      },
      "properties": {
        "id": "osm:way:261885235",
        "name": "Masjid & Mushola (Tanpa Nama)",
        "category": "Masjid & Mushola",
        "osm_id": 261885235,
        "osm_type": "way",
        "metadata": {
          "FIXME": "check",
          "amenity": "place_of_worship",
          "building": "mosque",
          "religion": "muslim"
        }
      }
    },
    {
      "type": "Feature",
      "geometry": {
        "type": "Point",
        "coordinates": [
          112.1938361,
          -7.9343011
        ]
      },
      "properties": {
        "id": "osm:way:262407307",
        "name": "Masjid & Mushola (Tanpa Nama)",
        "category": "Masjid & Mushola",
        "osm_id": 262407307,
        "osm_type": "way",
        "metadata": {
          "amenity": "place_of_worship",
          "building": "mosque",
          "fixme": "improve me",
          "religion": "muslim"
        }
      }
    },
    {
      "type": "Feature",
      "geometry": {
        "type": "Point",
        "coordinates": [
          112.2256047,
          -7.9003457
        ]
      },
      "properties": {
        "id": "osm:way:274443811",
        "name": "Fasilitas Olahraga (Tanpa Nama)",
        "category": "Fasilitas Olahraga",
        "osm_id": 274443811,
        "osm_type": "way",
        "metadata": {
          "leisure": "pitch",
          "sport": "tennis"
        }
      }
    },
    {
      "type": "Feature",
      "geometry": {
        "type": "Point",
        "coordinates": [
          112.1944471,
          -7.9131519
        ]
      },
      "properties": {
        "id": "osm:way:280513143",
        "name": "Masjid & Mushola (Tanpa Nama)",
        "category": "Masjid & Mushola",
        "osm_id": 280513143,
        "osm_type": "way",
        "metadata": {
          "amenity": "place_of_worship",
          "building": "mosque",
          "religion": "muslim"
        }
      }
    },
    {
      "type": "Feature",
      "geometry": {
        "type": "Point",
        "coordinates": [
          112.0997054,
          -8.0367504
        ]
      },
      "properties": {
        "id": "osm:way:295771958",
        "name": "Tempat Ibadah (Lainnya) (Tanpa Nama)",
        "category": "Tempat Ibadah (Lainnya)",
        "osm_id": 295771958,
        "osm_type": "way",
        "metadata": {
          "amenity": "place_of_worship",
          "building": "yes"
        }
      }
    },
    {
      "type": "Feature",
      "geometry": {
        "type": "Point",
        "coordinates": [
          112.1018275,
          -8.0415742
        ]
      },
      "properties": {
        "id": "osm:way:295776687",
        "name": "Musholla",
        "category": "Masjid & Mushola",
        "osm_id": 295776687,
        "osm_type": "way",
        "metadata": {
          "addr:city": "Blitar",
          "addr:postcode": "64153",
          "addr:street": "Jendral Sudirman",
          "amenity": "place_of_worship",
          "building": "yes",
          "name": "Musholla",
          "religion": "muslim"
        }
      }
    },
    {
      "type": "Feature",
      "geometry": {
        "type": "Point",
        "coordinates": [
          112.1020403,
          -8.0432425
        ]
      },
      "properties": {
        "id": "osm:way:295778675",
        "name": "Pure",
        "category": "Pura",
        "osm_id": 295778675,
        "osm_type": "way",
        "metadata": {
          "amenity": "place_of_worship",
          "building": "yes",
          "name": "Pure",
          "religion": "hindu"
        }
      }
    },
    {
      "type": "Feature",
      "geometry": {
        "type": "Point",
        "coordinates": [
          111.8967402,
          -8.0727129
        ]
      },
      "properties": {
        "id": "osm:way:296779366",
        "name": "Terminal Gayatri",
        "category": "Halte / Terminal Bus",
        "osm_id": 296779366,
        "osm_type": "way",
        "metadata": {
          "amenity": "bus_station",
          "building": "yes",
          "name": "Terminal Gayatri"
        }
      }
    },
    {
      "type": "Feature",
      "geometry": {
        "type": "Point",
        "coordinates": [
          112.1581943,
          -8.1232391
        ]
      },
      "properties": {
        "id": "osm:way:296779373",
        "name": "Terminal Patria",
        "category": "Stasiun Kereta Api",
        "osm_id": 296779373,
        "osm_type": "way",
        "metadata": {
          "amenity": "bus_station",
          "bus": "yes",
          "name": "Terminal Patria",
          "operator": "BPTD Wilayah IX Jawa Timur",
          "public_transport": "station"
        }
      }
    },
    {
      "type": "Feature",
      "geometry": {
        "type": "Point",
        "coordinates": [
          112.1643947,
          -8.1042371
        ]
      },
      "properties": {
        "id": "osm:way:297713659",
        "name": "Masjid Agung Kepanjen Kidul",
        "category": "Masjid & Mushola",
        "osm_id": 297713659,
        "osm_type": "way",
        "metadata": {
          "addr:city": "Blitar",
          "addr:street": "Jalan Melati",
          "amenity": "place_of_worship",
          "building": "mosque",
          "name": "Masjid Agung Kepanjen Kidul",
          "religion": "muslim"
        }
      }
    },
    {
      "type": "Feature",
      "geometry": {
        "type": "Point",
        "coordinates": [
          112.1634579,
          -8.1122787
        ]
      },
      "properties": {
        "id": "osm:way:308208300",
        "name": "SMKN 1 Blitar",
        "category": "Sekolah Menengah Atas (SMA/SMK/MA)",
        "osm_id": 308208300,
        "osm_type": "way",
        "metadata": {
          "access:roof": "yes",
          "addr:full": "Jalan Kenari",
          "amenity": "school",
          "building:levels": "1",
          "building:roof": "tile",
          "building:structure": "reinforced_masonry",
          "building:walls": "brick",
          "capacity:persons": "2800",
          "name": "SMKN 1 Blitar",
          "type:id": "SMK"
        }
      }
    },
    {
      "type": "Feature",
      "geometry": {
        "type": "Point",
        "coordinates": [
          112.162874,
          -8.1126226
        ]
      },
      "properties": {
        "id": "osm:way:308233865",
        "name": "Lapangan Basket",
        "category": "Fasilitas Olahraga",
        "osm_id": 308233865,
        "osm_type": "way",
        "metadata": {
          "building": "yes",
          "leisure": "pitch",
          "name": "Lapangan Basket",
          "sport": "basketball"
        }
      }
    },
    {
      "type": "Feature",
      "geometry": {
        "type": "Point",
        "coordinates": [
          112.162685,
          -8.111893
        ]
      },
      "properties": {
        "id": "osm:way:308233867",
        "name": "Lapangan Sepak Bola",
        "category": "Fasilitas Olahraga",
        "osm_id": 308233867,
        "osm_type": "way",
        "metadata": {
          "leisure": "pitch",
          "name": "Lapangan Sepak Bola",
          "sport": "soccer"
        }
      }
    },
    {
      "type": "Feature",
      "geometry": {
        "type": "Point",
        "coordinates": [
          112.1625786,
          -8.1124731
        ]
      },
      "properties": {
        "id": "osm:way:308233869",
        "name": "Fasilitas Olahraga (Tanpa Nama)",
        "category": "Fasilitas Olahraga",
        "osm_id": 308233869,
        "osm_type": "way",
        "metadata": {
          "leisure": "pitch",
          "sport": "volleyball"
        }
      }
    },
    {
      "type": "Feature",
      "geometry": {
        "type": "Point",
        "coordinates": [
          112.1632707,
          -8.1128358
        ]
      },
      "properties": {
        "id": "osm:way:308233870",
        "name": "Masjid & Mushola (Tanpa Nama)",
        "category": "Masjid & Mushola",
        "osm_id": 308233870,
        "osm_type": "way",
        "metadata": {
          "access:roof": "yes",
          "amenity": "place_of_worship",
          "building": "yes",
          "building:levels": "1",
          "building:roof": "tile",
          "building:structure": "reinforced_masonry",
          "building:walls": "brick",
          "capacity:persons": "50",
          "religion": "muslim"
        }
      }
    },
    {
      "type": "Feature",
      "geometry": {
        "type": "Point",
        "coordinates": [
          112.164157,
          -8.1124426
        ]
      },
      "properties": {
        "id": "osm:way:308233872",
        "name": "Perpustakaan",
        "category": "Sekolah (Umum)",
        "osm_id": 308233872,
        "osm_type": "way",
        "metadata": {
          "access:roof": "yes",
          "amenity": "library",
          "building": "yes",
          "building:levels": "1",
          "building:roof": "tile",
          "building:structure": "reinforced_masonry",
          "building:walls": "brick",
          "capacity:persons": "70",
          "name": "Perpustakaan"
        }
      }
    },
    {
      "type": "Feature",
      "geometry": {
        "type": "Point",
        "coordinates": [
          112.1644567,
          -8.1131379
        ]
      },
      "properties": {
        "id": "osm:way:308233876",
        "name": "Security",
        "category": "Bank & Finansial",
        "osm_id": 308233876,
        "osm_type": "way",
        "metadata": {
          "amenity": "bank",
          "building": "yes",
          "name": "Security"
        }
      }
    },
    {
      "type": "Feature",
      "geometry": {
        "type": "Point",
        "coordinates": [
          112.1629932,
          -8.1124252
        ]
      },
      "properties": {
        "id": "osm:way:308233883",
        "name": "Pusat Olah Raga",
        "category": "Fasilitas Olahraga",
        "osm_id": 308233883,
        "osm_type": "way",
        "metadata": {
          "leisure": "sports_centre",
          "name": "Pusat Olah Raga"
        }
      }
    },
    {
      "type": "Feature",
      "geometry": {
        "type": "Point",
        "coordinates": [
          112.1629568,
          -8.1127378
        ]
      },
      "properties": {
        "id": "osm:way:308233885",
        "name": "Kantin",
        "category": "Restoran",
        "osm_id": 308233885,
        "osm_type": "way",
        "metadata": {
          "amenity": "restaurant",
          "building": "yes",
          "name": "Kantin"
        }
      }
    },
    {
      "type": "Feature",
      "geometry": {
        "type": "Point",
        "coordinates": [
          112.1646053,
          -8.1128746
        ]
      },
      "properties": {
        "id": "osm:way:308235937",
        "name": "Fasilitas Parkir (Tanpa Nama)",
        "category": "Fasilitas Parkir",
        "osm_id": 308235937,
        "osm_type": "way",
        "metadata": {
          "amenity": "parking"
        }
      }
    },
    {
      "type": "Feature",
      "geometry": {
        "type": "Point",
        "coordinates": [
          112.1798439,
          -7.9660688
        ]
      },
      "properties": {
        "id": "osm:way:311494774",
        "name": "Taman Kota / Terbuka (Tanpa Nama)",
        "category": "Taman Kota / Terbuka",
        "osm_id": 311494774,
        "osm_type": "way",
        "metadata": {
          "leisure": "garden"
        }
      }
    },
    {
      "type": "Feature",
      "geometry": {
        "type": "Point",
        "coordinates": [
          112.1797524,
          -7.9661775
        ]
      },
      "properties": {
        "id": "osm:way:311494779",
        "name": "Taman Kota / Terbuka (Tanpa Nama)",
        "category": "Taman Kota / Terbuka",
        "osm_id": 311494779,
        "osm_type": "way",
        "metadata": {
          "leisure": "garden"
        }
      }
    },
    {
      "type": "Feature",
      "geometry": {
        "type": "Point",
        "coordinates": [
          112.1797204,
          -7.9662573
        ]
      },
      "properties": {
        "id": "osm:way:311494780",
        "name": "Taman Kota / Terbuka (Tanpa Nama)",
        "category": "Taman Kota / Terbuka",
        "osm_id": 311494780,
        "osm_type": "way",
        "metadata": {
          "leisure": "garden"
        }
      }
    },
    {
      "type": "Feature",
      "geometry": {
        "type": "Point",
        "coordinates": [
          112.2381258,
          -8.0134592
        ]
      },
      "properties": {
        "id": "osm:way:312780096",
        "name": "Taman Kota / Terbuka (Tanpa Nama)",
        "category": "Taman Kota / Terbuka",
        "osm_id": 312780096,
        "osm_type": "way",
        "metadata": {
          "leisure": "park"
        }
      }
    },
    {
      "type": "Feature",
      "geometry": {
        "type": "Point",
        "coordinates": [
          112.1890877,
          -7.9824541
        ]
      },
      "properties": {
        "id": "osm:way:316967432",
        "name": "Lapangan Sumberasri",
        "category": "Fasilitas Olahraga",
        "osm_id": 316967432,
        "osm_type": "way",
        "metadata": {
          "leisure": "pitch",
          "name": "Lapangan Sumberasri",
          "sport": "soccer"
        }
      }
    },
    {
      "type": "Feature",
      "geometry": {
        "type": "Point",
        "coordinates": [
          112.2751674,
          -8.0212654
        ]
      },
      "properties": {
        "id": "osm:way:317668494",
        "name": "Pemakaman (Tanpa Nama)",
        "category": "Pemakaman",
        "osm_id": 317668494,
        "osm_type": "way",
        "metadata": {
          "landuse": "cemetery"
        }
      }
    },
    {
      "type": "Feature",
      "geometry": {
        "type": "Point",
        "coordinates": [
          112.2759233,
          -8.0344077
        ]
      },
      "properties": {
        "id": "osm:way:317692468",
        "name": "Pemakaman (Tanpa Nama)",
        "category": "Pemakaman",
        "osm_id": 317692468,
        "osm_type": "way",
        "metadata": {
          "landuse": "cemetery"
        }
      }
    },
    {
      "type": "Feature",
      "geometry": {
        "type": "Point",
        "coordinates": [
          112.2773065,
          -8.0421095
        ]
      },
      "properties": {
        "id": "osm:way:317737139",
        "name": "Fasilitas Olahraga (Tanpa Nama)",
        "category": "Fasilitas Olahraga",
        "osm_id": 317737139,
        "osm_type": "way",
        "metadata": {
          "leisure": "pitch"
        }
      }
    },
    {
      "type": "Feature",
      "geometry": {
        "type": "Point",
        "coordinates": [
          112.2264528,
          -7.9800894
        ]
      },
      "properties": {
        "id": "osm:way:330287093",
        "name": "Pemakaman (Tanpa Nama)",
        "category": "Pemakaman",
        "osm_id": 330287093,
        "osm_type": "way",
        "metadata": {
          "landuse": "cemetery"
        }
      }
    },
    {
      "type": "Feature",
      "geometry": {
        "type": "Point",
        "coordinates": [
          112.2243276,
          -7.9712284
        ]
      },
      "properties": {
        "id": "osm:way:330768413",
        "name": "Fasilitas Olahraga (Tanpa Nama)",
        "category": "Fasilitas Olahraga",
        "osm_id": 330768413,
        "osm_type": "way",
        "metadata": {
          "leisure": "pitch",
          "sport": "multi"
        }
      }
    },
    {
      "type": "Feature",
      "geometry": {
        "type": "Point",
        "coordinates": [
          112.1767601,
          -7.9403265
        ]
      },
      "properties": {
        "id": "osm:way:334766404",
        "name": "Masjid & Mushola (Tanpa Nama)",
        "category": "Masjid & Mushola",
        "osm_id": 334766404,
        "osm_type": "way",
        "metadata": {
          "amenity": "place_of_worship",
          "building": "mosque",
          "religion": "muslim"
        }
      }
    },
    {
      "type": "Feature",
      "geometry": {
        "type": "Point",
        "coordinates": [
          112.1548361,
          -7.9290352
        ]
      },
      "properties": {
        "id": "osm:way:334922897",
        "name": "Masjid & Mushola (Tanpa Nama)",
        "category": "Masjid & Mushola",
        "osm_id": 334922897,
        "osm_type": "way",
        "metadata": {
          "amenity": "place_of_worship",
          "building": "mosque",
          "religion": "muslim"
        }
      }
    },
    {
      "type": "Feature",
      "geometry": {
        "type": "Point",
        "coordinates": [
          112.1587914,
          -7.9329264
        ]
      },
      "properties": {
        "id": "osm:way:334923270",
        "name": "Pemakaman (Tanpa Nama)",
        "category": "Pemakaman",
        "osm_id": 334923270,
        "osm_type": "way",
        "metadata": {
          "landuse": "cemetery"
        }
      }
    },
    {
      "type": "Feature",
      "geometry": {
        "type": "Point",
        "coordinates": [
          112.1913129,
          -7.9834176
        ]
      },
      "properties": {
        "id": "osm:way:335119904",
        "name": "Kolam Renang / Rekreasi Air (Tanpa Nama)",
        "category": "Kolam Renang / Rekreasi Air",
        "osm_id": 335119904,
        "osm_type": "way",
        "metadata": {
          "leisure": "swimming_pool"
        }
      }
    },
    {
      "type": "Feature",
      "geometry": {
        "type": "Point",
        "coordinates": [
          112.1493992,
          -7.8832048
        ]
      },
      "properties": {
        "id": "osm:way:335588264",
        "name": "Kolam Renang / Rekreasi Air (Tanpa Nama)",
        "category": "Kolam Renang / Rekreasi Air",
        "osm_id": 335588264,
        "osm_type": "way",
        "metadata": {
          "leisure": "swimming_pool",
          "sport": "swimming"
        }
      }
    },
    {
      "type": "Feature",
      "geometry": {
        "type": "Point",
        "coordinates": [
          112.1496825,
          -7.8830808
        ]
      },
      "properties": {
        "id": "osm:way:335588272",
        "name": "Kolam Renang / Rekreasi Air (Tanpa Nama)",
        "category": "Kolam Renang / Rekreasi Air",
        "osm_id": 335588272,
        "osm_type": "way",
        "metadata": {
          "leisure": "swimming_pool",
          "sport": "swimming"
        }
      }
    },
    {
      "type": "Feature",
      "geometry": {
        "type": "Point",
        "coordinates": [
          112.1514184,
          -7.8731497
        ]
      },
      "properties": {
        "id": "osm:way:335588777",
        "name": "Pemakaman (Tanpa Nama)",
        "category": "Pemakaman",
        "osm_id": 335588777,
        "osm_type": "way",
        "metadata": {
          "landuse": "cemetery"
        }
      }
    },
    {
      "type": "Feature",
      "geometry": {
        "type": "Point",
        "coordinates": [
          112.1419881,
          -7.9006297
        ]
      },
      "properties": {
        "id": "osm:way:335666482",
        "name": "Pemakaman (Tanpa Nama)",
        "category": "Pemakaman",
        "osm_id": 335666482,
        "osm_type": "way",
        "metadata": {
          "landuse": "cemetery"
        }
      }
    },
    {
      "type": "Feature",
      "geometry": {
        "type": "Point",
        "coordinates": [
          112.2379449,
          -7.870442
        ]
      },
      "properties": {
        "id": "osm:way:335722499",
        "name": "Pemakaman (Tanpa Nama)",
        "category": "Pemakaman",
        "osm_id": 335722499,
        "osm_type": "way",
        "metadata": {
          "landuse": "cemetery"
        }
      }
    },
    {
      "type": "Feature",
      "geometry": {
        "type": "Point",
        "coordinates": [
          112.241455,
          -7.8694057
        ]
      },
      "properties": {
        "id": "osm:way:335722510",
        "name": "Pemakaman (Tanpa Nama)",
        "category": "Pemakaman",
        "osm_id": 335722510,
        "osm_type": "way",
        "metadata": {
          "landuse": "cemetery"
        }
      }
    },
    {
      "type": "Feature",
      "geometry": {
        "type": "Point",
        "coordinates": [
          112.1958149,
          -7.8663965
        ]
      },
      "properties": {
        "id": "osm:way:336088390",
        "name": "Pemakaman (Tanpa Nama)",
        "category": "Pemakaman",
        "osm_id": 336088390,
        "osm_type": "way",
        "metadata": {
          "landuse": "cemetery"
        }
      }
    },
    {
      "type": "Feature",
      "geometry": {
        "type": "Point",
        "coordinates": [
          112.1212673,
          -8.0827729
        ]
      },
      "properties": {
        "id": "osm:way:355376240",
        "name": "SPBU 54.661.20 Bendo–Ponggok",
        "category": "SPBU / Stasiun Pengisian Bahan Bakar",
        "osm_id": 355376240,
        "osm_type": "way",
        "metadata": {
          "addr:city": "Kabupaten Blitar",
          "addr:postcode": "67122",
          "addr:street": "Jalan Raya Kediri - Blitar, Bendo, Sukorejo, Bendo, Kec. Ponggok, Kabupaten Blitar, Jawa Timur 67122",
          "amenity": "fuel",
          "brand": "Pertamina",
          "building": "yes",
          "fuel:biodiesel": "yes",
          "fuel:diesel": "yes",
          "fuel:octane_90": "yes",
          "fuel:octane_92": "yes",
          "name": "SPBU 54.661.20 Bendo–Ponggok",
          "self_service": "no"
        }
      }
    },
    {
      "type": "Feature",
      "geometry": {
        "type": "Point",
        "coordinates": [
          112.1079442,
          -7.8643398
        ]
      },
      "properties": {
        "id": "osm:way:356408171",
        "name": "Musala Baitus Syarif",
        "category": "Masjid & Mushola",
        "osm_id": 356408171,
        "osm_type": "way",
        "metadata": {
          "amenity": "place_of_worship",
          "building": "yes",
          "name": "Musala Baitus Syarif",
          "religion": "muslim"
        }
      }
    },
    {
      "type": "Feature",
      "geometry": {
        "type": "Point",
        "coordinates": [
          112.1074821,
          -7.8681776
        ]
      },
      "properties": {
        "id": "osm:way:356408183",
        "name": "Tempat Pemakaman Umum Desa Blimbing",
        "category": "Pemakaman",
        "osm_id": 356408183,
        "osm_type": "way",
        "metadata": {
          "landuse": "cemetery",
          "name": "Tempat Pemakaman Umum Desa Blimbing"
        }
      }
    },
    {
      "type": "Feature",
      "geometry": {
        "type": "Point",
        "coordinates": [
          112.1100677,
          -7.8685052
        ]
      },
      "properties": {
        "id": "osm:way:356413106",
        "name": "Pangsit Mbah NO",
        "category": "Restoran",
        "osm_id": 356413106,
        "osm_type": "way",
        "metadata": {
          "amenity": "restaurant",
          "building": "yes",
          "name": "Pangsit Mbah NO"
        }
      }
    },
    {
      "type": "Feature",
      "geometry": {
        "type": "Point",
        "coordinates": [
          112.1108871,
          -7.8674557
        ]
      },
      "properties": {
        "id": "osm:way:356413171",
        "name": "Masjid Jami' Al Fattah",
        "category": "Masjid & Mushola",
        "osm_id": 356413171,
        "osm_type": "way",
        "metadata": {
          "amenity": "place_of_worship",
          "building": "yes",
          "name": "Masjid Jami' Al Fattah",
          "religion": "muslim"
        }
      }
    },
    {
      "type": "Feature",
      "geometry": {
        "type": "Point",
        "coordinates": [
          112.104731,
          -7.8625023
        ]
      },
      "properties": {
        "id": "osm:way:356692942",
        "name": "Masjid Al Hikmah",
        "category": "Masjid & Mushola",
        "osm_id": 356692942,
        "osm_type": "way",
        "metadata": {
          "amenity": "place_of_worship",
          "building": "yes",
          "denomination": "nu",
          "name": "Masjid Al Hikmah",
          "religion": "muslim"
        }
      }
    },
    {
      "type": "Feature",
      "geometry": {
        "type": "Point",
        "coordinates": [
          112.2605677,
          -8.0218959
        ]
      },
      "properties": {
        "id": "osm:way:356891023",
        "name": "Masjid & Mushola (Tanpa Nama)",
        "category": "Masjid & Mushola",
        "osm_id": 356891023,
        "osm_type": "way",
        "metadata": {
          "amenity": "place_of_worship",
          "building": "mosque",
          "religion": "muslim"
        }
      }
    },
    {
      "type": "Feature",
      "geometry": {
        "type": "Point",
        "coordinates": [
          112.2014427,
          -8.0312152
        ]
      },
      "properties": {
        "id": "osm:way:358330222",
        "name": "Masjid Darul Kurmain",
        "category": "Masjid & Mushola",
        "osm_id": 358330222,
        "osm_type": "way",
        "metadata": {
          "addr:city": "Blitar",
          "addr:postcode": "66181",
          "addr:street": "Jl. KH Imam Kurmain",
          "amenity": "place_of_worship",
          "building": "mosque",
          "name": "Masjid Darul Kurmain",
          "phone": "085646555212",
          "religion": "muslim",
          "service_times": "24",
          "website": "https://dakur.kemloko.info"
        }
      }
    },
    {
      "type": "Feature",
      "geometry": {
        "type": "Point",
        "coordinates": [
          112.2089505,
          -8.0126082
        ]
      },
      "properties": {
        "id": "osm:way:359200837",
        "name": "Museum Penataran",
        "category": "Lainnya",
        "osm_id": 359200837,
        "osm_type": "way",
        "metadata": {
          "addr:city": "Blitar",
          "addr:street": "Jalan Insinyur Soekarno",
          "building": "yes",
          "museum": "history",
          "name": "Museum Penataran",
          "operator": "Dinas Pariwisata, Kebudayaan, Pemuda dan Olahraga Kabupaten Blitar",
          "operator:type": "government",
          "tactile_paving": "no",
          "tourism": "museum",
          "wheelchair": "no",
          "wikidata": "Q97307646",
          "wikipedia": "id:Museum Penataran"
        }
      }
    },
    {
      "type": "Feature",
      "geometry": {
        "type": "Point",
        "coordinates": [
          112.1365145,
          -8.0920023
        ]
      },
      "properties": {
        "id": "osm:way:359277244",
        "name": "Gaplek Santoso",
        "category": "Toko Retail (Umum)",
        "osm_id": 359277244,
        "osm_type": "way",
        "metadata": {
          "addr:housenumber": "14",
          "addr:street": "Jalan Dahlia",
          "brand": "Polygon",
          "building": "yes",
          "name": "Gaplek Santoso",
          "phone": "+62342803657",
          "service:bicycle:repair": "yes",
          "service:bicycle:retail": "yes",
          "shop": "bicycle"
        }
      }
    },
    {
      "type": "Feature",
      "geometry": {
        "type": "Point",
        "coordinates": [
          112.1568235,
          -8.1008366
        ]
      },
      "properties": {
        "id": "osm:way:359277245",
        "name": "Mawar",
        "category": "Toko Retail (Umum)",
        "osm_id": 359277245,
        "osm_type": "way",
        "metadata": {
          "addr:housenumber": "71",
          "addr:street": "Jalan Mawar",
          "brand": "Polygon",
          "building": "yes",
          "name": "Mawar",
          "phone": "+62342812932",
          "service:bicycle:repair": "yes",
          "service:bicycle:retail": "yes",
          "shop": "bicycle"
        }
      }
    },
    {
      "type": "Feature",
      "geometry": {
        "type": "Point",
        "coordinates": [
          112.1553152,
          -8.1144439
        ]
      },
      "properties": {
        "id": "osm:way:359277246",
        "name": "Phoenix",
        "category": "Toko Retail (Umum)",
        "osm_id": 359277246,
        "osm_type": "way",
        "metadata": {
          "addr:housenumber": "94",
          "addr:street": "Jalan Cemara",
          "brand": "Polygon",
          "building": "yes",
          "name": "Phoenix",
          "phone": "+62342804453",
          "service:bicycle:repair": "yes",
          "service:bicycle:retail": "yes",
          "shop": "bicycle"
        }
      }
    },
    {
      "type": "Feature",
      "geometry": {
        "type": "Point",
        "coordinates": [
          111.8985859,
          -8.0631055
        ]
      },
      "properties": {
        "id": "osm:way:359278538",
        "name": "Rejo Agung",
        "category": "Toko Retail (Umum)",
        "osm_id": 359278538,
        "osm_type": "way",
        "metadata": {
          "addr:housenumber": "68",
          "addr:postcode": "66211",
          "addr:street": "Jalan Teuku Umar",
          "brand": "Polygon",
          "building": "yes",
          "name": "Rejo Agung",
          "phone": "+62355321596",
          "service:bicycle:repair": "yes",
          "service:bicycle:retail": "yes",
          "shop": "bicycle"
        }
      }
    },
    {
      "type": "Feature",
      "geometry": {
        "type": "Point",
        "coordinates": [
          111.8985566,
          -8.0621077
        ]
      },
      "properties": {
        "id": "osm:way:359278539",
        "name": "Sri Indiati",
        "category": "Toko Retail (Umum)",
        "osm_id": 359278539,
        "osm_type": "way",
        "metadata": {
          "addr:housenumber": "88",
          "addr:postcode": "66211",
          "addr:street": "Jalan Teuku Umar",
          "brand": "Polygon",
          "building": "yes",
          "name": "Sri Indiati",
          "phone": "+62355321941",
          "service:bicycle:repair": "yes",
          "service:bicycle:retail": "yes",
          "shop": "bicycle"
        }
      }
    },
    {
      "type": "Feature",
      "geometry": {
        "type": "Point",
        "coordinates": [
          111.8992918,
          -8.0647535
        ]
      },
      "properties": {
        "id": "osm:way:359279665",
        "name": "Sumber Jaya",
        "category": "Toko Retail (Umum)",
        "osm_id": 359279665,
        "osm_type": "way",
        "metadata": {
          "addr:housenumber": "9",
          "addr:street": "Jalan KH. Wahid Hasyim",
          "brand": "Polygon",
          "building": "yes",
          "name": "Sumber Jaya",
          "phone": "+62335321752",
          "service:bicycle:repair": "yes",
          "service:bicycle:retail": "yes",
          "shop": "bicycle"
        }
      }
    },
    {
      "type": "Feature",
      "geometry": {
        "type": "Point",
        "coordinates": [
          112.1121385,
          -7.9234046
        ]
      },
      "properties": {
        "id": "osm:way:361789401",
        "name": "Pemakaman (Tanpa Nama)",
        "category": "Pemakaman",
        "osm_id": 361789401,
        "osm_type": "way",
        "metadata": {
          "landuse": "cemetery"
        }
      }
    },
    {
      "type": "Feature",
      "geometry": {
        "type": "Point",
        "coordinates": [
          112.1796247,
          -8.0999881
        ]
      },
      "properties": {
        "id": "osm:way:367361071",
        "name": "wijaya coffe",
        "category": "Kafe & Kedai Kopi",
        "osm_id": 367361071,
        "osm_type": "way",
        "metadata": {
          "addr:city": "Blitar",
          "addr:housenumber": "-",
          "addr:postcode": "66131",
          "addr:street": "Jalan Jenderal Achmad Yani",
          "amenity": "cafe",
          "building": "yes",
          "cuisine": "regional",
          "internet_access": "yes",
          "name": "wijaya coffe"
        }
      }
    },
    {
      "type": "Feature",
      "geometry": {
        "type": "Point",
        "coordinates": [
          112.1769767,
          -8.0945251
        ]
      },
      "properties": {
        "id": "osm:way:367361731",
        "name": "Eks-Markas Tentara PETA Blitar",
        "category": "Lainnya",
        "osm_id": 367361731,
        "osm_type": "way",
        "metadata": {
          "building": "yes",
          "layer": "1",
          "museum": "history",
          "name": "Eks-Markas Tentara PETA Blitar",
          "tourism": "museum"
        }
      }
    },
    {
      "type": "Feature",
      "geometry": {
        "type": "Point",
        "coordinates": [
          112.171632,
          -8.0899619
        ]
      },
      "properties": {
        "id": "osm:way:367361801",
        "name": "Pusat Informasi Pariwisata dan Pelataran Parkir Makam Bung Karno",
        "category": "Fasilitas Parkir",
        "osm_id": 367361801,
        "osm_type": "way",
        "metadata": {
          "access": "yes",
          "amenity": "parking",
          "covered": "no",
          "fee": "yes",
          "name": "Pusat Informasi Pariwisata dan Pelataran Parkir Makam Bung Karno",
          "opening_hours": "24/7",
          "operator": "Pemerintah Kota Blitar",
          "operator:type": "government",
          "parking": "surface",
          "payment:cash": "yes",
          "supervised": "yes",
          "surface": "asphalt",
          "wheelchair": "limited"
        }
      }
    },
    {
      "type": "Feature",
      "geometry": {
        "type": "Point",
        "coordinates": [
          112.1828529,
          -8.1002964
        ]
      },
      "properties": {
        "id": "osm:way:367362151",
        "name": "Polsekta Sananwetan",
        "category": "Layanan Pemerintahan",
        "osm_id": 367362151,
        "osm_type": "way",
        "metadata": {
          "amenity": "police",
          "name": "Polsekta Sananwetan"
        }
      }
    },
    {
      "type": "Feature",
      "geometry": {
        "type": "Point",
        "coordinates": [
          112.1612406,
          -8.1133642
        ]
      },
      "properties": {
        "id": "osm:way:367366127",
        "name": "makam Karangsari",
        "category": "Pemakaman",
        "osm_id": 367366127,
        "osm_type": "way",
        "metadata": {
          "landuse": "cemetery",
          "name": "makam Karangsari"
        }
      }
    },
    {
      "type": "Feature",
      "geometry": {
        "type": "Point",
        "coordinates": [
          112.1524361,
          -8.1279567
        ]
      },
      "properties": {
        "id": "osm:way:367368085",
        "name": "Hotel Gita Puri",
        "category": "Hotel & Penginapan",
        "osm_id": 367368085,
        "osm_type": "way",
        "metadata": {
          "building": "yes",
          "name": "Hotel Gita Puri",
          "tourism": "hotel"
        }
      }
    },
    {
      "type": "Feature",
      "geometry": {
        "type": "Point",
        "coordinates": [
          112.1484411,
          -8.0912807
        ]
      },
      "properties": {
        "id": "osm:way:367805233",
        "name": "Lapangan Sukorejo",
        "category": "Fasilitas Olahraga",
        "osm_id": 367805233,
        "osm_type": "way",
        "metadata": {
          "building": "yes",
          "leisure": "sports_centre",
          "name": "Lapangan Sukorejo"
        }
      }
    },
    {
      "type": "Feature",
      "geometry": {
        "type": "Point",
        "coordinates": [
          112.1012349,
          -8.0442527
        ]
      },
      "properties": {
        "id": "osm:way:380707216",
        "name": "Musholla",
        "category": "Masjid & Mushola",
        "osm_id": 380707216,
        "osm_type": "way",
        "metadata": {
          "amenity": "place_of_worship",
          "building": "yes",
          "name": "Musholla",
          "religion": "muslim"
        }
      }
    },
    {
      "type": "Feature",
      "geometry": {
        "type": "Point",
        "coordinates": [
          112.0175956,
          -8.1266759
        ]
      },
      "properties": {
        "id": "osm:way:380709214",
        "name": "Galipat-Mbahman-Kalangan",
        "category": "Masjid & Mushola",
        "osm_id": 380709214,
        "osm_type": "way",
        "metadata": {
          "addr:city": "Tulungagung",
          "amenity": "place_of_worship",
          "building": "yes",
          "name": "Galipat-Mbahman-Kalangan",
          "religion": "muslim"
        }
      }
    },
    {
      "type": "Feature",
      "geometry": {
        "type": "Point",
        "coordinates": [
          112.1649677,
          -8.1014671
        ]
      },
      "properties": {
        "id": "osm:way:430187898",
        "name": "Musholla Al Fattaah",
        "category": "Masjid & Mushola",
        "osm_id": 430187898,
        "osm_type": "way",
        "metadata": {
          "addr:city": "Blitar",
          "addr:housenumber": "59",
          "addr:postcode": "66111",
          "addr:street": "Jalan Mastrip",
          "amenity": "place_of_worship",
          "building": "musalla",
          "denomination": "sunni",
          "description": "Musholla Al Fattaah is a little mosque inside STIEKEN Blitar area.",
          "name": "Musholla Al Fattaah",
          "place_of_worship": "musalla",
          "religion": "muslim"
        }
      }
    },
    {
      "type": "Feature",
      "geometry": {
        "type": "Point",
        "coordinates": [
          112.1645751,
          -8.1008832
        ]
      },
      "properties": {
        "id": "osm:way:430789175",
        "name": "Tempat Parkir Kampus",
        "category": "Perguruan Tinggi",
        "osm_id": 430789175,
        "osm_type": "way",
        "metadata": {
          "amenity": "parking",
          "capacity": "50",
          "name": "Tempat Parkir Kampus"
        }
      }
    },
    {
      "type": "Feature",
      "geometry": {
        "type": "Point",
        "coordinates": [
          112.1648258,
          -8.1009966
        ]
      },
      "properties": {
        "id": "osm:way:430789177",
        "name": "STIE Kesuma Negara",
        "category": "Perguruan Tinggi",
        "osm_id": 430789177,
        "osm_type": "way",
        "metadata": {
          "addr:city": "Blitar",
          "addr:housenumber": "59",
          "addr:postcode": "66111",
          "addr:street": "Jalan Mastrip",
          "amenity": "university",
          "name": "STIE Kesuma Negara",
          "operator": "STIEKEN Blitar"
        }
      }
    },
    {
      "type": "Feature",
      "geometry": {
        "type": "Point",
        "coordinates": [
          112.00289,
          -8.0274437
        ]
      },
      "properties": {
        "id": "osm:way:452466073",
        "name": "Masjid & Mushola (Tanpa Nama)",
        "category": "Masjid & Mushola",
        "osm_id": 452466073,
        "osm_type": "way",
        "metadata": {
          "amenity": "place_of_worship",
          "building": "yes",
          "religion": "muslim"
        }
      }
    },
    {
      "type": "Feature",
      "geometry": {
        "type": "Point",
        "coordinates": [
          112.0044403,
          -8.0127987
        ]
      },
      "properties": {
        "id": "osm:way:452466074",
        "name": "Masjid & Mushola (Tanpa Nama)",
        "category": "Masjid & Mushola",
        "osm_id": 452466074,
        "osm_type": "way",
        "metadata": {
          "amenity": "place_of_worship",
          "building": "yes",
          "religion": "muslim"
        }
      }
    },
    {
      "type": "Feature",
      "geometry": {
        "type": "Point",
        "coordinates": [
          112.0197077,
          -8.0517511
        ]
      },
      "properties": {
        "id": "osm:way:454284744",
        "name": "Kuburan",
        "category": "Pemakaman",
        "osm_id": 454284744,
        "osm_type": "way",
        "metadata": {
          "amenity": "grave_yard",
          "name": "Kuburan"
        }
      }
    },
    {
      "type": "Feature",
      "geometry": {
        "type": "Point",
        "coordinates": [
          112.0178004,
          -8.0517625
        ]
      },
      "properties": {
        "id": "osm:way:454284745",
        "name": "Sekolah (Umum) (Tanpa Nama)",
        "category": "Sekolah (Umum)",
        "osm_id": 454284745,
        "osm_type": "way",
        "metadata": {
          "amenity": "school"
        }
      }
    },
    {
      "type": "Feature",
      "geometry": {
        "type": "Point",
        "coordinates": [
          112.0073423,
          -8.050191
        ]
      },
      "properties": {
        "id": "osm:way:454284747",
        "name": "Stadion",
        "category": "Fasilitas Olahraga",
        "osm_id": 454284747,
        "osm_type": "way",
        "metadata": {
          "leisure": "stadium",
          "name": "Stadion"
        }
      }
    },
    {
      "type": "Feature",
      "geometry": {
        "type": "Point",
        "coordinates": [
          112.0939573,
          -7.8785416
        ]
      },
      "properties": {
        "id": "osm:way:481006085",
        "name": "Masjid Baitul Ghofur",
        "category": "Masjid & Mushola",
        "osm_id": 481006085,
        "osm_type": "way",
        "metadata": {
          "amenity": "place_of_worship",
          "building": "mosque",
          "name": "Masjid Baitul Ghofur",
          "religion": "muslim"
        }
      }
    },
    {
      "type": "Feature",
      "geometry": {
        "type": "Point",
        "coordinates": [
          112.0959033,
          -7.8857624
        ]
      },
      "properties": {
        "id": "osm:way:481006835",
        "name": "Masjid & Mushola (Tanpa Nama)",
        "category": "Masjid & Mushola",
        "osm_id": 481006835,
        "osm_type": "way",
        "metadata": {
          "amenity": "place_of_worship",
          "building": "mosque",
          "religion": "muslim"
        }
      }
    },
    {
      "type": "Feature",
      "geometry": {
        "type": "Point",
        "coordinates": [
          112.0854809,
          -7.8742029
        ]
      },
      "properties": {
        "id": "osm:way:481006837",
        "name": "Masjid & Mushola (Tanpa Nama)",
        "category": "Masjid & Mushola",
        "osm_id": 481006837,
        "osm_type": "way",
        "metadata": {
          "amenity": "place_of_worship",
          "building": "mosque",
          "religion": "muslim"
        }
      }
    },
    {
      "type": "Feature",
      "geometry": {
        "type": "Point",
        "coordinates": [
          112.0859698,
          -7.8792616
        ]
      },
      "properties": {
        "id": "osm:way:481007490",
        "name": "Masjid & Mushola (Tanpa Nama)",
        "category": "Masjid & Mushola",
        "osm_id": 481007490,
        "osm_type": "way",
        "metadata": {
          "amenity": "place_of_worship",
          "building": "mosque",
          "religion": "muslim"
        }
      }
    },
    {
      "type": "Feature",
      "geometry": {
        "type": "Point",
        "coordinates": [
          112.164161,
          -8.098159
        ]
      },
      "properties": {
        "id": "osm:way:504638421",
        "name": "Masjid Agung Kota Blitar",
        "category": "Masjid & Mushola",
        "osm_id": 504638421,
        "osm_type": "way",
        "metadata": {
          "amenity": "place_of_worship",
          "building": "yes",
          "name": "Masjid Agung Kota Blitar",
          "opening_hours": "24/7",
          "religion": "muslim",
          "wheelchair": "limited"
        }
      }
    },
    {
      "type": "Feature",
      "geometry": {
        "type": "Point",
        "coordinates": [
          111.9186265,
          -8.0508494
        ]
      },
      "properties": {
        "id": "osm:way:545593740",
        "name": "Masjid Perumahan Sobontoro Indah",
        "category": "Masjid & Mushola",
        "osm_id": 545593740,
        "osm_type": "way",
        "metadata": {
          "addr:full": "Perumahan Sobontoro Indah",
          "amenity": "place_of_worship",
          "building": "yes",
          "name": "Masjid Perumahan Sobontoro Indah",
          "religion": "muslim"
        }
      }
    },
    {
      "type": "Feature",
      "geometry": {
        "type": "Point",
        "coordinates": [
          111.9108461,
          -8.0016024
        ]
      },
      "properties": {
        "id": "osm:way:550006966",
        "name": "MTSN Karangrejo",
        "category": "Sekolah Menengah Pertama (SMP/MTs)",
        "osm_id": 550006966,
        "osm_type": "way",
        "metadata": {
          "amenity": "school",
          "name": "MTSN Karangrejo"
        }
      }
    },
    {
      "type": "Feature",
      "geometry": {
        "type": "Point",
        "coordinates": [
          111.9176576,
          -8.0562393
        ]
      },
      "properties": {
        "id": "osm:way:550008398",
        "name": "Kolam Renang Tirta Kencana",
        "category": "Kolam Renang / Rekreasi Air",
        "osm_id": 550008398,
        "osm_type": "way",
        "metadata": {
          "leisure": "swimming_pool",
          "name": "Kolam Renang Tirta Kencana"
        }
      }
    },
    {
      "type": "Feature",
      "geometry": {
        "type": "Point",
        "coordinates": [
          112.1038304,
          -7.8627171
        ]
      },
      "properties": {
        "id": "osm:way:579076602",
        "name": "Kantor Kepala Desa Blimbing",
        "category": "Layanan Pemerintahan",
        "osm_id": 579076602,
        "osm_type": "way",
        "metadata": {
          "building": "yes",
          "name": "Kantor Kepala Desa Blimbing",
          "office": "government"
        }
      }
    },
    {
      "type": "Feature",
      "geometry": {
        "type": "Point",
        "coordinates": [
          111.9600563,
          -8.113911
        ]
      },
      "properties": {
        "id": "osm:way:586150286",
        "name": "sandy",
        "category": "Taman Kota / Terbuka",
        "osm_id": 586150286,
        "osm_type": "way",
        "metadata": {
          "leisure": "park",
          "name": "sandy"
        }
      }
    },
    {
      "type": "Feature",
      "geometry": {
        "type": "Point",
        "coordinates": [
          112.0599924,
          -7.8931578
        ]
      },
      "properties": {
        "id": "osm:way:603537147",
        "name": "Masjid & Mushola (Tanpa Nama)",
        "category": "Masjid & Mushola",
        "osm_id": 603537147,
        "osm_type": "way",
        "metadata": {
          "amenity": "place_of_worship",
          "building": "mosque",
          "religion": "muslim"
        }
      }
    },
    {
      "type": "Feature",
      "geometry": {
        "type": "Point",
        "coordinates": [
          112.1667909,
          -8.0987159
        ]
      },
      "properties": {
        "id": "osm:way:630137506",
        "name": "Blitar Square",
        "category": "Toko Retail (Umum)",
        "osm_id": 630137506,
        "osm_type": "way",
        "metadata": {
          "addr:city": "Blitar",
          "addr:full": "Jl. Merdeka No.30, Kepanjen Lor, Kec. Kepanjenkidul, Kota Blitar, Jawa Timur 66117",
          "addr:province": "Jawa Timur",
          "addr:street": "Jl.Merdeka",
          "addr:subdistrict": "Kepanjenkidul",
          "addr:village": "Kepanjenlor",
          "air_conditioning": "yes",
          "building": "yes",
          "building:condition": "good",
          "building:floor": "ceramics",
          "building:roof": "metal",
          "building:structure": "reinforced_masonry",
          "building:use": "commercial",
          "building:walls": "brick",
          "name": "Blitar Square",
          "opening_hours": "08:00-22:00",
          "shop": "department_store",
          "toilets": "yes"
        }
      }
    },
    {
      "type": "Feature",
      "geometry": {
        "type": "Point",
        "coordinates": [
          112.2068426,
          -8.170634
        ]
      },
      "properties": {
        "id": "osm:way:637404077",
        "name": "Masjid & Mushola (Tanpa Nama)",
        "category": "Masjid & Mushola",
        "osm_id": 637404077,
        "osm_type": "way",
        "metadata": {
          "amenity": "place_of_worship",
          "building": "yes",
          "religion": "muslim"
        }
      }
    },
    {
      "type": "Feature",
      "geometry": {
        "type": "Point",
        "coordinates": [
          112.2114509,
          -8.1653228
        ]
      },
      "properties": {
        "id": "osm:way:637404084",
        "name": "Taman Kota / Terbuka (Tanpa Nama)",
        "category": "Taman Kota / Terbuka",
        "osm_id": 637404084,
        "osm_type": "way",
        "metadata": {
          "leisure": "park"
        }
      }
    },
    {
      "type": "Feature",
      "geometry": {
        "type": "Point",
        "coordinates": [
          112.1632638,
          -8.153964
        ]
      },
      "properties": {
        "id": "osm:way:637415720",
        "name": "Taman Kota / Terbuka (Tanpa Nama)",
        "category": "Taman Kota / Terbuka",
        "osm_id": 637415720,
        "osm_type": "way",
        "metadata": {
          "building": "yes",
          "leisure": "park"
        }
      }
    },
    {
      "type": "Feature",
      "geometry": {
        "type": "Point",
        "coordinates": [
          112.1628701,
          -8.1571057
        ]
      },
      "properties": {
        "id": "osm:way:637415777",
        "name": "Fasilitas Olahraga (Tanpa Nama)",
        "category": "Fasilitas Olahraga",
        "osm_id": 637415777,
        "osm_type": "way",
        "metadata": {
          "building": "yes",
          "leisure": "pitch",
          "sport": "multi"
        }
      }
    },
    {
      "type": "Feature",
      "geometry": {
        "type": "Point",
        "coordinates": [
          112.163551,
          -8.1551184
        ]
      },
      "properties": {
        "id": "osm:way:637427751",
        "name": "Masjid & Mushola (Tanpa Nama)",
        "category": "Masjid & Mushola",
        "osm_id": 637427751,
        "osm_type": "way",
        "metadata": {
          "amenity": "place_of_worship",
          "building": "yes",
          "religion": "muslim"
        }
      }
    },
    {
      "type": "Feature",
      "geometry": {
        "type": "Point",
        "coordinates": [
          112.166424,
          -8.1092022
        ]
      },
      "properties": {
        "id": "osm:way:655520320",
        "name": "Masjid & Mushola (Tanpa Nama)",
        "category": "Masjid & Mushola",
        "osm_id": 655520320,
        "osm_type": "way",
        "metadata": {
          "amenity": "place_of_worship",
          "building": "yes",
          "religion": "muslim"
        }
      }
    },
    {
      "type": "Feature",
      "geometry": {
        "type": "Point",
        "coordinates": [
          111.9004273,
          -8.0625492
        ]
      },
      "properties": {
        "id": "osm:way:664539898",
        "name": "Pendopo Kongas Arum Kusumaning Bangsa",
        "category": "Layanan Pemerintahan",
        "osm_id": 664539898,
        "osm_type": "way",
        "metadata": {
          "addr:city": "Tulungagung",
          "addr:postcode": "66212",
          "addr:street": "Jalan RA. Kartini",
          "building": "house",
          "government": "office",
          "name": "Pendopo Kongas Arum Kusumaning Bangsa",
          "office": "government",
          "opening_hours": "Mo-Su 09:00-21:00"
        }
      }
    },
    {
      "type": "Feature",
      "geometry": {
        "type": "Point",
        "coordinates": [
          111.9001563,
          -8.0638754
        ]
      },
      "properties": {
        "id": "osm:way:664542500",
        "name": "Balai Rakyat Tulungagung",
        "category": "Layanan Pemerintahan",
        "osm_id": 664542500,
        "osm_type": "way",
        "metadata": {
          "addr:city": "Tulungagung",
          "addr:postcode": "66212",
          "addr:street": "Jalan RA. Kartini",
          "building": "yes",
          "government": "city_hall",
          "name": "Balai Rakyat Tulungagung",
          "office": "government",
          "opening_hours": "Mo-Su 07:00-22:00",
          "wheelchair": "no"
        }
      }
    },
    {
      "type": "Feature",
      "geometry": {
        "type": "Point",
        "coordinates": [
          111.9006228,
          -8.0647179
        ]
      },
      "properties": {
        "id": "osm:way:664579528",
        "name": "Taman Aloon Aloon Tulungagung",
        "category": "Taman Kota / Terbuka",
        "osm_id": 664579528,
        "osm_type": "way",
        "metadata": {
          "leisure": "park",
          "name": "Taman Aloon Aloon Tulungagung"
        }
      }
    },
    {
      "type": "Feature",
      "geometry": {
        "type": "Point",
        "coordinates": [
          111.9006575,
          -8.063832
        ]
      },
      "properties": {
        "id": "osm:way:664579529",
        "name": "R. A. Kartini Monument",
        "category": "Lainnya",
        "osm_id": 664579529,
        "osm_type": "way",
        "metadata": {
          "historic": "monument",
          "name": "R. A. Kartini Monument"
        }
      }
    },
    {
      "type": "Feature",
      "geometry": {
        "type": "Point",
        "coordinates": [
          111.9006292,
          -8.0645979
        ]
      },
      "properties": {
        "id": "osm:way:664579533",
        "name": "Monumen Garuda Pancasila",
        "category": "Lainnya",
        "osm_id": 664579533,
        "osm_type": "way",
        "metadata": {
          "historic": "monument",
          "name": "Monumen Garuda Pancasila"
        }
      }
    },
    {
      "type": "Feature",
      "geometry": {
        "type": "Point",
        "coordinates": [
          111.942525,
          -8.1203664
        ]
      },
      "properties": {
        "id": "osm:way:679406969",
        "name": "Goa Pasir",
        "category": "Lainnya",
        "osm_id": 679406969,
        "osm_type": "way",
        "metadata": {
          "addr:city": "Tulungagung",
          "addr:postcode": "66291",
          "fee": "yes",
          "name": "Goa Pasir",
          "tourism": "camp_site"
        }
      }
    },
    {
      "type": "Feature",
      "geometry": {
        "type": "Point",
        "coordinates": [
          112.103404,
          -7.8957956
        ]
      },
      "properties": {
        "id": "osm:way:688316837",
        "name": "Masjid & Mushola (Tanpa Nama)",
        "category": "Masjid & Mushola",
        "osm_id": 688316837,
        "osm_type": "way",
        "metadata": {
          "amenity": "place_of_worship",
          "building": "mosque",
          "religion": "muslim"
        }
      }
    },
    {
      "type": "Feature",
      "geometry": {
        "type": "Point",
        "coordinates": [
          112.1932012,
          -8.1817809
        ]
      },
      "properties": {
        "id": "osm:way:720132670",
        "name": "KANTOR DESA PANDANARUM",
        "category": "Layanan Pemerintahan",
        "osm_id": 720132670,
        "osm_type": "way",
        "metadata": {
          "admin_level": "7",
          "building": "yes",
          "name": "KANTOR DESA PANDANARUM",
          "office": "government"
        }
      }
    },
    {
      "type": "Feature",
      "geometry": {
        "type": "Point",
        "coordinates": [
          112.2654953,
          -8.1991685
        ]
      },
      "properties": {
        "id": "osm:way:720405748",
        "name": "Masjid Baitul Mustaqim",
        "category": "Masjid & Mushola",
        "osm_id": 720405748,
        "osm_type": "way",
        "metadata": {
          "amenity": "place_of_worship",
          "building": "yes",
          "name": "Masjid Baitul Mustaqim",
          "religion": "muslim"
        }
      }
    },
    {
      "type": "Feature",
      "geometry": {
        "type": "Point",
        "coordinates": [
          112.1855584,
          -8.0898652
        ]
      },
      "properties": {
        "id": "osm:way:723904035",
        "name": "SPBU Pertamina 54.661.06 Gedog",
        "category": "SPBU / Stasiun Pengisian Bahan Bakar",
        "osm_id": 723904035,
        "osm_type": "way",
        "metadata": {
          "addr:city": "Blitar",
          "addr:street": "Jalan Letjend. S. Parman",
          "amenity": "fuel",
          "brand": "Pertamina",
          "brand:wikidata": "Q1641044",
          "brand:wikipedia": "en:Pertamina",
          "fuel:octane_90": "yes",
          "fuel:octane_92": "yes",
          "fuel:octane_95": "yes",
          "name": "SPBU Pertamina 54.661.06 Gedog",
          "payment:cash": "yes",
          "self_service": "no",
          "wheelchair": "limited"
        }
      }
    },
    {
      "type": "Feature",
      "geometry": {
        "type": "Point",
        "coordinates": [
          112.1754931,
          -8.0947332
        ]
      },
      "properties": {
        "id": "osm:way:723904036",
        "name": "SPBU 54.661.04 Kebonrojo",
        "category": "SPBU / Stasiun Pengisian Bahan Bakar",
        "osm_id": 723904036,
        "osm_type": "way",
        "metadata": {
          "addr:city": "Blitar",
          "amenity": "fuel",
          "brand": "Pertamina",
          "brand:wikidata": "Q1641044",
          "brand:wikipedia": "en:Pertamina",
          "fuel:diesel": "yes",
          "fuel:lpg": "yes",
          "fuel:octane_90": "yes",
          "fuel:octane_92": "yes",
          "fuel:octane_95": "yes",
          "name": "SPBU 54.661.04 Kebonrojo",
          "opening_hours": "24/7",
          "payment:cash": "yes",
          "self_service": "no"
        }
      }
    },
    {
      "type": "Feature",
      "geometry": {
        "type": "Point",
        "coordinates": [
          112.1755868,
          -8.0945819
        ]
      },
      "properties": {
        "id": "osm:way:723904037",
        "name": "Taman Kota / Terbuka (Tanpa Nama)",
        "category": "Taman Kota / Terbuka",
        "osm_id": 723904037,
        "osm_type": "way",
        "metadata": {
          "leisure": "park"
        }
      }
    },
    {
      "type": "Feature",
      "geometry": {
        "type": "Point",
        "coordinates": [
          112.1731813,
          -8.1037938
        ]
      },
      "properties": {
        "id": "osm:way:754354055",
        "name": "Kampung Tualang",
        "category": "Taman Kota / Terbuka",
        "osm_id": 754354055,
        "osm_type": "way",
        "metadata": {
          "addr:city": "Blitar",
          "addr:postcode": "66137",
          "addr:street": "Jalan P Ambalat",
          "leisure": "park",
          "name": "Kampung Tualang"
        }
      }
    },
    {
      "type": "Feature",
      "geometry": {
        "type": "Point",
        "coordinates": [
          111.9106848,
          -8.0452577
        ]
      },
      "properties": {
        "id": "osm:way:775953158",
        "name": "Taman Makam Pahlawan Tulungagung",
        "category": "Taman Kota / Terbuka",
        "osm_id": 775953158,
        "osm_type": "way",
        "metadata": {
          "landuse": "cemetery",
          "name": "Taman Makam Pahlawan Tulungagung"
        }
      }
    },
    {
      "type": "Feature",
      "geometry": {
        "type": "Point",
        "coordinates": [
          111.896597,
          -8.0730502
        ]
      },
      "properties": {
        "id": "osm:way:783763548",
        "name": "Kantor Dinas Perhubungan Kabupaten Tulungagung",
        "category": "Layanan Pemerintahan",
        "osm_id": 783763548,
        "osm_type": "way",
        "metadata": {
          "building": "yes",
          "government": "administrative",
          "name": "Kantor Dinas Perhubungan Kabupaten Tulungagung",
          "office": "government"
        }
      }
    },
    {
      "type": "Feature",
      "geometry": {
        "type": "Point",
        "coordinates": [
          111.8953492,
          -8.0726006
        ]
      },
      "properties": {
        "id": "osm:way:783763550",
        "name": "Lapangan Pasar Pahing",
        "category": "Pasar Tradisional",
        "osm_id": 783763550,
        "osm_type": "way",
        "metadata": {
          "access": "yes",
          "leisure": "pitch",
          "name": "Lapangan Pasar Pahing",
          "surface": "grass"
        }
      }
    },
    {
      "type": "Feature",
      "geometry": {
        "type": "Point",
        "coordinates": [
          111.8690886,
          -8.0631277
        ]
      },
      "properties": {
        "id": "osm:way:783920007",
        "name": "Lapangan Kauman",
        "category": "Fasilitas Olahraga",
        "osm_id": 783920007,
        "osm_type": "way",
        "metadata": {
          "leisure": "pitch",
          "name": "Lapangan Kauman",
          "surface": "grass"
        }
      }
    },
    {
      "type": "Feature",
      "geometry": {
        "type": "Point",
        "coordinates": [
          111.8807191,
          -8.07033
        ]
      },
      "properties": {
        "id": "osm:way:783920010",
        "name": "Kantor Dinas Pariwisata Kabupaten Tulungagung",
        "category": "Layanan Pemerintahan",
        "osm_id": 783920010,
        "osm_type": "way",
        "metadata": {
          "building": "yes",
          "government": "administrative",
          "name": "Kantor Dinas Pariwisata Kabupaten Tulungagung",
          "office": "government"
        }
      }
    },
    {
      "type": "Feature",
      "geometry": {
        "type": "Point",
        "coordinates": [
          111.8824331,
          -8.0679481
        ]
      },
      "properties": {
        "id": "osm:way:783920011",
        "name": "Rumah Sakit Prima Medika",
        "category": "Rumah Sakit",
        "osm_id": 783920011,
        "osm_type": "way",
        "metadata": {
          "amenity": "hospital",
          "name": "Rumah Sakit Prima Medika"
        }
      }
    },
    {
      "type": "Feature",
      "geometry": {
        "type": "Point",
        "coordinates": [
          111.8660712,
          -8.0537935
        ]
      },
      "properties": {
        "id": "osm:way:783920012",
        "name": "Taman Ketandan",
        "category": "Taman Kota / Terbuka",
        "osm_id": 783920012,
        "osm_type": "way",
        "metadata": {
          "leisure": "park",
          "name": "Taman Ketandan"
        }
      }
    },
    {
      "type": "Feature",
      "geometry": {
        "type": "Point",
        "coordinates": [
          111.865611,
          -8.0549572
        ]
      },
      "properties": {
        "id": "osm:way:783920018",
        "name": "Pasar Rakyat Kauman (Pasar Kliwon)",
        "category": "Pasar Tradisional",
        "osm_id": 783920018,
        "osm_type": "way",
        "metadata": {
          "amenity": "marketplace",
          "building": "yes",
          "name": "Pasar Rakyat Kauman (Pasar Kliwon)"
        }
      }
    },
    {
      "type": "Feature",
      "geometry": {
        "type": "Point",
        "coordinates": [
          111.8921261,
          -8.0664283
        ]
      },
      "properties": {
        "id": "osm:way:784376378",
        "name": "Kolam Renang Vidi Tirta",
        "category": "Kolam Renang / Rekreasi Air",
        "osm_id": 784376378,
        "osm_type": "way",
        "metadata": {
          "leisure": "swimming_pool",
          "name": "Kolam Renang Vidi Tirta"
        }
      }
    },
    {
      "type": "Feature",
      "geometry": {
        "type": "Point",
        "coordinates": [
          111.9010166,
          -8.0630082
        ]
      },
      "properties": {
        "id": "osm:way:784782084",
        "name": "Fasilitas Olahraga (Tanpa Nama)",
        "category": "Fasilitas Olahraga",
        "osm_id": 784782084,
        "osm_type": "way",
        "metadata": {
          "leisure": "pitch",
          "sport": "tennis"
        }
      }
    },
    {
      "type": "Feature",
      "geometry": {
        "type": "Point",
        "coordinates": [
          111.8997515,
          -8.061784
        ]
      },
      "properties": {
        "id": "osm:way:784782085",
        "name": "Klenteng Tjoe Tik Kiong",
        "category": "Tempat Ibadah (Lainnya)",
        "osm_id": 784782085,
        "osm_type": "way",
        "metadata": {
          "amenity": "place_of_worship",
          "building": "yes",
          "name": "Klenteng Tjoe Tik Kiong",
          "religion": "confucian"
        }
      }
    },
    {
      "type": "Feature",
      "geometry": {
        "type": "Point",
        "coordinates": [
          111.9523476,
          -8.1332779
        ]
      },
      "properties": {
        "id": "osm:way:793468426",
        "name": "pancasila park",
        "category": "Taman Kota / Terbuka",
        "osm_id": 793468426,
        "osm_type": "way",
        "metadata": {
          "leisure": "park",
          "name": "pancasila park"
        }
      }
    },
    {
      "type": "Feature",
      "geometry": {
        "type": "Point",
        "coordinates": [
          111.917826,
          -8.055617
        ]
      },
      "properties": {
        "id": "osm:way:794209364",
        "name": "Apotek Sido Waras",
        "category": "Apotek",
        "osm_id": 794209364,
        "osm_type": "way",
        "metadata": {
          "amenity": "pharmacy",
          "building": "pharmacy",
          "name": "Apotek Sido Waras"
        }
      }
    },
    {
      "type": "Feature",
      "geometry": {
        "type": "Point",
        "coordinates": [
          111.9253512,
          -8.057525
        ]
      },
      "properties": {
        "id": "osm:way:794210809",
        "name": "Apotek Ananda Sehat",
        "category": "Apotek",
        "osm_id": 794210809,
        "osm_type": "way",
        "metadata": {
          "amenity": "pharmacy",
          "building": "pharmacy",
          "name": "Apotek Ananda Sehat"
        }
      }
    },
    {
      "type": "Feature",
      "geometry": {
        "type": "Point",
        "coordinates": [
          111.9090595,
          -8.0496724
        ]
      },
      "properties": {
        "id": "osm:way:794215713",
        "name": "Apotek Pahlawan",
        "category": "Apotek",
        "osm_id": 794215713,
        "osm_type": "way",
        "metadata": {
          "amenity": "pharmacy",
          "building": "pharmacy",
          "name": "Apotek Pahlawan"
        }
      }
    },
    {
      "type": "Feature",
      "geometry": {
        "type": "Point",
        "coordinates": [
          111.9082238,
          -8.0532357
        ]
      },
      "properties": {
        "id": "osm:way:794215714",
        "name": "Apotek Kimia Farma",
        "category": "Apotek",
        "osm_id": 794215714,
        "osm_type": "way",
        "metadata": {
          "amenity": "pharmacy",
          "building": "pharmacy",
          "name": "Apotek Kimia Farma"
        }
      }
    },
    {
      "type": "Feature",
      "geometry": {
        "type": "Point",
        "coordinates": [
          112.1684872,
          -8.1008462
        ]
      },
      "properties": {
        "id": "osm:way:794234599",
        "name": "Apotek Jaya Sehat",
        "category": "Apotek",
        "osm_id": 794234599,
        "osm_type": "way",
        "metadata": {
          "addr:full": "Jalan Veteran No. 20, Blitar, Jawa Timur",
          "amenity": "pharmacy",
          "building": "pharmacy",
          "healthcare": "pharmacy",
          "name": "Apotek Jaya Sehat"
        }
      }
    },
    {
      "type": "Feature",
      "geometry": {
        "type": "Point",
        "coordinates": [
          112.1687989,
          -8.1003652
        ]
      },
      "properties": {
        "id": "osm:way:794234600",
        "name": "Apotik Punden Sehat",
        "category": "Apotek",
        "osm_id": 794234600,
        "osm_type": "way",
        "metadata": {
          "addr:full": "Jalan Irian No. 7, Blitar, Jawa Timur",
          "amenity": "pharmacy",
          "building": "pharmacy",
          "healthcare": "pharmacy",
          "name": "Apotik Punden Sehat"
        }
      }
    },
    {
      "type": "Feature",
      "geometry": {
        "type": "Point",
        "coordinates": [
          112.1683819,
          -8.0990989
        ]
      },
      "properties": {
        "id": "osm:way:794234601",
        "name": "Apotek dr. Ismangil",
        "category": "Apotek",
        "osm_id": 794234601,
        "osm_type": "way",
        "metadata": {
          "amenity": "pharmacy",
          "building": "pharmacy",
          "healthcare": "pharmacy",
          "name": "Apotek dr. Ismangil"
        }
      }
    },
    {
      "type": "Feature",
      "geometry": {
        "type": "Point",
        "coordinates": [
          112.1673244,
          -8.1006071
        ]
      },
      "properties": {
        "id": "osm:way:794234602",
        "name": "Apotek Blitar",
        "category": "Apotek",
        "osm_id": 794234602,
        "osm_type": "way",
        "metadata": {
          "addr:full": "Jalan Seruni No. 43, Blitar, Jawa Timur",
          "amenity": "pharmacy",
          "building": "pharmacy",
          "healthcare": "pharmacy",
          "name": "Apotek Blitar"
        }
      }
    },
    {
      "type": "Feature",
      "geometry": {
        "type": "Point",
        "coordinates": [
          112.1672339,
          -8.099751
        ]
      },
      "properties": {
        "id": "osm:way:794234603",
        "name": "Apotek Sumber Waras",
        "category": "Apotek",
        "osm_id": 794234603,
        "osm_type": "way",
        "metadata": {
          "addr:full": "Jalan Seruni No. 14, Blitar, Jawa Timur",
          "amenity": "pharmacy",
          "building": "pharmacy",
          "healthcare": "pharmacy",
          "name": "Apotek Sumber Waras"
        }
      }
    },
    {
      "type": "Feature",
      "geometry": {
        "type": "Point",
        "coordinates": [
          112.1671769,
          -8.1001646
        ]
      },
      "properties": {
        "id": "osm:way:794234604",
        "name": "Apotek Patria Farma",
        "category": "Apotek",
        "osm_id": 794234604,
        "osm_type": "way",
        "metadata": {
          "addr:full": "Jalan Seruni No. 20, Blitar, Jawa Timur",
          "amenity": "pharmacy",
          "building": "pharmacy",
          "healthcare": "pharmacy",
          "name": "Apotek Patria Farma"
        }
      }
    },
    {
      "type": "Feature",
      "geometry": {
        "type": "Point",
        "coordinates": [
          112.1560784,
          -8.1019891
        ]
      },
      "properties": {
        "id": "osm:way:794234605",
        "name": "Apotek Griya Sehat",
        "category": "Apotek",
        "osm_id": 794234605,
        "osm_type": "way",
        "metadata": {
          "amenity": "pharmacy",
          "building": "pharmacy",
          "healthcare": "pharmacy",
          "name": "Apotek Griya Sehat"
        }
      }
    },
    {
      "type": "Feature",
      "geometry": {
        "type": "Point",
        "coordinates": [
          112.1563517,
          -8.1015634
        ]
      },
      "properties": {
        "id": "osm:way:794234606",
        "name": "Kimia Farma",
        "category": "Apotek",
        "osm_id": 794234606,
        "osm_type": "way",
        "metadata": {
          "amenity": "pharmacy",
          "brand": "Kimia Farma",
          "brand:wikidata": "Q11264892",
          "building": "pharmacy",
          "healthcare": "pharmacy",
          "name": "Kimia Farma"
        }
      }
    },
    {
      "type": "Feature",
      "geometry": {
        "type": "Point",
        "coordinates": [
          112.179311,
          -8.1089239
        ]
      },
      "properties": {
        "id": "osm:way:794292653",
        "name": "Apotek Ben Waras",
        "category": "Apotek",
        "osm_id": 794292653,
        "osm_type": "way",
        "metadata": {
          "amenity": "pharmacy",
          "building": "pharmacy",
          "healthcare": "pharmacy",
          "name": "Apotek Ben Waras"
        }
      }
    },
    {
      "type": "Feature",
      "geometry": {
        "type": "Point",
        "coordinates": [
          111.9759543,
          -8.1341345
        ]
      },
      "properties": {
        "id": "osm:way:846734055",
        "name": "Candi Mirigambar",
        "category": "Lainnya",
        "osm_id": 846734055,
        "osm_type": "way",
        "metadata": {
          "historic": "archaeological_site",
          "name": "Candi Mirigambar"
        }
      }
    },
    {
      "type": "Feature",
      "geometry": {
        "type": "Point",
        "coordinates": [
          112.2092507,
          -8.0163487
        ]
      },
      "properties": {
        "id": "osm:way:846734061",
        "name": "Candi Penataran",
        "category": "Lainnya",
        "osm_id": 846734061,
        "osm_type": "way",
        "metadata": {
          "historic": "archaeological_site",
          "name": "Candi Penataran",
          "name:en": "Penataran Temple",
          "religion": "hindu",
          "wikipedia": "en:Penataran"
        }
      }
    },
    {
      "type": "Feature",
      "geometry": {
        "type": "Point",
        "coordinates": [
          112.0037485,
          -7.9038744
        ]
      },
      "properties": {
        "id": "osm:way:846742149",
        "name": "Punden Selomanen",
        "category": "Lainnya",
        "osm_id": 846742149,
        "osm_type": "way",
        "metadata": {
          "historic": "archaeological_site",
          "name": "Punden Selomanen"
        }
      }
    },
    {
      "type": "Feature",
      "geometry": {
        "type": "Point",
        "coordinates": [
          112.1095105,
          -7.9286453
        ]
      },
      "properties": {
        "id": "osm:way:846747469",
        "name": "Kantor Kepala Desa Segaran",
        "category": "Layanan Pemerintahan",
        "osm_id": 846747469,
        "osm_type": "way",
        "metadata": {
          "admin_level": "7",
          "barrier": "wall",
          "government": "administrative",
          "name": "Kantor Kepala Desa Segaran",
          "office": "government"
        }
      }
    },
    {
      "type": "Feature",
      "geometry": {
        "type": "Point",
        "coordinates": [
          111.9456708,
          -8.1180775
        ]
      },
      "properties": {
        "id": "osm:way:854485982",
        "name": "SMPN 2 Sumbergempol",
        "category": "Sekolah Menengah Pertama (SMP/MTs)",
        "osm_id": 854485982,
        "osm_type": "way",
        "metadata": {
          "addr:city": "Tulungagung",
          "addr:postcode": "66291",
          "addr:street": "Jl. Raya Pasir",
          "amenity": "school",
          "grades": "7-9",
          "name": "SMPN 2 Sumbergempol"
        }
      }
    },
    {
      "type": "Feature",
      "geometry": {
        "type": "Point",
        "coordinates": [
          112.0696784,
          -8.0597701
        ]
      },
      "properties": {
        "id": "osm:way:874643391",
        "name": "SMPN 1 Srengat",
        "category": "Sekolah Menengah Pertama (SMP/MTs)",
        "osm_id": 874643391,
        "osm_type": "way",
        "metadata": {
          "amenity": "school",
          "name": "SMPN 1 Srengat"
        }
      }
    },
    {
      "type": "Feature",
      "geometry": {
        "type": "Point",
        "coordinates": [
          112.173877,
          -8.0969976
        ]
      },
      "properties": {
        "id": "osm:way:954031896",
        "name": "Fasilitas Olahraga (Tanpa Nama)",
        "category": "Fasilitas Olahraga",
        "osm_id": 954031896,
        "osm_type": "way",
        "metadata": {
          "leisure": "pitch",
          "sport": "tennis"
        }
      }
    },
    {
      "type": "Feature",
      "geometry": {
        "type": "Point",
        "coordinates": [
          112.1704047,
          -8.0948532
        ]
      },
      "properties": {
        "id": "osm:way:957724512",
        "name": "Pasar Pon",
        "category": "Pasar Tradisional",
        "osm_id": 957724512,
        "osm_type": "way",
        "metadata": {
          "amenity": "marketplace",
          "building": "yes",
          "building:floor": "ceramics",
          "building:roof": "metal",
          "building:use": "public",
          "name": "Pasar Pon",
          "shop": "greengrocer"
        }
      }
    },
    {
      "type": "Feature",
      "geometry": {
        "type": "Point",
        "coordinates": [
          112.183431,
          -8.0986718
        ]
      },
      "properties": {
        "id": "osm:way:985450081",
        "name": "Unisba",
        "category": "Perguruan Tinggi",
        "osm_id": 985450081,
        "osm_type": "way",
        "metadata": {
          "amenity": "college",
          "name": "Unisba"
        }
      }
    },
    {
      "type": "Feature",
      "geometry": {
        "type": "Point",
        "coordinates": [
          112.2180147,
          -8.0393431
        ]
      },
      "properties": {
        "id": "osm:way:1005443249",
        "name": "Stadion Gelora Penataran",
        "category": "Fasilitas Olahraga",
        "osm_id": 1005443249,
        "osm_type": "way",
        "metadata": {
          "addr:city": "Blitar",
          "addr:postcode": "66181",
          "addr:street": "Jl. Raya Penataran Nglegok",
          "leisure": "stadium",
          "name": "Stadion Gelora Penataran",
          "phone": "085646555212",
          "smoking": "yes",
          "sport": "athletics",
          "website": "https://icom.co.id"
        }
      }
    },
    {
      "type": "Feature",
      "geometry": {
        "type": "Point",
        "coordinates": [
          112.2043641,
          -8.006225
        ]
      },
      "properties": {
        "id": "osm:way:1007173981",
        "name": "Kafe BokAmpuh",
        "category": "Kafe & Kedai Kopi",
        "osm_id": 1007173981,
        "osm_type": "way",
        "metadata": {
          "amenity": "cafe",
          "building": "yes",
          "name": "Kafe BokAmpuh"
        }
      }
    },
    {
      "type": "Feature",
      "geometry": {
        "type": "Point",
        "coordinates": [
          112.1560204,
          -8.112524
        ]
      },
      "properties": {
        "id": "osm:way:1017759321",
        "name": "SPBU Pertamina 54.661.07",
        "category": "SPBU / Stasiun Pengisian Bahan Bakar",
        "osm_id": 1017759321,
        "osm_type": "way",
        "metadata": {
          "addr:city": "Kota Blitar",
          "addr:postcode": "67125",
          "addr:street": "Jl. Cemara No.221, Karangsari, Kec. Sukorejo, Kota Blitar, Jawa Timur 67125",
          "amenity": "fuel",
          "brand": "Pertamina",
          "building": "yes",
          "fuel:biodiesel": "yes",
          "fuel:diesel": "yes",
          "fuel:octane_90": "yes",
          "fuel:octane_92": "yes",
          "name": "SPBU Pertamina 54.661.07",
          "self_service": "no"
        }
      }
    },
    {
      "type": "Feature",
      "geometry": {
        "type": "Point",
        "coordinates": [
          112.1632705,
          -8.1161035
        ]
      },
      "properties": {
        "id": "osm:way:1018439742",
        "name": "Smart.Com",
        "category": "Toko Elektronik",
        "osm_id": 1018439742,
        "osm_type": "way",
        "metadata": {
          "name": "Smart.Com",
          "shop": "electronics"
        }
      }
    },
    {
      "type": "Feature",
      "geometry": {
        "type": "Point",
        "coordinates": [
          112.1600565,
          -8.1015592
        ]
      },
      "properties": {
        "id": "osm:way:1018934538",
        "name": "Pasar Templek",
        "category": "Pasar Tradisional",
        "osm_id": 1018934538,
        "osm_type": "way",
        "metadata": {
          "amenity": "marketplace",
          "building": "yes",
          "name": "Pasar Templek",
          "shop": "greengrocer"
        }
      }
    },
    {
      "type": "Feature",
      "geometry": {
        "type": "Point",
        "coordinates": [
          112.1631967,
          -8.1149176
        ]
      },
      "properties": {
        "id": "osm:way:1018988163",
        "name": "RSI Aminah Blitar",
        "category": "Rumah Sakit",
        "osm_id": 1018988163,
        "osm_type": "way",
        "metadata": {
          "amenity": "hospital",
          "healthcare": "hospital",
          "name": "RSI Aminah Blitar"
        }
      }
    },
    {
      "type": "Feature",
      "geometry": {
        "type": "Point",
        "coordinates": [
          112.1743953,
          -8.1009501
        ]
      },
      "properties": {
        "id": "osm:way:1020166395",
        "name": "Kopi Rakjat 1961",
        "category": "Kafe & Kedai Kopi",
        "osm_id": 1020166395,
        "osm_type": "way",
        "metadata": {
          "addr:city": "Blitar",
          "addr:housename": "Kopi Rakjat 1961",
          "addr:housenumber": "11",
          "addr:postcode": "66137",
          "addr:province": "Jawa Timur",
          "addr:street": "Jalan Sumatra",
          "addr:subdistrict": "Sanan Wetan",
          "amenity": "cafe",
          "building": "yes",
          "building:levels": "1",
          "height": "3",
          "internet_access": "yes",
          "internet_access:fee": "no",
          "name": "Kopi Rakjat 1961",
          "opening_hours": "09:00-22:00"
        }
      }
    },
    {
      "type": "Feature",
      "geometry": {
        "type": "Point",
        "coordinates": [
          112.1568288,
          -8.1183468
        ]
      },
      "properties": {
        "id": "osm:way:1020177518",
        "name": "PT Putra Jaya Patria Transport",
        "category": "Perkantoran Komersial",
        "osm_id": 1020177518,
        "osm_type": "way",
        "metadata": {
          "amenity": "car_rental",
          "name": "PT Putra Jaya Patria Transport"
        }
      }
    },
    {
      "type": "Feature",
      "geometry": {
        "type": "Point",
        "coordinates": [
          112.1605,
          -8.1524736
        ]
      },
      "properties": {
        "id": "osm:way:1020213648",
        "name": "SPBU 55.661.44 Plosorejo",
        "category": "SPBU / Stasiun Pengisian Bahan Bakar",
        "osm_id": 1020213648,
        "osm_type": "way",
        "metadata": {
          "addr:country": "ID",
          "addr:district": "Blitar",
          "addr:full": "Jl. Banteng Blorok, Plosorejo, Kec. Kademangan, Kabupaten Blitar, Jawa Timur 66161",
          "addr:postcode": "66161",
          "addr:province": "Jawa Timur",
          "addr:street": "Jl. Banteng Blorok",
          "addr:subdistrict": "Kademangan",
          "addr:village": "Plosorejo",
          "amenity": "fuel",
          "brand": "Pertamina",
          "brand:wikidata": "Q1641044",
          "brand:wikipedia": "en:Pertamina",
          "building": "yes",
          "fuel:octane_91": "yes",
          "fuel:octane_92": "yes",
          "name": "SPBU 55.661.44 Plosorejo"
        }
      }
    },
    {
      "type": "Feature",
      "geometry": {
        "type": "Point",
        "coordinates": [
          112.2560462,
          -8.1286903
        ]
      },
      "properties": {
        "id": "osm:way:1024132104",
        "name": "Masjid & Mushola (Tanpa Nama)",
        "category": "Masjid & Mushola",
        "osm_id": 1024132104,
        "osm_type": "way",
        "metadata": {
          "amenity": "place_of_worship",
          "building": "yes",
          "religion": "muslim"
        }
      }
    },
    {
      "type": "Feature",
      "geometry": {
        "type": "Point",
        "coordinates": [
          112.2172938,
          -8.1520187
        ]
      },
      "properties": {
        "id": "osm:way:1024383238",
        "name": "Masjid & Mushola (Tanpa Nama)",
        "category": "Masjid & Mushola",
        "osm_id": 1024383238,
        "osm_type": "way",
        "metadata": {
          "amenity": "place_of_worship",
          "building": "mosque",
          "religion": "muslim"
        }
      }
    },
    {
      "type": "Feature",
      "geometry": {
        "type": "Point",
        "coordinates": [
          112.2556103,
          -8.1275623
        ]
      },
      "properties": {
        "id": "osm:way:1026246508",
        "name": "Masjid & Mushola (Tanpa Nama)",
        "category": "Masjid & Mushola",
        "osm_id": 1026246508,
        "osm_type": "way",
        "metadata": {
          "amenity": "place_of_worship",
          "building": "yes",
          "religion": "muslim"
        }
      }
    },
    {
      "type": "Feature",
      "geometry": {
        "type": "Point",
        "coordinates": [
          111.9956012,
          -7.8654043
        ]
      },
      "properties": {
        "id": "osm:way:1051717998",
        "name": "SDN Badal Pandean",
        "category": "Sekolah Dasar (SD/MI)",
        "osm_id": 1051717998,
        "osm_type": "way",
        "metadata": {
          "addr:city": "Kediri",
          "addr:street": "Badal Pandean",
          "building": "yes",
          "name": "SDN Badal Pandean",
          "office": "educational_institution",
          "opening_hours": "Mo-Su 07:00-12:00",
          "source": "microsoft/BuildingFootprints"
        }
      }
    },
    {
      "type": "Feature",
      "geometry": {
        "type": "Point",
        "coordinates": [
          111.9956173,
          -7.8649429
        ]
      },
      "properties": {
        "id": "osm:way:1051718082",
        "name": "Toko Sonifah",
        "category": "Supermarket",
        "osm_id": 1051718082,
        "osm_type": "way",
        "metadata": {
          "addr:city": "Kediri",
          "addr:postcode": "64171",
          "addr:street": "Badal Pandean",
          "building": "house",
          "name": "Toko Sonifah",
          "operator": "Perseroan",
          "payment:cash": "yes",
          "shop": "supermarket",
          "source": "microsoft/BuildingFootprints"
        }
      }
    },
    {
      "type": "Feature",
      "geometry": {
        "type": "Point",
        "coordinates": [
          111.8903739,
          -8.1189973
        ]
      },
      "properties": {
        "id": "osm:way:1059735813",
        "name": "SD Negeri Boyolangu 2",
        "category": "Sekolah Dasar (SD/MI)",
        "osm_id": 1059735813,
        "osm_type": "way",
        "metadata": {
          "amenity": "school",
          "building": "yes",
          "name": "SD Negeri Boyolangu 2",
          "source": "microsoft/BuildingFootprints"
        }
      }
    },
    {
      "type": "Feature",
      "geometry": {
        "type": "Point",
        "coordinates": [
          111.9012327,
          -8.0827602
        ]
      },
      "properties": {
        "id": "osm:way:1060947270",
        "name": "Masjid & Mushola (Tanpa Nama)",
        "category": "Masjid & Mushola",
        "osm_id": 1060947270,
        "osm_type": "way",
        "metadata": {
          "amenity": "place_of_worship",
          "building": "mosque",
          "religion": "muslim",
          "source": "microsoft/BuildingFootprints"
        }
      }
    },
    {
      "type": "Feature",
      "geometry": {
        "type": "Point",
        "coordinates": [
          111.9101518,
          -8.0736567
        ]
      },
      "properties": {
        "id": "osm:way:1061258451",
        "name": "SPBU Pertamina 54.662.25",
        "category": "SPBU / Stasiun Pengisian Bahan Bakar",
        "osm_id": 1061258451,
        "osm_type": "way",
        "metadata": {
          "addr:city": "Kabupaten Tulungagung",
          "addr:postcode": "66218",
          "addr:street": "Jl. Mayor Sujadi No.146, Jepun, Kec. Tulungagung, Kabupaten Tulungagung, Jawa Timur 66218",
          "amenity": "fuel",
          "brand": "Pertamina",
          "building": "yes",
          "fuel:biodiesel": "yes",
          "fuel:diesel": "yes",
          "fuel:octane_90": "yes",
          "fuel:octane_92": "yes",
          "name": "SPBU Pertamina 54.662.25",
          "self_service": "no"
        }
      }
    },
    {
      "type": "Feature",
      "geometry": {
        "type": "Point",
        "coordinates": [
          112.0707214,
          -8.0628709
        ]
      },
      "properties": {
        "id": "osm:way:1061615397",
        "name": "Kantor Imigrasi Srengat",
        "category": "Layanan Pemerintahan",
        "osm_id": 1061615397,
        "osm_type": "way",
        "metadata": {
          "building": "public",
          "government": "migration",
          "name": "Kantor Imigrasi Srengat",
          "office": "government"
        }
      }
    },
    {
      "type": "Feature",
      "geometry": {
        "type": "Point",
        "coordinates": [
          112.0704916,
          -8.0628263
        ]
      },
      "properties": {
        "id": "osm:way:1061615399",
        "name": "Kantor Imigrasi Srengat",
        "category": "Layanan Pemerintahan",
        "osm_id": 1061615399,
        "osm_type": "way",
        "metadata": {
          "building": "public",
          "government": "migration",
          "name": "Kantor Imigrasi Srengat",
          "office": "government"
        }
      }
    },
    {
      "type": "Feature",
      "geometry": {
        "type": "Point",
        "coordinates": [
          111.9140637,
          -8.1179526
        ]
      },
      "properties": {
        "id": "osm:way:1061929477",
        "name": "LDII PAC Sanggrahan Timur",
        "category": "Masjid & Mushola",
        "osm_id": 1061929477,
        "osm_type": "way",
        "metadata": {
          "amenity": "place_of_worship",
          "building": "yes",
          "name": "LDII PAC Sanggrahan Timur",
          "religion": "muslim",
          "source": "microsoft/BuildingFootprints"
        }
      }
    },
    {
      "type": "Feature",
      "geometry": {
        "type": "Point",
        "coordinates": [
          112.0700093,
          -8.0642187
        ]
      },
      "properties": {
        "id": "osm:way:1061930291",
        "name": "Masjid Jami Srengat",
        "category": "Masjid & Mushola",
        "osm_id": 1061930291,
        "osm_type": "way",
        "metadata": {
          "amenity": "place_of_worship",
          "building": "mosque",
          "name": "Masjid Jami Srengat",
          "religion": "muslim",
          "source": "microsoft/BuildingFootprints"
        }
      }
    },
    {
      "type": "Feature",
      "geometry": {
        "type": "Point",
        "coordinates": [
          111.996645,
          -8.1382129
        ]
      },
      "properties": {
        "id": "osm:way:1063096592",
        "name": "SPBU Pertamina 54.662.29",
        "category": "SPBU / Stasiun Pengisian Bahan Bakar",
        "osm_id": 1063096592,
        "osm_type": "way",
        "metadata": {
          "amenity": "fuel",
          "brand": "Pertamina",
          "building": "yes",
          "fuel:biodiesel": "yes",
          "fuel:diesel": "yes",
          "fuel:lpg": "yes",
          "fuel:octane_90": "yes",
          "fuel:octane_92": "yes",
          "fuel:octane_98": "yes",
          "name": "SPBU Pertamina 54.662.29",
          "self_service": "no"
        }
      }
    },
    {
      "type": "Feature",
      "geometry": {
        "type": "Point",
        "coordinates": [
          111.9073254,
          -8.1219913
        ]
      },
      "properties": {
        "id": "osm:way:1063103863",
        "name": "Kantor Desa Pucung Kidul",
        "category": "Layanan Pemerintahan",
        "osm_id": 1063103863,
        "osm_type": "way",
        "metadata": {
          "building": "yes",
          "name": "Kantor Desa Pucung Kidul",
          "office": "government"
        }
      }
    },
    {
      "type": "Feature",
      "geometry": {
        "type": "Point",
        "coordinates": [
          111.8938582,
          -8.1307585
        ]
      },
      "properties": {
        "id": "osm:way:1065032646",
        "name": "LDII PAC Tanggung",
        "category": "Masjid & Mushola",
        "osm_id": 1065032646,
        "osm_type": "way",
        "metadata": {
          "amenity": "place_of_worship",
          "building": "yes",
          "denomination": "ldii",
          "name": "LDII PAC Tanggung",
          "religion": "muslim",
          "source": "microsoft/BuildingFootprints"
        }
      }
    },
    {
      "type": "Feature",
      "geometry": {
        "type": "Point",
        "coordinates": [
          112.0803277,
          -8.0648506
        ]
      },
      "properties": {
        "id": "osm:way:1065399072",
        "name": "RSUD Srengat Kabupaten Blitar",
        "category": "Rumah Sakit",
        "osm_id": 1065399072,
        "osm_type": "way",
        "metadata": {
          "amenity": "hospital",
          "emergency": "yes",
          "healthcare": "hospital",
          "name": "RSUD Srengat Kabupaten Blitar"
        }
      }
    },
    {
      "type": "Feature",
      "geometry": {
        "type": "Point",
        "coordinates": [
          112.077748,
          -8.0681953
        ]
      },
      "properties": {
        "id": "osm:way:1066035909",
        "name": "Masjid & Mushola (Tanpa Nama)",
        "category": "Masjid & Mushola",
        "osm_id": 1066035909,
        "osm_type": "way",
        "metadata": {
          "amenity": "place_of_worship",
          "building": "mosque",
          "religion": "muslim"
        }
      }
    },
    {
      "type": "Feature",
      "geometry": {
        "type": "Point",
        "coordinates": [
          112.1873688,
          -8.0744107
        ]
      },
      "properties": {
        "id": "osm:way:1068127443",
        "name": "Lapangan Sentul",
        "category": "Fasilitas Olahraga",
        "osm_id": 1068127443,
        "osm_type": "way",
        "metadata": {
          "access": "yes",
          "covered": "no",
          "fee": "no",
          "indoor": "no",
          "leisure": "pitch",
          "lit": "no",
          "name": "Lapangan Sentul",
          "sport": "soccer",
          "surface": "grass"
        }
      }
    },
    {
      "type": "Feature",
      "geometry": {
        "type": "Point",
        "coordinates": [
          111.8943541,
          -8.120303
        ]
      },
      "properties": {
        "id": "osm:way:1089982682",
        "name": "Polsek Boyolangu",
        "category": "Layanan Pemerintahan",
        "osm_id": 1089982682,
        "osm_type": "way",
        "metadata": {
          "amenity": "police",
          "building": "yes",
          "name": "Polsek Boyolangu",
          "opening_hours": "24/7",
          "toilets:access": "private",
          "wheelchair": "yes"
        }
      }
    },
    {
      "type": "Feature",
      "geometry": {
        "type": "Point",
        "coordinates": [
          111.8946653,
          -8.1198943
        ]
      },
      "properties": {
        "id": "osm:way:1090254376",
        "name": "Boyolangu Traditional Market",
        "category": "Pasar Tradisional",
        "osm_id": 1090254376,
        "osm_type": "way",
        "metadata": {
          "amenity": "marketplace",
          "building": "yes",
          "name": "Boyolangu Traditional Market",
          "opening_hours": "Mo-Su 06:00-17:00",
          "organic": "yes",
          "toilets:access": "public",
          "wheelchair": "yes"
        }
      }
    },
    {
      "type": "Feature",
      "geometry": {
        "type": "Point",
        "coordinates": [
          111.9015526,
          -8.1221163
        ]
      },
      "properties": {
        "id": "osm:way:1090262100",
        "name": "Musholla Baiturrohman",
        "category": "Masjid & Mushola",
        "osm_id": 1090262100,
        "osm_type": "way",
        "metadata": {
          "amenity": "place_of_worship",
          "building": "mosque",
          "denomination": "sunni",
          "name": "Musholla Baiturrohman",
          "opening_hours": "24/7",
          "religion": "muslim",
          "service_times": "24/7",
          "wheelchair": "yes"
        }
      }
    },
    {
      "type": "Feature",
      "geometry": {
        "type": "Point",
        "coordinates": [
          111.894774,
          -8.1208963
        ]
      },
      "properties": {
        "id": "osm:way:1090526407",
        "name": "Masjid Muhammadiyah \"Munirah Muhammad Al Muthlaq\"",
        "category": "Masjid & Mushola",
        "osm_id": 1090526407,
        "osm_type": "way",
        "metadata": {
          "amenity": "place_of_worship",
          "building": "yes",
          "denomination": "sunni",
          "name": "Masjid Muhammadiyah \"Munirah Muhammad Al Muthlaq\"",
          "name:en": "\"Munirah Muhammad Al Muthlaq\" Muhammadiyah Mosque",
          "name:id": "Masjid Muhammadiyah \"Munirah Muhammad Al Muthlaq\"",
          "religion": "muslim",
          "source": "Bing"
        }
      }
    },
    {
      "type": "Feature",
      "geometry": {
        "type": "Point",
        "coordinates": [
          111.8941399,
          -8.1186932
        ]
      },
      "properties": {
        "id": "osm:way:1090526409",
        "name": "Kantor Kecamatan Boyolangu",
        "category": "Layanan Pemerintahan",
        "osm_id": 1090526409,
        "osm_type": "way",
        "metadata": {
          "building": "yes",
          "government": "administrative",
          "name": "Kantor Kecamatan Boyolangu",
          "office": "government",
          "source": "Bing"
        }
      }
    },
    {
      "type": "Feature",
      "geometry": {
        "type": "Point",
        "coordinates": [
          111.8937698,
          -8.1159577
        ]
      },
      "properties": {
        "id": "osm:way:1090532565",
        "name": "Lapangan Boyolangu",
        "category": "Fasilitas Olahraga",
        "osm_id": 1090532565,
        "osm_type": "way",
        "metadata": {
          "leisure": "pitch",
          "lit": "no",
          "name": "Lapangan Boyolangu",
          "name:en": "Boyolangu Soccer Pitch",
          "name:id": "Lapangan Boyolangu",
          "sport": "soccer",
          "surface": "grass"
        }
      }
    },
    {
      "type": "Feature",
      "geometry": {
        "type": "Point",
        "coordinates": [
          111.8945052,
          -8.1158202
        ]
      },
      "properties": {
        "id": "osm:way:1090532566",
        "name": "SDN 1 Boyolangu",
        "category": "Sekolah Dasar (SD/MI)",
        "osm_id": 1090532566,
        "osm_type": "way",
        "metadata": {
          "amenity": "school",
          "name": "SDN 1 Boyolangu",
          "place": "suburb",
          "source": "Bing"
        }
      }
    },
    {
      "type": "Feature",
      "geometry": {
        "type": "Point",
        "coordinates": [
          111.894688,
          -8.1141133
        ]
      },
      "properties": {
        "id": "osm:way:1090536666",
        "name": "Masjid Syariful Muttaqin",
        "category": "Masjid & Mushola",
        "osm_id": 1090536666,
        "osm_type": "way",
        "metadata": {
          "amenity": "place_of_worship",
          "building": "yes",
          "name": "Masjid Syariful Muttaqin",
          "name:en": "Syariful Muttaqin Mosque",
          "religion": "muslim",
          "source": "Bing"
        }
      }
    },
    {
      "type": "Feature",
      "geometry": {
        "type": "Point",
        "coordinates": [
          111.9070935,
          -8.0686198
        ]
      },
      "properties": {
        "id": "osm:way:1095166017",
        "name": "SPBU Pertamina 54.662.04",
        "category": "SPBU / Stasiun Pengisian Bahan Bakar",
        "osm_id": 1095166017,
        "osm_type": "way",
        "metadata": {
          "addr:city": "Kabupaten Tulungagung",
          "addr:postcode": "66218",
          "addr:street": "Jl. I Gusti Ngurah Rai No.61, Bago, Kec. Tulungagung, Kabupaten Tulungagung, Jawa Timur 66218",
          "amenity": "fuel",
          "brand": "Pertamina",
          "building": "yes",
          "fuel:biodiesel": "yes",
          "fuel:diesel": "yes",
          "fuel:octane_90": "yes",
          "fuel:octane_92": "yes",
          "name": "SPBU Pertamina 54.662.04",
          "self_service": "no"
        }
      }
    },
    {
      "type": "Feature",
      "geometry": {
        "type": "Point",
        "coordinates": [
          111.8986453,
          -8.066145
        ]
      },
      "properties": {
        "id": "osm:way:1095809746",
        "name": "Rocket Chicken",
        "category": "Cepat Saji",
        "osm_id": 1095809746,
        "osm_type": "way",
        "metadata": {
          "amenity": "fast_food",
          "building": "yes",
          "cuisine": "chicken",
          "name": "Rocket Chicken",
          "operator": "delta.web.id"
        }
      }
    },
    {
      "type": "Feature",
      "geometry": {
        "type": "Point",
        "coordinates": [
          111.8922253,
          -8.0660672
        ]
      },
      "properties": {
        "id": "osm:way:1098478860",
        "name": "Aquatic Cafe, Resto & Pool",
        "category": "Restoran",
        "osm_id": 1098478860,
        "osm_type": "way",
        "metadata": {
          "addr:street": "Jalan Mayor Jenderal Sungkono III",
          "amenity": "cafe",
          "building": "restaurant",
          "cuisine": "coffee_shop;asian;juice;chicken;western;indonesian",
          "internet_access": "wlan",
          "internet_access:fee": "no",
          "name": "Aquatic Cafe, Resto & Pool"
        }
      }
    },
    {
      "type": "Feature",
      "geometry": {
        "type": "Point",
        "coordinates": [
          111.9956725,
          -8.095629
        ]
      },
      "properties": {
        "id": "osm:way:1100864838",
        "name": "Lapangan Pulosari",
        "category": "Fasilitas Olahraga",
        "osm_id": 1100864838,
        "osm_type": "way",
        "metadata": {
          "leisure": "pitch",
          "name": "Lapangan Pulosari",
          "sport": "soccer"
        }
      }
    },
    {
      "type": "Feature",
      "geometry": {
        "type": "Point",
        "coordinates": [
          112.1449936,
          -8.1430661
        ]
      },
      "properties": {
        "id": "osm:way:1101624868",
        "name": "Polsek Lodoyo Barat",
        "category": "Layanan Pemerintahan",
        "osm_id": 1101624868,
        "osm_type": "way",
        "metadata": {
          "addr:district": "Blitar",
          "addr:full": "Jl.Trisula Kademangan",
          "addr:postcode": "66161",
          "addr:province": "Jawa Timur",
          "addr:street": "Jl.Trisula",
          "addr:subdistrict": "Kademangan",
          "addr:village": "Kademangan",
          "amenity": "police",
          "building": "yes",
          "building:floor": "ceramics",
          "building:roof": "tile",
          "building:use": "accommodation",
          "building:walls": "brick",
          "government": "public_service",
          "name": "Polsek Lodoyo Barat",
          "office": "government",
          "opening_hours": "24/7"
        }
      }
    },
    {
      "type": "Feature",
      "geometry": {
        "type": "Point",
        "coordinates": [
          111.9445386,
          -8.2362796
        ]
      },
      "properties": {
        "id": "osm:way:1101877857",
        "name": "Makam Desa Kalibatur",
        "category": "Pemakaman",
        "osm_id": 1101877857,
        "osm_type": "way",
        "metadata": {
          "landuse": "cemetery",
          "name": "Makam Desa Kalibatur"
        }
      }
    },
    {
      "type": "Feature",
      "geometry": {
        "type": "Point",
        "coordinates": [
          111.9494411,
          -8.2314374
        ]
      },
      "properties": {
        "id": "osm:way:1101879365",
        "name": "SD Negeri 2 Kalibatur",
        "category": "Sekolah Dasar (SD/MI)",
        "osm_id": 1101879365,
        "osm_type": "way",
        "metadata": {
          "addr:city": "tulungagung",
          "addr:postcode": "66281",
          "amenity": "school",
          "building:levels": "1",
          "grades": "1-6",
          "name": "SD Negeri 2 Kalibatur"
        }
      }
    },
    {
      "type": "Feature",
      "geometry": {
        "type": "Point",
        "coordinates": [
          111.944837,
          -8.23773
        ]
      },
      "properties": {
        "id": "osm:way:1101879937",
        "name": "TK PGRI 4 Kalibatur & PAUD Budi Utomo",
        "category": "Taman Kanak-Kanak / PAUD",
        "osm_id": 1101879937,
        "osm_type": "way",
        "metadata": {
          "amenity": "kindergarten",
          "building:levels": "1",
          "name": "TK PGRI 4 Kalibatur & PAUD Budi Utomo"
        }
      }
    },
    {
      "type": "Feature",
      "geometry": {
        "type": "Point",
        "coordinates": [
          111.9515138,
          -8.2425947
        ]
      },
      "properties": {
        "id": "osm:way:1101888928",
        "name": "Lapangan Tumpak Gedang",
        "category": "Fasilitas Olahraga",
        "osm_id": 1101888928,
        "osm_type": "way",
        "metadata": {
          "leisure": "pitch",
          "name": "Lapangan Tumpak Gedang",
          "surface": "grass"
        }
      }
    },
    {
      "type": "Feature",
      "geometry": {
        "type": "Point",
        "coordinates": [
          111.9710664,
          -8.2070466
        ]
      },
      "properties": {
        "id": "osm:way:1101893024",
        "name": "Pasar Kedungdowo",
        "category": "Pasar Tradisional",
        "osm_id": 1101893024,
        "osm_type": "way",
        "metadata": {
          "amenity": "marketplace",
          "name": "Pasar Kedungdowo"
        }
      }
    },
    {
      "type": "Feature",
      "geometry": {
        "type": "Point",
        "coordinates": [
          111.9712856,
          -8.206748
        ]
      },
      "properties": {
        "id": "osm:way:1101893159",
        "name": "BRI",
        "category": "Bank & Finansial",
        "osm_id": 1101893159,
        "osm_type": "way",
        "metadata": {
          "amenity": "bank",
          "atm": "yes",
          "brand": "BRI",
          "brand:wikidata": "Q623042",
          "building": "yes",
          "name": "BRI",
          "official_name": "Bank Rakyat Indonesia"
        }
      }
    },
    {
      "type": "Feature",
      "geometry": {
        "type": "Point",
        "coordinates": [
          111.9699758,
          -8.1785994
        ]
      },
      "properties": {
        "id": "osm:way:1101894726",
        "name": "Makam Desa Karangtalun",
        "category": "Pemakaman",
        "osm_id": 1101894726,
        "osm_type": "way",
        "metadata": {
          "landuse": "cemetery",
          "name": "Makam Desa Karangtalun"
        }
      }
    },
    {
      "type": "Feature",
      "geometry": {
        "type": "Point",
        "coordinates": [
          111.9691732,
          -8.1787601
        ]
      },
      "properties": {
        "id": "osm:way:1101895130",
        "name": "Pasar Karangtalun",
        "category": "Pasar Tradisional",
        "osm_id": 1101895130,
        "osm_type": "way",
        "metadata": {
          "amenity": "marketplace",
          "name": "Pasar Karangtalun"
        }
      }
    },
    {
      "type": "Feature",
      "geometry": {
        "type": "Point",
        "coordinates": [
          112.0151329,
          -8.1352025
        ]
      },
      "properties": {
        "id": "osm:way:1101931642",
        "name": "Pasar Panjerejo",
        "category": "Pasar Tradisional",
        "osm_id": 1101931642,
        "osm_type": "way",
        "metadata": {
          "amenity": "marketplace",
          "name": "Pasar Panjerejo"
        }
      }
    },
    {
      "type": "Feature",
      "geometry": {
        "type": "Point",
        "coordinates": [
          111.9686732,
          -8.175101
        ]
      },
      "properties": {
        "id": "osm:way:1101932568",
        "name": "SPBU Pertamina 54.662.27",
        "category": "SPBU / Stasiun Pengisian Bahan Bakar",
        "osm_id": 1101932568,
        "osm_type": "way",
        "metadata": {
          "addr:city": "Kabupaten Tulungagung",
          "addr:postcode": "66281",
          "addr:street": "Jl. Raya Jabon, Karangsono, Karangtalun, Kec. Kalidawir, Kabupaten Tulungagung, Jawa Timur 66281",
          "amenity": "fuel",
          "brand": "Pertamina",
          "fuel:biodiesel": "yes",
          "fuel:diesel": "yes",
          "fuel:octane_90": "yes",
          "fuel:octane_92": "yes",
          "name": "SPBU Pertamina 54.662.27",
          "self_service": "no"
        }
      }
    },
    {
      "type": "Feature",
      "geometry": {
        "type": "Point",
        "coordinates": [
          111.9720499,
          -8.1801796
        ]
      },
      "properties": {
        "id": "osm:way:1101932805",
        "name": "Fasilitas Olahraga (Tanpa Nama)",
        "category": "Fasilitas Olahraga",
        "osm_id": 1101932805,
        "osm_type": "way",
        "metadata": {
          "leisure": "pitch",
          "sport": "tennis"
        }
      }
    },
    {
      "type": "Feature",
      "geometry": {
        "type": "Point",
        "coordinates": [
          111.9512663,
          -8.2400219
        ]
      },
      "properties": {
        "id": "osm:way:1101934523",
        "name": "SD Negeri 4 Kalibatur",
        "category": "Sekolah Dasar (SD/MI)",
        "osm_id": 1101934523,
        "osm_type": "way",
        "metadata": {
          "amenity": "school",
          "name": "SD Negeri 4 Kalibatur"
        }
      }
    },
    {
      "type": "Feature",
      "geometry": {
        "type": "Point",
        "coordinates": [
          111.947837,
          -8.2344447
        ]
      },
      "properties": {
        "id": "osm:way:1101935237",
        "name": "Masjid Darul Huda",
        "category": "Masjid & Mushola",
        "osm_id": 1101935237,
        "osm_type": "way",
        "metadata": {
          "amenity": "place_of_worship",
          "building": "yes",
          "name": "Masjid Darul Huda",
          "religion": "muslim"
        }
      }
    },
    {
      "type": "Feature",
      "geometry": {
        "type": "Point",
        "coordinates": [
          111.9557748,
          -8.2330313
        ]
      },
      "properties": {
        "id": "osm:way:1101942926",
        "name": "Makam Desa Rejosari",
        "category": "Pemakaman",
        "osm_id": 1101942926,
        "osm_type": "way",
        "metadata": {
          "landuse": "cemetery",
          "name": "Makam Desa Rejosari"
        }
      }
    },
    {
      "type": "Feature",
      "geometry": {
        "type": "Point",
        "coordinates": [
          111.9478712,
          -8.221795
        ]
      },
      "properties": {
        "id": "osm:way:1101958919",
        "name": "SD Negeri 2 Banyuurip",
        "category": "Sekolah Dasar (SD/MI)",
        "osm_id": 1101958919,
        "osm_type": "way",
        "metadata": {
          "amenity": "school",
          "name": "SD Negeri 2 Banyuurip"
        }
      }
    },
    {
      "type": "Feature",
      "geometry": {
        "type": "Point",
        "coordinates": [
          111.9470036,
          -8.2129824
        ]
      },
      "properties": {
        "id": "osm:way:1101959793",
        "name": "Makam Desa Banyuurip",
        "category": "Pemakaman",
        "osm_id": 1101959793,
        "osm_type": "way",
        "metadata": {
          "landuse": "cemetery",
          "name": "Makam Desa Banyuurip"
        }
      }
    },
    {
      "type": "Feature",
      "geometry": {
        "type": "Point",
        "coordinates": [
          111.9716004,
          -8.2014894
        ]
      },
      "properties": {
        "id": "osm:way:1101963217",
        "name": "Masjid & Mushola (Tanpa Nama)",
        "category": "Masjid & Mushola",
        "osm_id": 1101963217,
        "osm_type": "way",
        "metadata": {
          "amenity": "place_of_worship",
          "building": "mosque",
          "religion": "muslim"
        }
      }
    },
    {
      "type": "Feature",
      "geometry": {
        "type": "Point",
        "coordinates": [
          111.9838925,
          -8.1809244
        ]
      },
      "properties": {
        "id": "osm:way:1102256884",
        "name": "SMP Negeri 1 Kalidawir",
        "category": "Sekolah Menengah Pertama (SMP/MTs)",
        "osm_id": 1102256884,
        "osm_type": "way",
        "metadata": {
          "amenity": "school",
          "name": "SMP Negeri 1 Kalidawir"
        }
      }
    },
    {
      "type": "Feature",
      "geometry": {
        "type": "Point",
        "coordinates": [
          111.9829514,
          -8.1807828
        ]
      },
      "properties": {
        "id": "osm:way:1102256918",
        "name": "Lapangan Kalidawir",
        "category": "Fasilitas Olahraga",
        "osm_id": 1102256918,
        "osm_type": "way",
        "metadata": {
          "leisure": "pitch",
          "name": "Lapangan Kalidawir",
          "surface": "grass"
        }
      }
    },
    {
      "type": "Feature",
      "geometry": {
        "type": "Point",
        "coordinates": [
          111.9830222,
          -8.1814913
        ]
      },
      "properties": {
        "id": "osm:way:1102257092",
        "name": "SD Negeri 3 Kalidawir",
        "category": "Sekolah Dasar (SD/MI)",
        "osm_id": 1102257092,
        "osm_type": "way",
        "metadata": {
          "amenity": "school",
          "name": "SD Negeri 3 Kalidawir"
        }
      }
    },
    {
      "type": "Feature",
      "geometry": {
        "type": "Point",
        "coordinates": [
          111.9549009,
          -8.2296787
        ]
      },
      "properties": {
        "id": "osm:way:1102258173",
        "name": "SD Negeri Rejosari 1",
        "category": "Sekolah Dasar (SD/MI)",
        "osm_id": 1102258173,
        "osm_type": "way",
        "metadata": {
          "amenity": "school",
          "name": "SD Negeri Rejosari 1"
        }
      }
    },
    {
      "type": "Feature",
      "geometry": {
        "type": "Point",
        "coordinates": [
          111.9491261,
          -8.2346097
        ]
      },
      "properties": {
        "id": "osm:way:1102258539",
        "name": "Masjid & Mushola (Tanpa Nama)",
        "category": "Masjid & Mushola",
        "osm_id": 1102258539,
        "osm_type": "way",
        "metadata": {
          "amenity": "place_of_worship",
          "building": "yes",
          "religion": "muslim"
        }
      }
    },
    {
      "type": "Feature",
      "geometry": {
        "type": "Point",
        "coordinates": [
          111.9532828,
          -8.2319593
        ]
      },
      "properties": {
        "id": "osm:way:1102266405",
        "name": "MI Miftahul Ulum",
        "category": "Masjid & Mushola",
        "osm_id": 1102266405,
        "osm_type": "way",
        "metadata": {
          "amenity": "school",
          "name": "MI Miftahul Ulum"
        }
      }
    },
    {
      "type": "Feature",
      "geometry": {
        "type": "Point",
        "coordinates": [
          111.9621916,
          -8.2258896
        ]
      },
      "properties": {
        "id": "osm:way:1102267317",
        "name": "Masjid Miftahul Huda",
        "category": "Masjid & Mushola",
        "osm_id": 1102267317,
        "osm_type": "way",
        "metadata": {
          "amenity": "place_of_worship",
          "building": "yes",
          "name": "Masjid Miftahul Huda",
          "religion": "muslim"
        }
      }
    },
    {
      "type": "Feature",
      "geometry": {
        "type": "Point",
        "coordinates": [
          111.9540833,
          -8.2235511
        ]
      },
      "properties": {
        "id": "osm:way:1102267438",
        "name": "Mts Sunan Kalijogo",
        "category": "Sekolah Menengah Pertama (SMP/MTs)",
        "osm_id": 1102267438,
        "osm_type": "way",
        "metadata": {
          "amenity": "school",
          "name": "Mts Sunan Kalijogo"
        }
      }
    },
    {
      "type": "Feature",
      "geometry": {
        "type": "Point",
        "coordinates": [
          111.953793,
          -8.2234432
        ]
      },
      "properties": {
        "id": "osm:way:1102267508",
        "name": "Masjid & Mushola (Tanpa Nama)",
        "category": "Masjid & Mushola",
        "osm_id": 1102267508,
        "osm_type": "way",
        "metadata": {
          "amenity": "place_of_worship",
          "building": "yes",
          "religion": "muslim"
        }
      }
    },
    {
      "type": "Feature",
      "geometry": {
        "type": "Point",
        "coordinates": [
          111.9528334,
          -8.223372
        ]
      },
      "properties": {
        "id": "osm:way:1102267519",
        "name": "Masjid & Mushola (Tanpa Nama)",
        "category": "Masjid & Mushola",
        "osm_id": 1102267519,
        "osm_type": "way",
        "metadata": {
          "amenity": "place_of_worship",
          "building": "yes",
          "religion": "muslim"
        }
      }
    },
    {
      "type": "Feature",
      "geometry": {
        "type": "Point",
        "coordinates": [
          111.9536666,
          -8.2233328
        ]
      },
      "properties": {
        "id": "osm:way:1102267942",
        "name": "Putra Wijaya",
        "category": "Toko Retail (Umum)",
        "osm_id": 1102267942,
        "osm_type": "way",
        "metadata": {
          "building": "yes",
          "name": "Putra Wijaya",
          "shop": "yes"
        }
      }
    },
    {
      "type": "Feature",
      "geometry": {
        "type": "Point",
        "coordinates": [
          111.953635,
          -8.2231417
        ]
      },
      "properties": {
        "id": "osm:way:1102268018",
        "name": "Wina Fashion 2",
        "category": "Toko Retail (Umum)",
        "osm_id": 1102268018,
        "osm_type": "way",
        "metadata": {
          "building": "yes",
          "name": "Wina Fashion 2",
          "shop": "clothes"
        }
      }
    },
    {
      "type": "Feature",
      "geometry": {
        "type": "Point",
        "coordinates": [
          111.9514896,
          -8.2219386
        ]
      },
      "properties": {
        "id": "osm:way:1102268131",
        "name": "Masjid Roudhotul Ittihad",
        "category": "Masjid & Mushola",
        "osm_id": 1102268131,
        "osm_type": "way",
        "metadata": {
          "amenity": "place_of_worship",
          "building": "yes",
          "name": "Masjid Roudhotul Ittihad",
          "religion": "muslim"
        }
      }
    },
    {
      "type": "Feature",
      "geometry": {
        "type": "Point",
        "coordinates": [
          111.9449926,
          -8.2226971
        ]
      },
      "properties": {
        "id": "osm:way:1102268162",
        "name": "Masjid Jami Baitul Mu'min",
        "category": "Masjid & Mushola",
        "osm_id": 1102268162,
        "osm_type": "way",
        "metadata": {
          "amenity": "place_of_worship",
          "building": "yes",
          "name": "Masjid Jami Baitul Mu'min",
          "religion": "muslim"
        }
      }
    },
    {
      "type": "Feature",
      "geometry": {
        "type": "Point",
        "coordinates": [
          111.9386682,
          -8.2217945
        ]
      },
      "properties": {
        "id": "osm:way:1102268681",
        "name": "Masjid & Mushola (Tanpa Nama)",
        "category": "Masjid & Mushola",
        "osm_id": 1102268681,
        "osm_type": "way",
        "metadata": {
          "amenity": "place_of_worship",
          "building": "yes",
          "religion": "muslim"
        }
      }
    },
    {
      "type": "Feature",
      "geometry": {
        "type": "Point",
        "coordinates": [
          111.9386995,
          -8.2215128
        ]
      },
      "properties": {
        "id": "osm:way:1102268738",
        "name": "Toko Retail (Umum) (Tanpa Nama)",
        "category": "Toko Retail (Umum)",
        "osm_id": 1102268738,
        "osm_type": "way",
        "metadata": {
          "building": "yes",
          "shop": "kiosk"
        }
      }
    },
    {
      "type": "Feature",
      "geometry": {
        "type": "Point",
        "coordinates": [
          111.9384153,
          -8.2217738
        ]
      },
      "properties": {
        "id": "osm:way:1102268768",
        "name": "Balai Desa Kalibatur",
        "category": "Fasilitas Warga & Balai",
        "osm_id": 1102268768,
        "osm_type": "way",
        "metadata": {
          "amenity": "townhall",
          "building": "yes",
          "name": "Balai Desa Kalibatur"
        }
      }
    },
    {
      "type": "Feature",
      "geometry": {
        "type": "Point",
        "coordinates": [
          111.9441061,
          -8.2275052
        ]
      },
      "properties": {
        "id": "osm:way:1102269332",
        "name": "Masjid LDII Baitul A'la",
        "category": "Masjid & Mushola",
        "osm_id": 1102269332,
        "osm_type": "way",
        "metadata": {
          "amenity": "place_of_worship",
          "building": "yes",
          "name": "Masjid LDII Baitul A'la",
          "religion": "muslim"
        }
      }
    },
    {
      "type": "Feature",
      "geometry": {
        "type": "Point",
        "coordinates": [
          111.9451187,
          -8.2336884
        ]
      },
      "properties": {
        "id": "osm:way:1102269436",
        "name": "Masjid & Mushola (Tanpa Nama)",
        "category": "Masjid & Mushola",
        "osm_id": 1102269436,
        "osm_type": "way",
        "metadata": {
          "amenity": "place_of_worship",
          "building": "yes",
          "religion": "muslim"
        }
      }
    },
    {
      "type": "Feature",
      "geometry": {
        "type": "Point",
        "coordinates": [
          111.9437454,
          -8.2320764
        ]
      },
      "properties": {
        "id": "osm:way:1102269639",
        "name": "Masjid & Mushola (Tanpa Nama)",
        "category": "Masjid & Mushola",
        "osm_id": 1102269639,
        "osm_type": "way",
        "metadata": {
          "amenity": "place_of_worship",
          "building": "yes",
          "religion": "muslim"
        }
      }
    },
    {
      "type": "Feature",
      "geometry": {
        "type": "Point",
        "coordinates": [
          111.9702322,
          -8.1770284
        ]
      },
      "properties": {
        "id": "osm:way:1102347474",
        "name": "Lapangan Karangtalun",
        "category": "Fasilitas Olahraga",
        "osm_id": 1102347474,
        "osm_type": "way",
        "metadata": {
          "leisure": "pitch",
          "name": "Lapangan Karangtalun"
        }
      }
    },
    {
      "type": "Feature",
      "geometry": {
        "type": "Point",
        "coordinates": [
          111.9434436,
          -8.2430529
        ]
      },
      "properties": {
        "id": "osm:way:1102358456",
        "name": "Masjid & Mushola (Tanpa Nama)",
        "category": "Masjid & Mushola",
        "osm_id": 1102358456,
        "osm_type": "way",
        "metadata": {
          "amenity": "place_of_worship",
          "building": "yes",
          "religion": "muslim"
        }
      }
    },
    {
      "type": "Feature",
      "geometry": {
        "type": "Point",
        "coordinates": [
          111.9431862,
          -8.2421204
        ]
      },
      "properties": {
        "id": "osm:way:1102358658",
        "name": "Fasilitas Olahraga (Tanpa Nama)",
        "category": "Fasilitas Olahraga",
        "osm_id": 1102358658,
        "osm_type": "way",
        "metadata": {
          "leisure": "pitch"
        }
      }
    },
    {
      "type": "Feature",
      "geometry": {
        "type": "Point",
        "coordinates": [
          111.9446971,
          -8.2377306
        ]
      },
      "properties": {
        "id": "osm:way:1102392786",
        "name": "Masjid & Mushola (Tanpa Nama)",
        "category": "Masjid & Mushola",
        "osm_id": 1102392786,
        "osm_type": "way",
        "metadata": {
          "amenity": "place_of_worship",
          "building": "yes",
          "religion": "muslim"
        }
      }
    },
    {
      "type": "Feature",
      "geometry": {
        "type": "Point",
        "coordinates": [
          111.9441107,
          -8.239168
        ]
      },
      "properties": {
        "id": "osm:way:1102393216",
        "name": "Masjid & Mushola (Tanpa Nama)",
        "category": "Masjid & Mushola",
        "osm_id": 1102393216,
        "osm_type": "way",
        "metadata": {
          "amenity": "place_of_worship",
          "building": "yes",
          "religion": "muslim"
        }
      }
    },
    {
      "type": "Feature",
      "geometry": {
        "type": "Point",
        "coordinates": [
          111.944185,
          -8.2409346
        ]
      },
      "properties": {
        "id": "osm:way:1102393474",
        "name": "Masjid & Mushola (Tanpa Nama)",
        "category": "Masjid & Mushola",
        "osm_id": 1102393474,
        "osm_type": "way",
        "metadata": {
          "amenity": "place_of_worship",
          "building": "yes",
          "religion": "muslim"
        }
      }
    },
    {
      "type": "Feature",
      "geometry": {
        "type": "Point",
        "coordinates": [
          111.9405392,
          -8.2425466
        ]
      },
      "properties": {
        "id": "osm:way:1102393659",
        "name": "Masjid & Mushola (Tanpa Nama)",
        "category": "Masjid & Mushola",
        "osm_id": 1102393659,
        "osm_type": "way",
        "metadata": {
          "amenity": "place_of_worship",
          "building": "yes",
          "religion": "muslim"
        }
      }
    },
    {
      "type": "Feature",
      "geometry": {
        "type": "Point",
        "coordinates": [
          111.9467542,
          -8.2337116
        ]
      },
      "properties": {
        "id": "osm:way:1102397465",
        "name": "Minimarket (Tanpa Nama)",
        "category": "Minimarket",
        "osm_id": 1102397465,
        "osm_type": "way",
        "metadata": {
          "building": "yes",
          "shop": "convenience"
        }
      }
    },
    {
      "type": "Feature",
      "geometry": {
        "type": "Point",
        "coordinates": [
          111.9576668,
          -8.2264288
        ]
      },
      "properties": {
        "id": "osm:way:1102403071",
        "name": "Toko Retail (Umum) (Tanpa Nama)",
        "category": "Toko Retail (Umum)",
        "osm_id": 1102403071,
        "osm_type": "way",
        "metadata": {
          "building": "yes",
          "shop": "stationery"
        }
      }
    },
    {
      "type": "Feature",
      "geometry": {
        "type": "Point",
        "coordinates": [
          111.9624136,
          -8.2259065
        ]
      },
      "properties": {
        "id": "osm:way:1102403073",
        "name": "Toko Retail (Umum) (Tanpa Nama)",
        "category": "Toko Retail (Umum)",
        "osm_id": 1102403073,
        "osm_type": "way",
        "metadata": {
          "building": "yes",
          "shop": "stationery"
        }
      }
    },
    {
      "type": "Feature",
      "geometry": {
        "type": "Point",
        "coordinates": [
          111.9708303,
          -8.1801605
        ]
      },
      "properties": {
        "id": "osm:way:1102403075",
        "name": "Masjid & Mushola (Tanpa Nama)",
        "category": "Masjid & Mushola",
        "osm_id": 1102403075,
        "osm_type": "way",
        "metadata": {
          "amenity": "place_of_worship",
          "building": "yes",
          "religion": "muslim"
        }
      }
    },
    {
      "type": "Feature",
      "geometry": {
        "type": "Point",
        "coordinates": [
          111.942292,
          -8.2449798
        ]
      },
      "properties": {
        "id": "osm:way:1102407299",
        "name": "Pemakaman (Tanpa Nama)",
        "category": "Pemakaman",
        "osm_id": 1102407299,
        "osm_type": "way",
        "metadata": {
          "landuse": "cemetery"
        }
      }
    },
    {
      "type": "Feature",
      "geometry": {
        "type": "Point",
        "coordinates": [
          111.9439939,
          -8.2311637
        ]
      },
      "properties": {
        "id": "osm:way:1102409448",
        "name": "Minimarket (Tanpa Nama)",
        "category": "Minimarket",
        "osm_id": 1102409448,
        "osm_type": "way",
        "metadata": {
          "building": "yes",
          "shop": "convenience"
        }
      }
    },
    {
      "type": "Feature",
      "geometry": {
        "type": "Point",
        "coordinates": [
          111.9430827,
          -8.2307238
        ]
      },
      "properties": {
        "id": "osm:way:1102409449",
        "name": "Minimarket (Tanpa Nama)",
        "category": "Minimarket",
        "osm_id": 1102409449,
        "osm_type": "way",
        "metadata": {
          "building": "yes",
          "shop": "convenience"
        }
      }
    },
    {
      "type": "Feature",
      "geometry": {
        "type": "Point",
        "coordinates": [
          111.9460166,
          -8.2322488
        ]
      },
      "properties": {
        "id": "osm:way:1102409450",
        "name": "Minimarket (Tanpa Nama)",
        "category": "Minimarket",
        "osm_id": 1102409450,
        "osm_type": "way",
        "metadata": {
          "building": "yes",
          "shop": "convenience"
        }
      }
    },
    {
      "type": "Feature",
      "geometry": {
        "type": "Point",
        "coordinates": [
          111.9486794,
          -8.2363226
        ]
      },
      "properties": {
        "id": "osm:way:1102409451",
        "name": "Minimarket (Tanpa Nama)",
        "category": "Minimarket",
        "osm_id": 1102409451,
        "osm_type": "way",
        "metadata": {
          "building": "yes",
          "shop": "convenience"
        }
      }
    },
    {
      "type": "Feature",
      "geometry": {
        "type": "Point",
        "coordinates": [
          111.9559593,
          -8.23474
        ]
      },
      "properties": {
        "id": "osm:way:1102490036",
        "name": "Toko Retail (Umum) (Tanpa Nama)",
        "category": "Toko Retail (Umum)",
        "osm_id": 1102490036,
        "osm_type": "way",
        "metadata": {
          "building": "yes",
          "shop": "yes"
        }
      }
    },
    {
      "type": "Feature",
      "geometry": {
        "type": "Point",
        "coordinates": [
          111.9557678,
          -8.2347612
        ]
      },
      "properties": {
        "id": "osm:way:1102490037",
        "name": "Minimarket (Tanpa Nama)",
        "category": "Minimarket",
        "osm_id": 1102490037,
        "osm_type": "way",
        "metadata": {
          "building": "yes",
          "shop": "convenience"
        }
      }
    },
    {
      "type": "Feature",
      "geometry": {
        "type": "Point",
        "coordinates": [
          111.9549334,
          -8.2362617
        ]
      },
      "properties": {
        "id": "osm:way:1102490038",
        "name": "Toko Retail (Umum) (Tanpa Nama)",
        "category": "Toko Retail (Umum)",
        "osm_id": 1102490038,
        "osm_type": "way",
        "metadata": {
          "building": "yes",
          "shop": "clothes"
        }
      }
    },
    {
      "type": "Feature",
      "geometry": {
        "type": "Point",
        "coordinates": [
          111.955294,
          -8.2291614
        ]
      },
      "properties": {
        "id": "osm:way:1102490039",
        "name": "Toko Retail (Umum) (Tanpa Nama)",
        "category": "Toko Retail (Umum)",
        "osm_id": 1102490039,
        "osm_type": "way",
        "metadata": {
          "building": "yes",
          "shop": "yes"
        }
      }
    },
    {
      "type": "Feature",
      "geometry": {
        "type": "Point",
        "coordinates": [
          111.9506887,
          -8.2315951
        ]
      },
      "properties": {
        "id": "osm:way:1102490040",
        "name": "Masjid & Mushola (Tanpa Nama)",
        "category": "Masjid & Mushola",
        "osm_id": 1102490040,
        "osm_type": "way",
        "metadata": {
          "amenity": "place_of_worship",
          "building": "yes",
          "religion": "muslim"
        }
      }
    },
    {
      "type": "Feature",
      "geometry": {
        "type": "Point",
        "coordinates": [
          111.9009049,
          -8.0453757
        ]
      },
      "properties": {
        "id": "osm:way:1102490197",
        "name": "Lapangan Bola Volly Desa Winong",
        "category": "Fasilitas Olahraga",
        "osm_id": 1102490197,
        "osm_type": "way",
        "metadata": {
          "access": "yes",
          "leisure": "pitch",
          "lit": "no",
          "name": "Lapangan Bola Volly Desa Winong",
          "sport": "volleyball",
          "surface": "ground"
        }
      }
    },
    {
      "type": "Feature",
      "geometry": {
        "type": "Point",
        "coordinates": [
          111.9006347,
          -8.0447524
        ]
      },
      "properties": {
        "id": "osm:way:1103048773",
        "name": "Pemakaman (Tanpa Nama)",
        "category": "Pemakaman",
        "osm_id": 1103048773,
        "osm_type": "way",
        "metadata": {
          "addr:city": "Tulungagung",
          "addr:postcode": "66229",
          "addr:street": "KH Ahmad Dahlan Desa Winong",
          "amenity": "grave_yard",
          "description": "makam sentono dalem",
          "religion": "muslim"
        }
      }
    },
    {
      "type": "Feature",
      "geometry": {
        "type": "Point",
        "coordinates": [
          111.9010794,
          -8.0438512
        ]
      },
      "properties": {
        "id": "osm:way:1103049888",
        "name": "Indomaret",
        "category": "Minimarket",
        "osm_id": 1103049888,
        "osm_type": "way",
        "metadata": {
          "air_conditioning": "yes",
          "brand": "Indomaret",
          "brand:wikidata": "Q4262825",
          "brand:wikipedia": "id:Indomaret",
          "building": "yes",
          "name": "Indomaret",
          "name:en": "Indomaret",
          "name:id": "Indomaret",
          "name:ja": "インドマレット",
          "operator": "PT. Indomarco Prismatama",
          "shop": "convenience",
          "toilets": "yes",
          "toilets:access": "permissive",
          "website": "https://www.klikindomaret.com"
        }
      }
    },
    {
      "type": "Feature",
      "geometry": {
        "type": "Point",
        "coordinates": [
          111.8999855,
          -8.0463401
        ]
      },
      "properties": {
        "id": "osm:way:1103049889",
        "name": "Alfamart",
        "category": "Minimarket",
        "osm_id": 1103049889,
        "osm_type": "way",
        "metadata": {
          "brand": "Alfamart",
          "brand:wikidata": "Q23745600",
          "building": "yes",
          "name": "Alfamart",
          "operator": "PT Sumber Alfaria Trijaya,Tbk",
          "shop": "convenience",
          "toilets": "yes",
          "toilets:access": "permissive",
          "toilets:unisex": "yes",
          "website": "https://alfamart.co.id"
        }
      }
    },
    {
      "type": "Feature",
      "geometry": {
        "type": "Point",
        "coordinates": [
          111.9007572,
          -8.0438801
        ]
      },
      "properties": {
        "id": "osm:way:1103049890",
        "name": "Pertashop Winong",
        "category": "Lainnya",
        "osm_id": 1103049890,
        "osm_type": "way",
        "metadata": {
          "amenity": "fuel",
          "brand": "Pertamina",
          "brand:wikidata": "Q1641044",
          "name": "Pertashop Winong"
        }
      }
    },
    {
      "type": "Feature",
      "geometry": {
        "type": "Point",
        "coordinates": [
          111.8979766,
          -8.0428423
        ]
      },
      "properties": {
        "id": "osm:way:1103051029",
        "name": "Agrowisata Edukasi Sayur WINONG ASRI",
        "category": "Taman Kota / Terbuka",
        "osm_id": 1103051029,
        "osm_type": "way",
        "metadata": {
          "garden:type": "agrowisata_edukasi_sayur",
          "leisure": "garden",
          "name": "Agrowisata Edukasi Sayur WINONG ASRI"
        }
      }
    },
    {
      "type": "Feature",
      "geometry": {
        "type": "Point",
        "coordinates": [
          111.9967968,
          -7.8654307
        ]
      },
      "properties": {
        "id": "osm:way:1110005562",
        "name": "Tempat Ibadah (Lainnya) (Tanpa Nama)",
        "category": "Tempat Ibadah (Lainnya)",
        "osm_id": 1110005562,
        "osm_type": "way",
        "metadata": {
          "amenity": "place_of_worship",
          "building": "yes"
        }
      }
    },
    {
      "type": "Feature",
      "geometry": {
        "type": "Point",
        "coordinates": [
          112.1440815,
          -8.141597
        ]
      },
      "properties": {
        "id": "osm:way:1112817370",
        "name": "Lapangan Kademangan",
        "category": "Fasilitas Olahraga",
        "osm_id": 1112817370,
        "osm_type": "way",
        "metadata": {
          "leisure": "pitch",
          "name": "Lapangan Kademangan",
          "sport": "soccer",
          "surface": "grass"
        }
      }
    },
    {
      "type": "Feature",
      "geometry": {
        "type": "Point",
        "coordinates": [
          112.1389794,
          -8.1423105
        ]
      },
      "properties": {
        "id": "osm:way:1115082207",
        "name": "SMK Kademangan",
        "category": "Sekolah Menengah Atas (SMA/SMK/MA)",
        "osm_id": 1115082207,
        "osm_type": "way",
        "metadata": {
          "amenity": "school",
          "name": "SMK Kademangan"
        }
      }
    },
    {
      "type": "Feature",
      "geometry": {
        "type": "Point",
        "coordinates": [
          111.8965697,
          -8.1023072
        ]
      },
      "properties": {
        "id": "osm:way:1124765992",
        "name": "Museum Wajakensis Tulungagung",
        "category": "Lainnya",
        "osm_id": 1124765992,
        "osm_type": "way",
        "metadata": {
          "addr:city": "Tulungagung",
          "addr:street": "Jalan Ki Mangun Sarkoro",
          "building": "yes",
          "museum": "archaeological",
          "name": "Museum Wajakensis Tulungagung",
          "operator": "Pemerintah Kota Tulungagung",
          "operator:type": "government",
          "tactile_paving": "no",
          "tourism": "museum",
          "wheelchair": "no",
          "wikidata": "Q115862660"
        }
      }
    },
    {
      "type": "Feature",
      "geometry": {
        "type": "Point",
        "coordinates": [
          111.8950498,
          -8.0719501
        ]
      },
      "properties": {
        "id": "osm:way:1130922147",
        "name": "Galeri Sherly",
        "category": "Toko Retail (Umum)",
        "osm_id": 1130922147,
        "osm_type": "way",
        "metadata": {
          "addr:city": "Karangwaru",
          "addr:housenumber": "9",
          "addr:postcode": "66217",
          "addr:street": "Jalan Yos Sudarso Gang 2",
          "building": "house",
          "building:levels": "2",
          "name": "Galeri Sherly",
          "opening_hours": "sunrise-sunset",
          "operator": "Deltaweb",
          "payment:cash": "yes",
          "payment:cryptocurrencies": "yes",
          "payment:mastercard": "yes",
          "payment:paypal": "yes",
          "payment:visa": "yes",
          "shop": "wholesale",
          "wholesale": "general"
        }
      }
    },
    {
      "type": "Feature",
      "geometry": {
        "type": "Point",
        "coordinates": [
          111.9006641,
          -8.0706709
        ]
      },
      "properties": {
        "id": "osm:way:1130929827",
        "name": "Masjid & Mushola (Tanpa Nama)",
        "category": "Masjid & Mushola",
        "osm_id": 1130929827,
        "osm_type": "way",
        "metadata": {
          "amenity": "place_of_worship",
          "building": "yes",
          "religion": "muslim"
        }
      }
    },
    {
      "type": "Feature",
      "geometry": {
        "type": "Point",
        "coordinates": [
          111.8952716,
          -8.0719605
        ]
      },
      "properties": {
        "id": "osm:way:1130939278",
        "name": "Makam Mbah Kumbang",
        "category": "Toko Retail (Umum)",
        "osm_id": 1130939278,
        "osm_type": "way",
        "metadata": {
          "addr:street": "Jalan Yos Sudarso Gang 2",
          "building": "yes",
          "name": "Makam Mbah Kumbang",
          "operator": "Deltaweb",
          "religion": "muslim",
          "shop": "funeral_directors"
        }
      }
    },
    {
      "type": "Feature",
      "geometry": {
        "type": "Point",
        "coordinates": [
          112.044333,
          -7.881929
        ]
      },
      "properties": {
        "id": "osm:way:1131533594",
        "name": "Masjid Desa Ngreco",
        "category": "Masjid & Mushola",
        "osm_id": 1131533594,
        "osm_type": "way",
        "metadata": {
          "amenity": "place_of_worship",
          "building": "yes",
          "name": "Masjid Desa Ngreco",
          "religion": "muslim"
        }
      }
    },
    {
      "type": "Feature",
      "geometry": {
        "type": "Point",
        "coordinates": [
          111.8971294,
          -8.119313
        ]
      },
      "properties": {
        "id": "osm:way:1133607255",
        "name": "Masjid LDII Boyolangu",
        "category": "Masjid & Mushola",
        "osm_id": 1133607255,
        "osm_type": "way",
        "metadata": {
          "amenity": "place_of_worship",
          "building": "yes",
          "denomination": "ldii",
          "name": "Masjid LDII Boyolangu",
          "religion": "muslim"
        }
      }
    },
    {
      "type": "Feature",
      "geometry": {
        "type": "Point",
        "coordinates": [
          111.8866454,
          -8.1160566
        ]
      },
      "properties": {
        "id": "osm:way:1133607595",
        "name": "Tempat Pemakaman Umum Boyolangu",
        "category": "Pemakaman",
        "osm_id": 1133607595,
        "osm_type": "way",
        "metadata": {
          "landuse": "cemetery",
          "name": "Tempat Pemakaman Umum Boyolangu",
          "religion": "muslim"
        }
      }
    },
    {
      "type": "Feature",
      "geometry": {
        "type": "Point",
        "coordinates": [
          111.8958009,
          -8.0653805
        ]
      },
      "properties": {
        "id": "osm:way:1133952989",
        "name": "Indomaret",
        "category": "Minimarket",
        "osm_id": 1133952989,
        "osm_type": "way",
        "metadata": {
          "air_conditioning": "yes",
          "brand": "Indomaret",
          "brand:wikidata": "Q4262825",
          "brand:wikipedia": "id:Indomaret",
          "building": "yes",
          "name": "Indomaret",
          "name:en": "Indomaret",
          "name:id": "Indomaret",
          "name:ja": "インドマレット",
          "operator": "PT. Indomarco Prismatama",
          "shop": "convenience",
          "toilets": "yes",
          "toilets:access": "permissive",
          "website": "https://www.klikindomaret.com"
        }
      }
    },
    {
      "type": "Feature",
      "geometry": {
        "type": "Point",
        "coordinates": [
          111.8960911,
          -8.072115
        ]
      },
      "properties": {
        "id": "osm:way:1133954182",
        "name": "Masjid & Mushola (Tanpa Nama)",
        "category": "Masjid & Mushola",
        "osm_id": 1133954182,
        "osm_type": "way",
        "metadata": {
          "amenity": "place_of_worship",
          "building": "yes",
          "religion": "muslim"
        }
      }
    },
    {
      "type": "Feature",
      "geometry": {
        "type": "Point",
        "coordinates": [
          111.9004544,
          -8.0756074
        ]
      },
      "properties": {
        "id": "osm:way:1133954431",
        "name": "Pasar Tamanan",
        "category": "Pasar Tradisional",
        "osm_id": 1133954431,
        "osm_type": "way",
        "metadata": {
          "amenity": "marketplace",
          "name": "Pasar Tamanan",
          "operator": "Deltaweb"
        }
      }
    },
    {
      "type": "Feature",
      "geometry": {
        "type": "Point",
        "coordinates": [
          111.900529,
          -8.0750811
        ]
      },
      "properties": {
        "id": "osm:way:1133954474",
        "name": "Pasar Tamanan",
        "category": "Pasar Tradisional",
        "osm_id": 1133954474,
        "osm_type": "way",
        "metadata": {
          "amenity": "marketplace",
          "name": "Pasar Tamanan"
        }
      }
    },
    {
      "type": "Feature",
      "geometry": {
        "type": "Point",
        "coordinates": [
          111.9041537,
          -8.1201156
        ]
      },
      "properties": {
        "id": "osm:way:1133991733",
        "name": "LDII PAC Pucung Kidul",
        "category": "Masjid & Mushola",
        "osm_id": 1133991733,
        "osm_type": "way",
        "metadata": {
          "amenity": "place_of_worship",
          "building": "yes",
          "name": "LDII PAC Pucung Kidul",
          "religion": "muslim"
        }
      }
    },
    {
      "type": "Feature",
      "geometry": {
        "type": "Point",
        "coordinates": [
          111.9151512,
          -8.128996
        ]
      },
      "properties": {
        "id": "osm:way:1133993149",
        "name": "TPU Pucung Kidul",
        "category": "Pemakaman",
        "osm_id": 1133993149,
        "osm_type": "way",
        "metadata": {
          "landuse": "cemetery",
          "name": "TPU Pucung Kidul",
          "religion": "muslim"
        }
      }
    },
    {
      "type": "Feature",
      "geometry": {
        "type": "Point",
        "coordinates": [
          111.9157866,
          -8.1211213
        ]
      },
      "properties": {
        "id": "osm:way:1133993478",
        "name": "Masjid Desa LDII Sanggrahan",
        "category": "Masjid & Mushola",
        "osm_id": 1133993478,
        "osm_type": "way",
        "metadata": {
          "addr:city": "Sanggrahan",
          "amenity": "place_of_worship",
          "building": "yes",
          "name": "Masjid Desa LDII Sanggrahan",
          "religion": "muslim"
        }
      }
    },
    {
      "type": "Feature",
      "geometry": {
        "type": "Point",
        "coordinates": [
          111.8934855,
          -8.1289614
        ]
      },
      "properties": {
        "id": "osm:way:1133995180",
        "name": "Lapangan Tanggung",
        "category": "Fasilitas Olahraga",
        "osm_id": 1133995180,
        "osm_type": "way",
        "metadata": {
          "access": "permissive",
          "leisure": "pitch",
          "name": "Lapangan Tanggung",
          "sport": "soccer"
        }
      }
    },
    {
      "type": "Feature",
      "geometry": {
        "type": "Point",
        "coordinates": [
          111.8805077,
          -8.1279014
        ]
      },
      "properties": {
        "id": "osm:way:1133995455",
        "name": "Kuburan Angker",
        "category": "Pemakaman",
        "osm_id": 1133995455,
        "osm_type": "way",
        "metadata": {
          "landuse": "cemetery",
          "name": "Kuburan Angker"
        }
      }
    },
    {
      "type": "Feature",
      "geometry": {
        "type": "Point",
        "coordinates": [
          111.8809335,
          -8.1168807
        ]
      },
      "properties": {
        "id": "osm:way:1133995849",
        "name": "Masjid Kendalbulur",
        "category": "Masjid & Mushola",
        "osm_id": 1133995849,
        "osm_type": "way",
        "metadata": {
          "amenity": "place_of_worship",
          "building": "yes",
          "name": "Masjid Kendalbulur",
          "religion": "muslim"
        }
      }
    },
    {
      "type": "Feature",
      "geometry": {
        "type": "Point",
        "coordinates": [
          111.9203534,
          -8.1125645
        ]
      },
      "properties": {
        "id": "osm:way:1133996085",
        "name": "Kuburan Sanggrahan",
        "category": "Pemakaman",
        "osm_id": 1133996085,
        "osm_type": "way",
        "metadata": {
          "landuse": "cemetery",
          "name": "Kuburan Sanggrahan"
        }
      }
    },
    {
      "type": "Feature",
      "geometry": {
        "type": "Point",
        "coordinates": [
          111.8947627,
          -8.0636309
        ]
      },
      "properties": {
        "id": "osm:way:1135865080",
        "name": "TPU Kutoanyar",
        "category": "Pemakaman",
        "osm_id": 1135865080,
        "osm_type": "way",
        "metadata": {
          "landuse": "cemetery",
          "name": "TPU Kutoanyar",
          "religion": "muslim"
        }
      }
    },
    {
      "type": "Feature",
      "geometry": {
        "type": "Point",
        "coordinates": [
          111.8981432,
          -8.0664905
        ]
      },
      "properties": {
        "id": "osm:way:1135865399",
        "name": "Masjid Menara",
        "category": "Masjid & Mushola",
        "osm_id": 1135865399,
        "osm_type": "way",
        "metadata": {
          "amenity": "place_of_worship",
          "building": "yes",
          "name": "Masjid Menara",
          "religion": "muslim"
        }
      }
    },
    {
      "type": "Feature",
      "geometry": {
        "type": "Point",
        "coordinates": [
          111.9032387,
          -8.1190642
        ]
      },
      "properties": {
        "id": "osm:way:1135867034",
        "name": "Masjid & Mushola (Tanpa Nama)",
        "category": "Masjid & Mushola",
        "osm_id": 1135867034,
        "osm_type": "way",
        "metadata": {
          "amenity": "place_of_worship",
          "building": "yes",
          "religion": "muslim"
        }
      }
    },
    {
      "type": "Feature",
      "geometry": {
        "type": "Point",
        "coordinates": [
          112.1687064,
          -8.0931106
        ]
      },
      "properties": {
        "id": "osm:way:1145130556",
        "name": "Fasilitas Olahraga (Tanpa Nama)",
        "category": "Fasilitas Olahraga",
        "osm_id": 1145130556,
        "osm_type": "way",
        "metadata": {
          "leisure": "pitch",
          "sport": "soccer"
        }
      }
    },
    {
      "type": "Feature",
      "geometry": {
        "type": "Point",
        "coordinates": [
          112.0151474,
          -8.1275047
        ]
      },
      "properties": {
        "id": "osm:way:1159800569",
        "name": "SPBU Pertamina 54.662.14",
        "category": "SPBU / Stasiun Pengisian Bahan Bakar",
        "osm_id": 1159800569,
        "osm_type": "way",
        "metadata": {
          "addr:city": "Kabupaten Tulungagung",
          "addr:postcode": "66292",
          "addr:street": "Jl. Demuk No.37, Kalangan, Kec. Ngunut, Kabupaten Tulungagung, Jawa Timur 66292",
          "amenity": "fuel",
          "brand": "Pertamina",
          "building": "yes",
          "fuel:biodiesel": "yes",
          "fuel:diesel": "yes",
          "fuel:octane_90": "yes",
          "fuel:octane_92": "yes",
          "name": "SPBU Pertamina 54.662.14",
          "self_service": "no",
          "source": "microsoft/BuildingFootprints"
        }
      }
    },
    {
      "type": "Feature",
      "geometry": {
        "type": "Point",
        "coordinates": [
          111.9525388,
          -8.1159194
        ]
      },
      "properties": {
        "id": "osm:way:1161237336",
        "name": "SPBU Pertamina 54.662.28 Podorejo",
        "category": "SPBU / Stasiun Pengisian Bahan Bakar",
        "osm_id": 1161237336,
        "osm_type": "way",
        "metadata": {
          "addr:city": "Tulungagung",
          "addr:postcode": "66291",
          "addr:street": "Jl. Raya Podorejo",
          "amenity": "fuel",
          "brand": "Pertamina",
          "building": "yes",
          "fuel:diesel": "yes",
          "fuel:pertalite": "yes",
          "fuel:pertamax": "yes",
          "fuel:pertamax_plus": "yes",
          "fuel:premium": "yes",
          "fuel:solar": "yes",
          "name": "SPBU Pertamina 54.662.28 Podorejo",
          "self_service": "no",
          "source": "microsoft/BuildingFootprints;aerial imagery"
        }
      }
    },
    {
      "type": "Feature",
      "geometry": {
        "type": "Point",
        "coordinates": [
          111.9020631,
          -8.1196902
        ]
      },
      "properties": {
        "id": "osm:way:1161275356",
        "name": "SDN 1 Pucungkidul",
        "category": "Sekolah Dasar (SD/MI)",
        "osm_id": 1161275356,
        "osm_type": "way",
        "metadata": {
          "amenity": "school",
          "building": "yes",
          "grades": "1-6",
          "name": "SDN 1 Pucungkidul",
          "name:en": "State Elementary School Pucungkidul",
          "name:id": "SDN 1 Pucungkidul",
          "operator:type": "public",
          "religion": "none",
          "source": "microsoft/BuildingFootprints",
          "wheelchair": "yes"
        }
      }
    },
    {
      "type": "Feature",
      "geometry": {
        "type": "Point",
        "coordinates": [
          111.9021313,
          -8.1200269
        ]
      },
      "properties": {
        "id": "osm:way:1161275411",
        "name": "SDN 1 Pucungkidul",
        "category": "Sekolah Dasar (SD/MI)",
        "osm_id": 1161275411,
        "osm_type": "way",
        "metadata": {
          "amenity": "school",
          "building": "yes",
          "grades": "1-6",
          "name": "SDN 1 Pucungkidul",
          "name:en": "State Elementary School Pucungkidul",
          "name:id": "SDN 1 Pucungkidul",
          "religion": "none",
          "source": "microsoft/BuildingFootprints"
        }
      }
    },
    {
      "type": "Feature",
      "geometry": {
        "type": "Point",
        "coordinates": [
          111.9020958,
          -8.1223591
        ]
      },
      "properties": {
        "id": "osm:way:1161280665",
        "name": "TK Plus Al Ikhlas",
        "category": "Taman Kanak-Kanak / PAUD",
        "osm_id": 1161280665,
        "osm_type": "way",
        "metadata": {
          "amenity": "kindergarten",
          "building": "yes",
          "name": "TK Plus Al Ikhlas",
          "preschool": "yes",
          "source": "microsoft/BuildingFootprints"
        }
      }
    },
    {
      "type": "Feature",
      "geometry": {
        "type": "Point",
        "coordinates": [
          111.8996626,
          -8.0912763
        ]
      },
      "properties": {
        "id": "osm:way:1161545647",
        "name": "SPBU Pertamina 54.662.16",
        "category": "SPBU / Stasiun Pengisian Bahan Bakar",
        "osm_id": 1161545647,
        "osm_type": "way",
        "metadata": {
          "addr:city": "Kabupaten Tulungagung",
          "addr:postcode": "66233",
          "addr:street": "Jl. Ki Mangun Sarkoro No.7-15, Ngreco, Jepun, Kec. Tulungagung, Kabupaten Tulungagung, Jawa Timur 66233",
          "amenity": "fuel",
          "brand": "Pertamina",
          "building": "yes",
          "fuel:biodiesel": "yes",
          "fuel:diesel": "yes",
          "fuel:octane_90": "yes",
          "fuel:octane_92": "yes",
          "name": "SPBU Pertamina 54.662.16",
          "opening_hours": "18 hours",
          "source": "microsoft/BuildingFootprints;aerial imagery"
        }
      }
    },
    {
      "type": "Feature",
      "geometry": {
        "type": "Point",
        "coordinates": [
          111.9601779,
          -8.1356831
        ]
      },
      "properties": {
        "id": "osm:way:1161552945",
        "name": "SPBU Pertamina 54.662.18",
        "category": "SPBU / Stasiun Pengisian Bahan Bakar",
        "osm_id": 1161552945,
        "osm_type": "way",
        "metadata": {
          "addr:city": "Tulungagung Regency",
          "addr:postcode": "66291",
          "addr:street": "Duwet, Wates, Sumbergempol, Tulungagung Regency, East Java 66291",
          "amenity": "fuel",
          "brand": "Pertamina",
          "building": "yes",
          "fuel:biodiesel": "yes",
          "fuel:diesel": "yes",
          "fuel:octane_90": "yes",
          "fuel:octane_92": "yes",
          "name": "SPBU Pertamina 54.662.18",
          "self_service": "no",
          "source": "microsoft/BuildingFootprints;aerial imagery"
        }
      }
    },
    {
      "type": "Feature",
      "geometry": {
        "type": "Point",
        "coordinates": [
          112.1280665,
          -8.1441027
        ]
      },
      "properties": {
        "id": "osm:way:1161976506",
        "name": "Msjid Baitul Muttagin",
        "category": "Masjid & Mushola",
        "osm_id": 1161976506,
        "osm_type": "way",
        "metadata": {
          "addr:district": "Blitar",
          "addr:postcode": "66161",
          "addr:province": "Jawa Timur",
          "addr:subdistrict": "Kademangan",
          "addr:village": "Jimbe",
          "amenity": "place_of_worship",
          "building": "yes",
          "name": "Msjid Baitul Muttagin",
          "opening_hours": "24/7",
          "religion": "muslim",
          "source": "microsoft/BuildingFootprints"
        }
      }
    },
    {
      "type": "Feature",
      "geometry": {
        "type": "Point",
        "coordinates": [
          112.13319,
          -8.1482835
        ]
      },
      "properties": {
        "id": "osm:way:1162301242",
        "name": "Masjid Baitus Sholikhin",
        "category": "Masjid & Mushola",
        "osm_id": 1162301242,
        "osm_type": "way",
        "metadata": {
          "addr:country": "ID",
          "addr:district": "Blitar",
          "addr:hamlet": "Precet",
          "addr:postcode": "66161",
          "addr:province": "Jawa Timur",
          "addr:subdistrict": "Kademangan",
          "addr:village": "Kademangan",
          "amenity": "place_of_worship",
          "building": "yes",
          "name": "Masjid Baitus Sholikhin",
          "religion": "muslim",
          "source": "microsoft/BuildingFootprints"
        }
      }
    },
    {
      "type": "Feature",
      "geometry": {
        "type": "Point",
        "coordinates": [
          112.1347844,
          -8.1523617
        ]
      },
      "properties": {
        "id": "osm:way:1162308929",
        "name": "Masjid Baitul Mujahiddin",
        "category": "Masjid & Mushola",
        "osm_id": 1162308929,
        "osm_type": "way",
        "metadata": {
          "addr:country": "ID",
          "addr:district": "Blitar",
          "addr:full": "Jl. raya Tenggong Plumpungrejo Kec. Kademangan Kabupaten Blitar Jawa Timur 66161",
          "addr:hamlet": "Tenggong",
          "addr:postcode": "66161",
          "addr:province": "Jawa Timur",
          "addr:subdistrict": "Kademangan",
          "addr:village": "Plumpungrejo",
          "amenity": "place_of_worship",
          "building": "yes",
          "name": "Masjid Baitul Mujahiddin",
          "religion": "muslim",
          "source": "microsoft/BuildingFootprints"
        }
      }
    },
    {
      "type": "Feature",
      "geometry": {
        "type": "Point",
        "coordinates": [
          112.1442842,
          -8.1463499
        ]
      },
      "properties": {
        "id": "osm:way:1162313994",
        "name": "Kantor Desa Kademangan",
        "category": "Layanan Pemerintahan",
        "osm_id": 1162313994,
        "osm_type": "way",
        "metadata": {
          "admin_level": "7",
          "amenity": "townhall",
          "building": "yes",
          "government": "administrative",
          "name": "Kantor Desa Kademangan",
          "office": "government",
          "source": "microsoft/BuildingFootprints"
        }
      }
    },
    {
      "type": "Feature",
      "geometry": {
        "type": "Point",
        "coordinates": [
          112.1427751,
          -8.1469882
        ]
      },
      "properties": {
        "id": "osm:way:1162314022",
        "name": "Masjid Jami At-Taqwa",
        "category": "Masjid & Mushola",
        "osm_id": 1162314022,
        "osm_type": "way",
        "metadata": {
          "addr:country": "ID",
          "addr:district": "Blitar",
          "addr:postcode": "66161",
          "addr:province": "Jawa Timur",
          "addr:street": "Jl. Raya Trisula",
          "addr:subdistrict": "Kademangan",
          "addr:village": "Kademangan",
          "amenity": "place_of_worship",
          "building": "yes",
          "name": "Masjid Jami At-Taqwa",
          "religion": "muslim",
          "source": "microsoft/BuildingFootprints"
        }
      }
    },
    {
      "type": "Feature",
      "geometry": {
        "type": "Point",
        "coordinates": [
          112.136861,
          -8.1371034
        ]
      },
      "properties": {
        "id": "osm:way:1162315349",
        "name": "Masjid Baitul Muttaqin",
        "category": "Masjid & Mushola",
        "osm_id": 1162315349,
        "osm_type": "way",
        "metadata": {
          "addr:country": "ID",
          "addr:district": "Blitar",
          "addr:hamlet": "Kayen",
          "addr:postcode": "66161",
          "addr:province": "Jawa Timur",
          "addr:subdistrict": "Kademangan",
          "addr:village": "Kademangan",
          "amenity": "place_of_worship",
          "building": "yes",
          "name": "Masjid Baitul Muttaqin",
          "religion": "muslim",
          "source": "microsoft/BuildingFootprints"
        }
      }
    },
    {
      "type": "Feature",
      "geometry": {
        "type": "Point",
        "coordinates": [
          112.1446284,
          -8.1424485
        ]
      },
      "properties": {
        "id": "osm:way:1162333796",
        "name": "Joy Swalayan",
        "category": "Supermarket",
        "osm_id": 1162333796,
        "osm_type": "way",
        "metadata": {
          "addr:district": "Blitar",
          "addr:full": "Jl.Trisula Kademangan Blitar",
          "addr:postcode": "66161",
          "addr:province": "Jawa Timur",
          "addr:street": "Jl.Trisula",
          "addr:subdistrict": "Kademangan",
          "addr:village": "Kademangan",
          "building": "yes",
          "name": "Joy Swalayan",
          "opening_hours": "Mo-Su 06:00-22:00",
          "payment:cash": "yes",
          "payment:debit_cards": "yes",
          "payment:gpn_debit": "yes",
          "payment:maestro": "yes",
          "shop": "supermarket",
          "source": "microsoft/BuildingFootprints"
        }
      }
    },
    {
      "type": "Feature",
      "geometry": {
        "type": "Point",
        "coordinates": [
          112.1452071,
          -8.1417091
        ]
      },
      "properties": {
        "id": "osm:way:1162383632",
        "name": "Puskesmas Kademangan",
        "category": "Rumah Sakit",
        "osm_id": 1162383632,
        "osm_type": "way",
        "metadata": {
          "amenity": "hospital",
          "building": "yes",
          "building:condition": "good",
          "building:floor": "ceramics",
          "building:roof": "tile",
          "building:structure": "reinforced_masonry",
          "building:use": "medical",
          "building:walls": "brick",
          "healthcare": "hospital",
          "name": "Puskesmas Kademangan",
          "source": "microsoft/BuildingFootprints",
          "toilets": "yes"
        }
      }
    },
    {
      "type": "Feature",
      "geometry": {
        "type": "Point",
        "coordinates": [
          112.145052,
          -8.14218
        ]
      },
      "properties": {
        "id": "osm:way:1162383640",
        "name": "Trisula Ps",
        "category": "Toko Retail (Umum)",
        "osm_id": 1162383640,
        "osm_type": "way",
        "metadata": {
          "addr:district": "Blitar",
          "addr:full": "Jl.Trisula Kademangan Blitar",
          "addr:postcode": "66161",
          "addr:province": "Jawa Timur",
          "addr:street": "Jl.Trisula",
          "addr:subdistrict": "Kademangan",
          "addr:village": "Kademangan",
          "building": "yes",
          "name": "Trisula Ps",
          "opening_hours": "Mo-Su 07:00-15:00",
          "payment:cash": "yes",
          "shop": "pet",
          "source": "microsoft/BuildingFootprints"
        }
      }
    },
    {
      "type": "Feature",
      "geometry": {
        "type": "Point",
        "coordinates": [
          112.1444274,
          -8.1410699
        ]
      },
      "properties": {
        "id": "osm:way:1162383643",
        "name": "Bank BRI",
        "category": "Bank & Finansial",
        "osm_id": 1162383643,
        "osm_type": "way",
        "metadata": {
          "addr:district": "Blitar",
          "addr:postcode": "66161",
          "addr:province": "Jawa Timur",
          "addr:subdistrict": "Kademangan",
          "addr:village": "Kademangan",
          "air_conditioning": "yes",
          "amenity": "bank",
          "atm": "yes",
          "brand": "Bank Rakyat Indonesia",
          "brand:wikidata": "Q623042",
          "building": "yes",
          "name": "Bank BRI",
          "opening_hours": "Mo-Su 06:00-16:00",
          "operator": "Bank Rakyat Indonesia",
          "source": "microsoft/BuildingFootprints",
          "toilets": "yes",
          "wheelchair": "limited"
        }
      }
    },
    {
      "type": "Feature",
      "geometry": {
        "type": "Point",
        "coordinates": [
          112.1261782,
          -8.1320399
        ]
      },
      "properties": {
        "id": "osm:way:1162393266",
        "name": "Kantor Desa Jimbe",
        "category": "Layanan Pemerintahan",
        "osm_id": 1162393266,
        "osm_type": "way",
        "metadata": {
          "admin_level": "7",
          "amenity": "townhall",
          "building": "yes",
          "government": "administrative",
          "name": "Kantor Desa Jimbe",
          "office": "government",
          "source": "microsoft/BuildingFootprints"
        }
      }
    },
    {
      "type": "Feature",
      "geometry": {
        "type": "Point",
        "coordinates": [
          112.1223708,
          -8.1296402
        ]
      },
      "properties": {
        "id": "osm:way:1166016322",
        "name": "Masjid Nurul Muhtadin",
        "category": "Masjid & Mushola",
        "osm_id": 1166016322,
        "osm_type": "way",
        "metadata": {
          "amenity": "place_of_worship",
          "building": "yes",
          "name": "Masjid Nurul Muhtadin",
          "religion": "muslim",
          "source": "microsoft/BuildingFootprints"
        }
      }
    },
    {
      "type": "Feature",
      "geometry": {
        "type": "Point",
        "coordinates": [
          112.1453364,
          -8.134476
        ]
      },
      "properties": {
        "id": "osm:way:1166033951",
        "name": "rumah mas e mb anis",
        "category": "Hotel & Penginapan",
        "osm_id": 1166033951,
        "osm_type": "way",
        "metadata": {
          "addr:street": "terminal baru blitar",
          "building": "yes",
          "name": "rumah mas e mb anis",
          "source": "microsoft/BuildingFootprints",
          "tourism": "guest_house"
        }
      }
    },
    {
      "type": "Feature",
      "geometry": {
        "type": "Point",
        "coordinates": [
          111.9092026,
          -8.0060055
        ]
      },
      "properties": {
        "id": "osm:way:1166128450",
        "name": "SDIQu Al Bahjah 03 Tulungagung",
        "category": "Sekolah (Umum)",
        "osm_id": 1166128450,
        "osm_type": "way",
        "metadata": {
          "addr:city": "Tulungagung",
          "addr:postcode": "66253",
          "addr:street": "Jalan Raya Karangrejo - Sembon",
          "amenity": "school",
          "building": "school",
          "denomination": "sunni",
          "description": "SDIQu (Sekolah Dasar Islam Qur’ani) Al-Bahjah adalah lembaga pendidikan formal asuhan Buya Yahya.",
          "email": "sdiqualbahjah03@gmail.com",
          "grades": "1-6",
          "name": "SDIQu Al Bahjah 03 Tulungagung",
          "religion": "muslim"
        }
      }
    },
    {
      "type": "Feature",
      "geometry": {
        "type": "Point",
        "coordinates": [
          111.9067876,
          -8.0094511
        ]
      },
      "properties": {
        "id": "osm:way:1166132341",
        "name": "AL BAHJAH TULUNGAGUNG PINKA 2",
        "category": "Masjid & Mushola",
        "osm_id": 1166132341,
        "osm_type": "way",
        "metadata": {
          "addr:city": "Tulungagung",
          "addr:postcode": "66253",
          "addr:street": "Jalan Raya Karangrejo - Sembon",
          "amenity": "school",
          "denomination": "sunni",
          "description": "Pondok Al Bahjah khusus putri kelas 3-6 SDIQu dan 7-9 SMPIQu",
          "grades": "3-9",
          "name": "AL BAHJAH TULUNGAGUNG PINKA 2",
          "religion": "muslim"
        }
      }
    },
    {
      "type": "Feature",
      "geometry": {
        "type": "Point",
        "coordinates": [
          111.9566123,
          -8.0615614
        ]
      },
      "properties": {
        "id": "osm:way:1168162536",
        "name": "Masjid & Mushola (Tanpa Nama)",
        "category": "Masjid & Mushola",
        "osm_id": 1168162536,
        "osm_type": "way",
        "metadata": {
          "amenity": "place_of_worship",
          "building": "mosque",
          "religion": "muslim"
        }
      }
    },
    {
      "type": "Feature",
      "geometry": {
        "type": "Point",
        "coordinates": [
          112.0819599,
          -8.1203281
        ]
      },
      "properties": {
        "id": "osm:way:1173214393",
        "name": "Masjid & Mushola (Tanpa Nama)",
        "category": "Masjid & Mushola",
        "osm_id": 1173214393,
        "osm_type": "way",
        "metadata": {
          "amenity": "place_of_worship",
          "building": "mosque",
          "religion": "muslim"
        }
      }
    },
    {
      "type": "Feature",
      "geometry": {
        "type": "Point",
        "coordinates": [
          111.9778956,
          -8.1470566
        ]
      },
      "properties": {
        "id": "osm:way:1173228299",
        "name": "Masjid Baitul Muhsinin",
        "category": "Masjid & Mushola",
        "osm_id": 1173228299,
        "osm_type": "way",
        "metadata": {
          "amenity": "place_of_worship",
          "building": "yes",
          "name": "Masjid Baitul Muhsinin",
          "religion": "muslim"
        }
      }
    },
    {
      "type": "Feature",
      "geometry": {
        "type": "Point",
        "coordinates": [
          111.9526254,
          -7.9461478
        ]
      },
      "properties": {
        "id": "osm:way:1207114364",
        "name": "Masjid & Mushola (Tanpa Nama)",
        "category": "Masjid & Mushola",
        "osm_id": 1207114364,
        "osm_type": "way",
        "metadata": {
          "amenity": "place_of_worship",
          "building": "yes",
          "religion": "muslim"
        }
      }
    },
    {
      "type": "Feature",
      "geometry": {
        "type": "Point",
        "coordinates": [
          111.9240915,
          -8.0151836
        ]
      },
      "properties": {
        "id": "osm:way:1207281729",
        "name": "Pemakaman (Tanpa Nama)",
        "category": "Pemakaman",
        "osm_id": 1207281729,
        "osm_type": "way",
        "metadata": {
          "landuse": "cemetery"
        }
      }
    },
    {
      "type": "Feature",
      "geometry": {
        "type": "Point",
        "coordinates": [
          111.8738678,
          -8.0818824
        ]
      },
      "properties": {
        "id": "osm:way:1210129874",
        "name": "SMP 5 Tulungagung",
        "category": "Sekolah Menengah Pertama (SMP/MTs)",
        "osm_id": 1210129874,
        "osm_type": "way",
        "metadata": {
          "amenity": "school",
          "name": "SMP 5 Tulungagung",
          "operator": "delta.web.id",
          "operator:type": "school"
        }
      }
    },
    {
      "type": "Feature",
      "geometry": {
        "type": "Point",
        "coordinates": [
          111.8813049,
          -8.069897
        ]
      },
      "properties": {
        "id": "osm:way:1210133020",
        "name": "GOR Lembu Peteng",
        "category": "Fasilitas Olahraga",
        "osm_id": 1210133020,
        "osm_type": "way",
        "metadata": {
          "leisure": "stadium",
          "name": "GOR Lembu Peteng",
          "sport": "running;basketball;skateboard;climbing;cycling"
        }
      }
    },
    {
      "type": "Feature",
      "geometry": {
        "type": "Point",
        "coordinates": [
          112.1581724,
          -7.9525943
        ]
      },
      "properties": {
        "id": "osm:way:1210693655",
        "name": "Fasilitas Olahraga (Tanpa Nama)",
        "category": "Fasilitas Olahraga",
        "osm_id": 1210693655,
        "osm_type": "way",
        "metadata": {
          "leisure": "pitch",
          "sport": "tennis"
        }
      }
    },
    {
      "type": "Feature",
      "geometry": {
        "type": "Point",
        "coordinates": [
          112.028745,
          -7.8658403
        ]
      },
      "properties": {
        "id": "osm:way:1212222859",
        "name": "SPBU Pertamina 54.641.42",
        "category": "SPBU / Stasiun Pengisian Bahan Bakar",
        "osm_id": 1212222859,
        "osm_type": "way",
        "metadata": {
          "addr:city": "Kota Kediri",
          "addr:postcode": "64135",
          "addr:street": "Jl. Kapten Tendean No.337, Blabak, Kec. Pesantren, Kota Kediri, Jawa Timur 64135",
          "amenity": "fuel",
          "brand": "Pertamina",
          "fuel:biodiesel": "yes",
          "fuel:diesel": "yes",
          "fuel:octane_90": "yes",
          "fuel:octane_92": "yes",
          "name": "SPBU Pertamina 54.641.42",
          "self_service": "no"
        }
      }
    },
    {
      "type": "Feature",
      "geometry": {
        "type": "Point",
        "coordinates": [
          112.034512,
          -7.906052
        ]
      },
      "properties": {
        "id": "osm:way:1212467590",
        "name": "SPBU 54.641.14 Kandat",
        "category": "SPBU / Stasiun Pengisian Bahan Bakar",
        "osm_id": 1212467590,
        "osm_type": "way",
        "metadata": {
          "amenity": "fuel",
          "brand": "Pertamina",
          "fuel:biodiesel": "yes",
          "fuel:diesel": "yes",
          "fuel:octane_90": "yes",
          "fuel:octane_92": "yes",
          "name": "SPBU 54.641.14 Kandat"
        }
      }
    },
    {
      "type": "Feature",
      "geometry": {
        "type": "Point",
        "coordinates": [
          111.9873609,
          -7.9583281
        ]
      },
      "properties": {
        "id": "osm:way:1212471498",
        "name": "SPBU 5464132 KANIGORO",
        "category": "SPBU / Stasiun Pengisian Bahan Bakar",
        "osm_id": 1212471498,
        "osm_type": "way",
        "metadata": {
          "addr:city": "Kediri",
          "addr:postcode": "64172",
          "addr:street": "Jatirejo, Kanigoro, Kras, Kediri Regency, East Java 64172",
          "amenity": "fuel",
          "brand": "Pertamina",
          "fuel:biodiesel": "yes",
          "fuel:diesel": "yes",
          "fuel:octane_90": "yes",
          "fuel:octane_92": "yes",
          "name": "SPBU 5464132 KANIGORO",
          "self_service": "no"
        }
      }
    },
    {
      "type": "Feature",
      "geometry": {
        "type": "Point",
        "coordinates": [
          111.9555874,
          -7.9606171
        ]
      },
      "properties": {
        "id": "osm:way:1212472416",
        "name": "SPBU Pertamina 54.641.18 Kras",
        "category": "SPBU / Stasiun Pengisian Bahan Bakar",
        "osm_id": 1212472416,
        "osm_type": "way",
        "metadata": {
          "addr:city": "Kabupaten Kediri",
          "addr:postcode": "64172",
          "addr:street": "Purwodadi, Kras, Dusun Nyawangan, Nyawangan, Kec. Kras, Kabupaten Kediri, Jawa Timur 64172",
          "amenity": "fuel",
          "brand": "Pertamina",
          "fuel:biodiesel": "yes",
          "fuel:diesel": "yes",
          "fuel:octane_90": "yes",
          "fuel:octane_92": "yes",
          "name": "SPBU Pertamina 54.641.18 Kras",
          "self_service": "no"
        }
      }
    },
    {
      "type": "Feature",
      "geometry": {
        "type": "Point",
        "coordinates": [
          112.0366332,
          -7.9970833
        ]
      },
      "properties": {
        "id": "osm:way:1212474357",
        "name": "SPBU Pertamina 54.661.113",
        "category": "SPBU / Stasiun Pengisian Bahan Bakar",
        "osm_id": 1212474357,
        "osm_type": "way",
        "metadata": {
          "addr:city": "Blitar",
          "addr:postcode": "66154",
          "addr:street": "Jl. Raya Kediri - Blitar No.56, Wonorejo, Slemanan, Kec. Udanawu, Kabupaten Blitar, Jawa Timur 66154",
          "amenity": "fuel",
          "brand": "Pertamina",
          "fuel:biodiesel": "yes",
          "fuel:diesel": "yes",
          "fuel:octane_90": "yes",
          "fuel:octane_92": "yes",
          "name": "SPBU Pertamina 54.661.113",
          "self_service": "no"
        }
      }
    },
    {
      "type": "Feature",
      "geometry": {
        "type": "Point",
        "coordinates": [
          112.0536629,
          -8.059593
        ]
      },
      "properties": {
        "id": "osm:way:1212482841",
        "name": "SPBU Pertamina 54.661.33",
        "category": "SPBU / Stasiun Pengisian Bahan Bakar",
        "osm_id": 1212482841,
        "osm_type": "way",
        "metadata": {
          "addr:city": "Kabupaten Blitar",
          "addr:postcode": "66152",
          "addr:street": "Togogan I, Togogan, Kec. Srengat, Kabupaten Blitar, Jawa Timur 66152",
          "amenity": "fuel",
          "brand": "Pertamina",
          "fuel:biodiesel": "yes",
          "fuel:diesel": "yes",
          "fuel:octane_90": "yes",
          "fuel:octane_92": "yes",
          "name": "SPBU Pertamina 54.661.33",
          "self_service": "no"
        }
      }
    },
    {
      "type": "Feature",
      "geometry": {
        "type": "Point",
        "coordinates": [
          112.2458012,
          -8.0399566
        ]
      },
      "properties": {
        "id": "osm:way:1212976321",
        "name": "SPBU Pertamina 54.661.40",
        "category": "SPBU / Stasiun Pengisian Bahan Bakar",
        "osm_id": 1212976321,
        "osm_type": "way",
        "metadata": {
          "addr:city": "Kab. Blitar",
          "addr:postcode": "66182",
          "addr:street": "Jl. Raya Sidodadi, Sumber, Slorok, Kec. Garum, Blitar, Sumber, Slorok, Kec. Garum, Kab. Blitar, Jawa Timur 66182",
          "amenity": "fuel",
          "brand": "Pertamina",
          "fuel:diesel": "yes",
          "fuel:octane_90": "yes",
          "fuel:octane_92": "yes",
          "name": "SPBU Pertamina 54.661.40",
          "self_service": "no"
        }
      }
    },
    {
      "type": "Feature",
      "geometry": {
        "type": "Point",
        "coordinates": [
          112.2102622,
          -8.0507635
        ]
      },
      "properties": {
        "id": "osm:way:1212981930",
        "name": "SPBU Pertamina 54.661.24",
        "category": "SPBU / Stasiun Pengisian Bahan Bakar",
        "osm_id": 1212981930,
        "osm_type": "way",
        "metadata": {
          "amenity": "fuel",
          "brand": "Pertamina",
          "fuel:diesel": "yes",
          "fuel:octane_90": "yes",
          "fuel:octane_92": "yes",
          "fuel:octane_98": "yes",
          "name": "SPBU Pertamina 54.661.24",
          "self_service": "no"
        }
      }
    },
    {
      "type": "Feature",
      "geometry": {
        "type": "Point",
        "coordinates": [
          112.1702892,
          -8.1321851
        ]
      },
      "properties": {
        "id": "osm:way:1212988626",
        "name": "SPBU Pertamina 54.661.45",
        "category": "SPBU / Stasiun Pengisian Bahan Bakar",
        "osm_id": 1212988626,
        "osm_type": "way",
        "metadata": {
          "addr:city": "Kabupaten Blitar",
          "addr:postcode": "66171",
          "addr:street": "Jl. Halmahera, Jatisari, Jatinom, Kec. Kanigoro, Kabupaten Blitar, Jawa Timur 66171",
          "amenity": "fuel",
          "brand": "Pertamina",
          "fuel:diesel": "yes",
          "fuel:octane_90": "yes",
          "fuel:octane_92": "yes",
          "fuel:octane_98": "yes",
          "name": "SPBU Pertamina 54.661.45",
          "self_service": "no"
        }
      }
    },
    {
      "type": "Feature",
      "geometry": {
        "type": "Point",
        "coordinates": [
          112.1412999,
          -8.1633546
        ]
      },
      "properties": {
        "id": "osm:way:1213173565",
        "name": "SPBU Pertamina 54.661.14",
        "category": "SPBU / Stasiun Pengisian Bahan Bakar",
        "osm_id": 1213173565,
        "osm_type": "way",
        "metadata": {
          "addr:city": "Blitar Regency",
          "addr:postcode": "66161",
          "addr:street": "Ringinanom, Sumberjati, Kademangan, Blitar Regency, East Java 66161",
          "amenity": "fuel",
          "brand": "Pertamina",
          "brand:wikidata": "Q1641044",
          "brand:wikipedia": "en:Pertamina",
          "fuel:biodiesel": "yes",
          "fuel:diesel": "yes",
          "fuel:octane_90": "yes",
          "fuel:octane_92": "yes",
          "name": "SPBU Pertamina 54.661.14",
          "self_service": "no"
        }
      }
    },
    {
      "type": "Feature",
      "geometry": {
        "type": "Point",
        "coordinates": [
          112.1036841,
          -8.1882549
        ]
      },
      "properties": {
        "id": "osm:way:1213175256",
        "name": "SPBU Pertamina 54.661.37",
        "category": "SPBU / Stasiun Pengisian Bahan Bakar",
        "osm_id": 1213175256,
        "osm_type": "way",
        "metadata": {
          "addr:city": "Blitar Regency",
          "addr:postcode": "66161",
          "addr:street": "Sumberjo, Kademangan, Blitar Regency, East Java 66161",
          "amenity": "fuel",
          "brand": "Pertamina",
          "brand:wikidata": "Q1641044",
          "brand:wikipedia": "en:Pertamina",
          "fuel:octane_90": "yes",
          "fuel:octane_92": "yes",
          "name": "SPBU Pertamina 54.661.37",
          "self_service": "no"
        }
      }
    },
    {
      "type": "Feature",
      "geometry": {
        "type": "Point",
        "coordinates": [
          111.8767196,
          -8.0667948
        ]
      },
      "properties": {
        "id": "osm:way:1213292140",
        "name": "SPBU Pertamina 54.662.26",
        "category": "SPBU / Stasiun Pengisian Bahan Bakar",
        "osm_id": 1213292140,
        "osm_type": "way",
        "metadata": {
          "addr:city": "Kabupaten Tulungagung",
          "addr:postcode": "66215",
          "addr:street": "Jl. Ir. Soekarno Hatta, Kutoanyar, Kec. Tulungagung, Kabupaten Tulungagung, Jawa Timur 66215",
          "amenity": "fuel",
          "brand": "Pertamina",
          "fuel:biodiesel": "yes",
          "fuel:diesel": "yes",
          "fuel:octane_90": "yes",
          "fuel:octane_92": "yes",
          "name": "SPBU Pertamina 54.662.26",
          "self_service": "no"
        }
      }
    },
    {
      "type": "Feature",
      "geometry": {
        "type": "Point",
        "coordinates": [
          112.1642846,
          -8.1329173
        ]
      },
      "properties": {
        "id": "osm:way:1222025867",
        "name": "Kuburan",
        "category": "Pemakaman",
        "osm_id": 1222025867,
        "osm_type": "way",
        "metadata": {
          "landuse": "cemetery",
          "name": "Kuburan"
        }
      }
    },
    {
      "type": "Feature",
      "geometry": {
        "type": "Point",
        "coordinates": [
          112.1599136,
          -8.1326039
        ]
      },
      "properties": {
        "id": "osm:way:1222033922",
        "name": "Lapangan Klampok",
        "category": "Fasilitas Olahraga",
        "osm_id": 1222033922,
        "osm_type": "way",
        "metadata": {
          "leisure": "pitch",
          "name": "Lapangan Klampok",
          "sport": "soccer"
        }
      }
    },
    {
      "type": "Feature",
      "geometry": {
        "type": "Point",
        "coordinates": [
          111.9077176,
          -8.0673394
        ]
      },
      "properties": {
        "id": "osm:way:1230006719",
        "name": "RS. Bhayangkara",
        "category": "Rumah Sakit",
        "osm_id": 1230006719,
        "osm_type": "way",
        "metadata": {
          "amenity": "hospital",
          "emergency": "yes",
          "healthcare": "hospital",
          "name": "RS. Bhayangkara",
          "wheelchair": "yes"
        }
      }
    },
    {
      "type": "Feature",
      "geometry": {
        "type": "Point",
        "coordinates": [
          111.9084778,
          -8.0123301
        ]
      },
      "properties": {
        "id": "osm:way:1239398571",
        "name": "SDI Tahfidz Al-Mubarokah",
        "category": "Sekolah (Umum)",
        "osm_id": 1239398571,
        "osm_type": "way",
        "metadata": {
          "addr:city": "Tulungagung",
          "addr:postcode": "66229",
          "addr:street": "Jl. Imam Bonjol",
          "amenity": "school",
          "name": "SDI Tahfidz Al-Mubarokah",
          "religion": "islamic"
        }
      }
    },
    {
      "type": "Feature",
      "geometry": {
        "type": "Point",
        "coordinates": [
          111.9084948,
          -8.01196
        ]
      },
      "properties": {
        "id": "osm:way:1239399985",
        "name": "PPTQ. Al-Mubarokah",
        "category": "Masjid & Mushola",
        "osm_id": 1239399985,
        "osm_type": "way",
        "metadata": {
          "addr:city": "Tulungagung",
          "addr:postcode": "66229",
          "addr:street": "Jl. Imam Bonjol",
          "amenity": "place_of_worship",
          "building": "yes",
          "denomination": "nahdhatul_ulama",
          "name": "PPTQ. Al-Mubarokah",
          "religion": "muslim"
        }
      }
    },
    {
      "type": "Feature",
      "geometry": {
        "type": "Point",
        "coordinates": [
          111.9918713,
          -7.8674662
        ]
      },
      "properties": {
        "id": "osm:way:1268926286",
        "name": "Masjid Jami' Al Hamied",
        "category": "Masjid & Mushola",
        "osm_id": 1268926286,
        "osm_type": "way",
        "metadata": {
          "amenity": "place_of_worship",
          "building": "yes",
          "denomination": "muslim",
          "name": "Masjid Jami' Al Hamied",
          "religion": "muslim"
        }
      }
    },
    {
      "type": "Feature",
      "geometry": {
        "type": "Point",
        "coordinates": [
          112.1044306,
          -7.8611134
        ]
      },
      "properties": {
        "id": "osm:way:1304429365",
        "name": "Terima Pesanan Roti Bu Eko",
        "category": "Toko Roti & Kue",
        "osm_id": 1304429365,
        "osm_type": "way",
        "metadata": {
          "addr:city": "KEDIRI",
          "addr:district": "KEDIRI",
          "addr:housename": "R. Bu Eko",
          "addr:housenumber": "20",
          "addr:neighbourhood": "Blimbing",
          "addr:postcode": "64181",
          "addr:province": "JAWA TIMUR",
          "addr:street": "Jalan Raya Blimbing",
          "addr:subdistrict": "GURAH",
          "building": "house",
          "name": "Terima Pesanan Roti Bu Eko",
          "shop": "bakery"
        }
      }
    },
    {
      "type": "Feature",
      "geometry": {
        "type": "Point",
        "coordinates": [
          112.1620918,
          -8.1019616
        ]
      },
      "properties": {
        "id": "osm:way:1307901413",
        "name": "Pasar Templek",
        "category": "Pasar Tradisional",
        "osm_id": 1307901413,
        "osm_type": "way",
        "metadata": {
          "amenity": "marketplace",
          "building": "yes",
          "layer": "1",
          "name": "Pasar Templek",
          "opening_hours": "24/7",
          "operator": "Pemerintah Daerah Kota Blitar",
          "payment:cash": "yes",
          "shop": "greengrocer"
        }
      }
    },
    {
      "type": "Feature",
      "geometry": {
        "type": "Point",
        "coordinates": [
          112.1040465,
          -7.8629172
        ]
      },
      "properties": {
        "id": "osm:way:1308438483",
        "name": "Musala Baiturrahman",
        "category": "Masjid & Mushola",
        "osm_id": 1308438483,
        "osm_type": "way",
        "metadata": {
          "amenity": "place_of_worship",
          "building": "yes",
          "name": "Musala Baiturrahman",
          "religion": "muslim"
        }
      }
    },
    {
      "type": "Feature",
      "geometry": {
        "type": "Point",
        "coordinates": [
          112.1012981,
          -7.8613302
        ]
      },
      "properties": {
        "id": "osm:way:1308438484",
        "name": "Musala Baitul Muttaqin",
        "category": "Masjid & Mushola",
        "osm_id": 1308438484,
        "osm_type": "way",
        "metadata": {
          "amenity": "place_of_worship",
          "building": "yes",
          "name": "Musala Baitul Muttaqin",
          "religion": "muslim"
        }
      }
    },
    {
      "type": "Feature",
      "geometry": {
        "type": "Point",
        "coordinates": [
          112.1118616,
          -7.8693954
        ]
      },
      "properties": {
        "id": "osm:way:1308439397",
        "name": "Musala Baitus Salam",
        "category": "Masjid & Mushola",
        "osm_id": 1308439397,
        "osm_type": "way",
        "metadata": {
          "amenity": "place_of_worship",
          "building": "yes",
          "name": "Musala Baitus Salam",
          "religion": "muslim"
        }
      }
    },
    {
      "type": "Feature",
      "geometry": {
        "type": "Point",
        "coordinates": [
          112.2071232,
          -8.1255506
        ]
      },
      "properties": {
        "id": "osm:way:1308943401",
        "name": "RS Medika Utama",
        "category": "Rumah Sakit",
        "osm_id": 1308943401,
        "osm_type": "way",
        "metadata": {
          "addr:city": "Blitar",
          "addr:district": "Kanigoro",
          "addr:housenumber": "1",
          "addr:postcode": "66171",
          "addr:province": "Jawa Timur",
          "addr:street": "Jalan Raya Blitar - Kanigoro",
          "addr:subdistrict": "Kanigoro",
          "addr:unit": "Building",
          "amenity": "hospital",
          "healthcare": "hospital",
          "name": "RS Medika Utama",
          "operator": "PT NUSANTARA MEDIKA UTAMA"
        }
      }
    },
    {
      "type": "Feature",
      "geometry": {
        "type": "Point",
        "coordinates": [
          112.1051695,
          -7.863314
        ]
      },
      "properties": {
        "id": "osm:way:1311460008",
        "name": "TK Dharma Wanita Blimbing",
        "category": "Taman Kanak-Kanak / PAUD",
        "osm_id": 1311460008,
        "osm_type": "way",
        "metadata": {
          "amenity": "school",
          "name": "TK Dharma Wanita Blimbing"
        }
      }
    },
    {
      "type": "Feature",
      "geometry": {
        "type": "Point",
        "coordinates": [
          112.1044654,
          -7.8603607
        ]
      },
      "properties": {
        "id": "osm:way:1311462026",
        "name": "ES TEBU SEGO PECEL IMAM IB",
        "category": "Restoran",
        "osm_id": 1311462026,
        "osm_type": "way",
        "metadata": {
          "amenity": "restaurant",
          "building": "yes",
          "name": "ES TEBU SEGO PECEL IMAM IB"
        }
      }
    },
    {
      "type": "Feature",
      "geometry": {
        "type": "Point",
        "coordinates": [
          112.1005831,
          -7.8612804
        ]
      },
      "properties": {
        "id": "osm:way:1311899922",
        "name": "Lapangan Desa Blimbing",
        "category": "Fasilitas Olahraga",
        "osm_id": 1311899922,
        "osm_type": "way",
        "metadata": {
          "leisure": "pitch",
          "name": "Lapangan Desa Blimbing",
          "sport": "soccer"
        }
      }
    },
    {
      "type": "Feature",
      "geometry": {
        "type": "Point",
        "coordinates": [
          112.1074378,
          -7.8663717
        ]
      },
      "properties": {
        "id": "osm:way:1311899923",
        "name": "Lapangan Voli Desa Blimbing",
        "category": "Fasilitas Olahraga",
        "osm_id": 1311899923,
        "osm_type": "way",
        "metadata": {
          "leisure": "pitch",
          "name": "Lapangan Voli Desa Blimbing",
          "sport": "volleyball"
        }
      }
    },
    {
      "type": "Feature",
      "geometry": {
        "type": "Point",
        "coordinates": [
          112.106859,
          -7.8622612
        ]
      },
      "properties": {
        "id": "osm:way:1311899924",
        "name": "Lapangan Al Firdaus",
        "category": "Fasilitas Olahraga",
        "osm_id": 1311899924,
        "osm_type": "way",
        "metadata": {
          "leisure": "pitch",
          "name": "Lapangan Al Firdaus",
          "sport": "soccer"
        }
      }
    },
    {
      "type": "Feature",
      "geometry": {
        "type": "Point",
        "coordinates": [
          112.165321,
          -8.0993548
        ]
      },
      "properties": {
        "id": "osm:way:1316861579",
        "name": "Taman Pecut",
        "category": "Taman Kota / Terbuka",
        "osm_id": 1316861579,
        "osm_type": "way",
        "metadata": {
          "leisure": "park",
          "name": "Taman Pecut",
          "source": "Bing"
        }
      }
    },
    {
      "type": "Feature",
      "geometry": {
        "type": "Point",
        "coordinates": [
          112.1906989,
          -8.148978
        ]
      },
      "properties": {
        "id": "osm:way:1334556061",
        "name": "Fasilitas Olahraga (Tanpa Nama)",
        "category": "Fasilitas Olahraga",
        "osm_id": 1334556061,
        "osm_type": "way",
        "metadata": {
          "leisure": "pitch",
          "sport": "multi"
        }
      }
    },
    {
      "type": "Feature",
      "geometry": {
        "type": "Point",
        "coordinates": [
          112.1620115,
          -8.1007319
        ]
      },
      "properties": {
        "id": "osm:way:1339165089",
        "name": "Fasilitas Parkir (Tanpa Nama)",
        "category": "Fasilitas Parkir",
        "osm_id": 1339165089,
        "osm_type": "way",
        "metadata": {
          "amenity": "motorcycle_parking"
        }
      }
    },
    {
      "type": "Feature",
      "geometry": {
        "type": "Point",
        "coordinates": [
          112.0808653,
          -8.0634527
        ]
      },
      "properties": {
        "id": "osm:way:1357694362",
        "name": "Layanan Pemerintahan (Tanpa Nama)",
        "category": "Layanan Pemerintahan",
        "osm_id": 1357694362,
        "osm_type": "way",
        "metadata": {
          "building": "yes",
          "office": "government"
        }
      }
    },
    {
      "type": "Feature",
      "geometry": {
        "type": "Point",
        "coordinates": [
          112.2598905,
          -8.1328161
        ]
      },
      "properties": {
        "id": "osm:way:1361345727",
        "name": "Chief Village Office Jabung",
        "category": "Layanan Pemerintahan",
        "osm_id": 1361345727,
        "osm_type": "way",
        "metadata": {
          "building": "yes",
          "building:levels": "0",
          "name": "Chief Village Office Jabung",
          "office": "government"
        }
      }
    },
    {
      "type": "Feature",
      "geometry": {
        "type": "Point",
        "coordinates": [
          111.9916149,
          -7.8958
        ]
      },
      "properties": {
        "id": "osm:way:1374498121",
        "name": "Taman Ngadiluwih",
        "category": "Taman Kota / Terbuka",
        "osm_id": 1374498121,
        "osm_type": "way",
        "metadata": {
          "leisure": "park",
          "name": "Taman Ngadiluwih"
        }
      }
    },
    {
      "type": "Feature",
      "geometry": {
        "type": "Point",
        "coordinates": [
          111.9087318,
          -8.1369424
        ]
      },
      "properties": {
        "id": "osm:way:1379123792",
        "name": "Bukit Lemparan",
        "category": "Taman Kota / Terbuka",
        "osm_id": 1379123792,
        "osm_type": "way",
        "metadata": {
          "leisure": "park",
          "name": "Bukit Lemparan"
        }
      }
    },
    {
      "type": "Feature",
      "geometry": {
        "type": "Point",
        "coordinates": [
          112.1222591,
          -8.130167
        ]
      },
      "properties": {
        "id": "osm:way:1379138069",
        "name": "TPU Desa Jimbe",
        "category": "Pemakaman",
        "osm_id": 1379138069,
        "osm_type": "way",
        "metadata": {
          "landuse": "cemetery",
          "name": "TPU Desa Jimbe"
        }
      }
    },
    {
      "type": "Feature",
      "geometry": {
        "type": "Point",
        "coordinates": [
          112.149313,
          -8.1445669
        ]
      },
      "properties": {
        "id": "osm:way:1379240383",
        "name": "TPU Desa Kademangan",
        "category": "Pemakaman",
        "osm_id": 1379240383,
        "osm_type": "way",
        "metadata": {
          "landuse": "cemetery",
          "name": "TPU Desa Kademangan"
        }
      }
    },
    {
      "type": "Feature",
      "geometry": {
        "type": "Point",
        "coordinates": [
          112.1486239,
          -8.1432345
        ]
      },
      "properties": {
        "id": "osm:way:1379240384",
        "name": "Makam Tionghoa",
        "category": "Pemakaman",
        "osm_id": 1379240384,
        "osm_type": "way",
        "metadata": {
          "landuse": "cemetery",
          "name": "Makam Tionghoa"
        }
      }
    },
    {
      "type": "Feature",
      "geometry": {
        "type": "Point",
        "coordinates": [
          112.1447213,
          -8.1406206
        ]
      },
      "properties": {
        "id": "osm:way:1380471070",
        "name": "Pos Polisi",
        "category": "Layanan Pemerintahan",
        "osm_id": 1380471070,
        "osm_type": "way",
        "metadata": {
          "addr:city": "Blitar",
          "addr:full": "Kademangan",
          "amenity": "police",
          "building": "yes",
          "name": "Pos Polisi"
        }
      }
    },
    {
      "type": "Feature",
      "geometry": {
        "type": "Point",
        "coordinates": [
          112.2376384,
          -7.9269553
        ]
      },
      "properties": {
        "id": "osm:way:1383720498",
        "name": "TPU Desa Sugihwaras",
        "category": "Pemakaman",
        "osm_id": 1383720498,
        "osm_type": "way",
        "metadata": {
          "landuse": "cemetery",
          "name": "TPU Desa Sugihwaras"
        }
      }
    },
    {
      "type": "Feature",
      "geometry": {
        "type": "Point",
        "coordinates": [
          112.2351399,
          -7.926927
        ]
      },
      "properties": {
        "id": "osm:way:1383720499",
        "name": "Lapangan",
        "category": "Fasilitas Olahraga",
        "osm_id": 1383720499,
        "osm_type": "way",
        "metadata": {
          "leisure": "pitch",
          "name": "Lapangan",
          "sport": "soccer",
          "surface": "grass"
        }
      }
    },
    {
      "type": "Feature",
      "geometry": {
        "type": "Point",
        "coordinates": [
          112.2389157,
          -7.9316417
        ]
      },
      "properties": {
        "id": "osm:way:1383720502",
        "name": "landasan drone",
        "category": "Fasilitas Olahraga",
        "osm_id": 1383720502,
        "osm_type": "way",
        "metadata": {
          "leisure": "pitch",
          "name": "landasan drone",
          "sport": "model_aerodrome",
          "surface": "concrete"
        }
      }
    },
    {
      "type": "Feature",
      "geometry": {
        "type": "Point",
        "coordinates": [
          112.2375032,
          -7.9296338
        ]
      },
      "properties": {
        "id": "osm:way:1383720503",
        "name": "sirkuit motorcross",
        "category": "Fasilitas Olahraga",
        "osm_id": 1383720503,
        "osm_type": "way",
        "metadata": {
          "leisure": "pitch",
          "name": "sirkuit motorcross",
          "sport": "motocross"
        }
      }
    },
    {
      "type": "Feature",
      "geometry": {
        "type": "Point",
        "coordinates": [
          112.1895424,
          -7.9821038
        ]
      },
      "properties": {
        "id": "osm:way:1383725925",
        "name": "SMPN3 Nglegok",
        "category": "Sekolah (Umum)",
        "osm_id": 1383725925,
        "osm_type": "way",
        "metadata": {
          "addr:district": "Blitar",
          "addr:province": "Jawa Timur",
          "addr:subdistrict": "Nglegok",
          "addr:village": "Sumberasri",
          "amenity": "school",
          "name": "SMPN3 Nglegok"
        }
      }
    },
    {
      "type": "Feature",
      "geometry": {
        "type": "Point",
        "coordinates": [
          112.2082003,
          -8.0131866
        ]
      },
      "properties": {
        "id": "osm:way:1383729173",
        "name": "Kolam Renang Penataran",
        "category": "Kolam Renang / Rekreasi Air",
        "osm_id": 1383729173,
        "osm_type": "way",
        "metadata": {
          "access": "yes",
          "addr:district": "Blitar",
          "addr:province": "Jawa Timur",
          "addr:subdistrict": "Nglegok",
          "addr:village": "Penataran",
          "leisure": "swimming_area",
          "name": "Kolam Renang Penataran"
        }
      }
    },
    {
      "type": "Feature",
      "geometry": {
        "type": "Point",
        "coordinates": [
          112.2118921,
          -8.0141976
        ]
      },
      "properties": {
        "id": "osm:way:1383729174",
        "name": "TPU Desa Penataran",
        "category": "Pemakaman",
        "osm_id": 1383729174,
        "osm_type": "way",
        "metadata": {
          "landuse": "cemetery",
          "name": "TPU Desa Penataran"
        }
      }
    },
    {
      "type": "Feature",
      "geometry": {
        "type": "Point",
        "coordinates": [
          112.2174352,
          -8.0155093
        ]
      },
      "properties": {
        "id": "osm:way:1383729175",
        "name": "Lapangan Penataran",
        "category": "Fasilitas Olahraga",
        "osm_id": 1383729175,
        "osm_type": "way",
        "metadata": {
          "leisure": "pitch",
          "name": "Lapangan Penataran",
          "sport": "soccer",
          "surface": "grass"
        }
      }
    },
    {
      "type": "Feature",
      "geometry": {
        "type": "Point",
        "coordinates": [
          112.2212174,
          -7.9915668
        ]
      },
      "properties": {
        "id": "osm:way:1383777713",
        "name": "Wisata Alam Pacuh",
        "category": "Taman Kota / Terbuka",
        "osm_id": 1383777713,
        "osm_type": "way",
        "metadata": {
          "leisure": "park",
          "name": "Wisata Alam Pacuh"
        }
      }
    },
    {
      "type": "Feature",
      "geometry": {
        "type": "Point",
        "coordinates": [
          112.1225468,
          -8.1394144
        ]
      },
      "properties": {
        "id": "osm:way:1387005556",
        "name": "Lapangan Desa Jimbe",
        "category": "Fasilitas Olahraga",
        "osm_id": 1387005556,
        "osm_type": "way",
        "metadata": {
          "leisure": "pitch",
          "name": "Lapangan Desa Jimbe",
          "sport": "soccer",
          "surface": "grass"
        }
      }
    },
    {
      "type": "Feature",
      "geometry": {
        "type": "Point",
        "coordinates": [
          112.1459927,
          -8.1469644
        ]
      },
      "properties": {
        "id": "osm:way:1387005557",
        "name": "Lapangan SDN1 Kademangan",
        "category": "Fasilitas Olahraga",
        "osm_id": 1387005557,
        "osm_type": "way",
        "metadata": {
          "leisure": "pitch",
          "name": "Lapangan SDN1 Kademangan",
          "sport": "soccer",
          "surface": "grass"
        }
      }
    },
    {
      "type": "Feature",
      "geometry": {
        "type": "Point",
        "coordinates": [
          112.1250285,
          -8.2570326
        ]
      },
      "properties": {
        "id": "osm:way:1387285478",
        "name": "Toko punden",
        "category": "Toko Retail (Umum)",
        "osm_id": 1387285478,
        "osm_type": "way",
        "metadata": {
          "addr:country": "ID",
          "addr:district": "Blitar",
          "addr:full": "Pasiraman Kec. Wonotirto Kabupaten Blitar Jawa Timur 66173",
          "addr:postcode": "66173",
          "addr:province": "Jawa Timur",
          "addr:subdistrict": "Wonotirto",
          "addr:village": "Pasiraman",
          "building": "yes",
          "name": "Toko punden",
          "shop": "variety_store"
        }
      }
    },
    {
      "type": "Feature",
      "geometry": {
        "type": "Point",
        "coordinates": [
          112.1259948,
          -8.2296849
        ]
      },
      "properties": {
        "id": "osm:way:1387285479",
        "name": "Gawang Makmur",
        "category": "Toko Retail (Umum)",
        "osm_id": 1387285479,
        "osm_type": "way",
        "metadata": {
          "addr:country": "ID",
          "addr:district": "Blitar",
          "addr:full": "Pasiraman Kec. Wonotirto Kabupaten Blitar Jawa Timur 66173",
          "addr:postcode": "66173",
          "addr:province": "Jawa Timur",
          "addr:subdistrict": "Wonotirto",
          "addr:village": "Pasiraman",
          "building": "yes",
          "name": "Gawang Makmur",
          "shop": "variety_store"
        }
      }
    },
    {
      "type": "Feature",
      "geometry": {
        "type": "Point",
        "coordinates": [
          112.1205873,
          -8.232783
        ]
      },
      "properties": {
        "id": "osm:way:1387285482",
        "name": "Pasar Lorejo",
        "category": "Pasar Tradisional",
        "osm_id": 1387285482,
        "osm_type": "way",
        "metadata": {
          "addr:country": "ID",
          "addr:district": "Blitar",
          "addr:full": "Jl. Raya Trisula Lorejo Kec. Bakung Kabupaten Blitar Jawa Timur 66163",
          "addr:postcode": "66163",
          "addr:province": "Jawa Timur",
          "addr:street": "Jl. Raya Trisula",
          "addr:subdistrict": "Bakung",
          "addr:village": "Lorejo",
          "amenity": "marketplace",
          "building": "yes",
          "name": "Pasar Lorejo",
          "shop": "greengrocer"
        }
      }
    },
    {
      "type": "Feature",
      "geometry": {
        "type": "Point",
        "coordinates": [
          112.126513,
          -8.2279344
        ]
      },
      "properties": {
        "id": "osm:way:1387285485",
        "name": "Masjid Jami' Nurul Iman",
        "category": "Masjid & Mushola",
        "osm_id": 1387285485,
        "osm_type": "way",
        "metadata": {
          "addr:country": "ID",
          "addr:district": "Blitar",
          "addr:full": "Pasiraman Kec. Wonotirto Kabupaten Blitar Jawa Timur 66173",
          "addr:postcode": "66173",
          "addr:province": "Jawa Timur",
          "addr:subdistrict": "Wonotirto",
          "addr:village": "Pasiraman",
          "amenity": "place_of_worship",
          "building": "yes",
          "name": "Masjid Jami' Nurul Iman",
          "opening_hours": "24/7",
          "religion": "muslim"
        }
      }
    },
    {
      "type": "Feature",
      "geometry": {
        "type": "Point",
        "coordinates": [
          112.1263582,
          -8.2282426
        ]
      },
      "properties": {
        "id": "osm:way:1387285486",
        "name": "Indomaret",
        "category": "Minimarket",
        "osm_id": 1387285486,
        "osm_type": "way",
        "metadata": {
          "addr:country": "ID",
          "addr:district": "Blitar",
          "addr:full": "Pasiraman Kec. Wonotirto Kabupaten Blitar Jawa Timur 66173",
          "addr:postcode": "66173",
          "addr:province": "Jawa Timur",
          "addr:street": "Jl. Raya Trisula",
          "addr:subdistrict": "Wonotirto",
          "addr:village": "Pasiraman",
          "air_conditioning": "yes",
          "brand": "Indomaret",
          "brand:wikidata": "Q4262825",
          "brand:wikipedia": "id:Indomaret",
          "building": "yes",
          "name": "Indomaret",
          "name:en": "Indomaret",
          "name:id": "Indomaret",
          "name:ja": "インドマレット",
          "operator": "PT. Indomarco Prismatama",
          "shop": "convenience",
          "toilets": "yes",
          "toilets:access": "permissive",
          "website": "https://www.klikindomaret.com"
        }
      }
    },
    {
      "type": "Feature",
      "geometry": {
        "type": "Point",
        "coordinates": [
          112.1260149,
          -8.2274428
        ]
      },
      "properties": {
        "id": "osm:way:1387285487",
        "name": "Puskesmas Wonotirto Blitar",
        "category": "Rumah Sakit",
        "osm_id": 1387285487,
        "osm_type": "way",
        "metadata": {
          "addr:country": "ID",
          "addr:district": "Blitar",
          "addr:full": "Pasiraman Kec. Wonotirto Kabupaten Blitar Jawa Timur 66173",
          "addr:postcode": "66173",
          "addr:province": "Jawa Timur",
          "addr:street": "Jl. Raya Trisula",
          "addr:subdistrict": "Wonotirto",
          "addr:village": "Pasiraman",
          "amenity": "hospital",
          "building": "clinic",
          "building:use": "medical",
          "healthcare": "hospital",
          "name": "Puskesmas Wonotirto Blitar",
          "opening_hours": "24/7",
          "toilets": "yes"
        }
      }
    },
    {
      "type": "Feature",
      "geometry": {
        "type": "Point",
        "coordinates": [
          112.104213,
          -8.2085869
        ]
      },
      "properties": {
        "id": "osm:way:1387285488",
        "name": "Indomaret",
        "category": "Minimarket",
        "osm_id": 1387285488,
        "osm_type": "way",
        "metadata": {
          "addr:country": "ID",
          "addr:district": "Blitar",
          "addr:full": "Suruhwadang Kec. Kademangan Kabupaten Blitar Jawa Timur 66161",
          "addr:postcode": "66161",
          "addr:province": "Jawa Timur",
          "addr:street": "Jl. Raya Trisula",
          "addr:subdistrict": "Kademangan",
          "addr:village": "Suruhwadang",
          "air_conditioning": "yes",
          "brand": "Indomaret",
          "brand:wikidata": "Q4262825",
          "brand:wikipedia": "id:Indomaret",
          "building": "yes",
          "building:use": "shop",
          "name": "Indomaret",
          "name:en": "Indomaret",
          "name:id": "Indomaret",
          "name:ja": "インドマレット",
          "opening_hours": "Mo-Su 06:00-22:00",
          "operator": "PT. Indomarco Prismatama",
          "shop": "convenience",
          "toilets": "yes",
          "toilets:access": "permissive",
          "website": "https://www.klikindomaret.com"
        }
      }
    },
    {
      "type": "Feature",
      "geometry": {
        "type": "Point",
        "coordinates": [
          112.1034239,
          -8.1972346
        ]
      },
      "properties": {
        "id": "osm:way:1387285489",
        "name": "Puskesmas Suruhwadang",
        "category": "Rumah Sakit",
        "osm_id": 1387285489,
        "osm_type": "way",
        "metadata": {
          "addr:country": "ID",
          "addr:district": "Blitar",
          "addr:full": "Krajan Suruhwadang Kec. Kademangan Kabupaten Blitar Jawa Timur 66161",
          "addr:hamlet": "Krajan",
          "addr:postcode": "66161",
          "addr:province": "Jawa Timur",
          "addr:street": "Jl. Raya Trisula",
          "addr:subdistrict": "Kademangan",
          "addr:village": "Suruhwadang",
          "amenity": "hospital",
          "building": "yes",
          "building:use": "medical",
          "healthcare": "hospital",
          "name": "Puskesmas Suruhwadang",
          "opening_hours": "24/7"
        }
      }
    },
    {
      "type": "Feature",
      "geometry": {
        "type": "Point",
        "coordinates": [
          112.1035516,
          -8.1969603
        ]
      },
      "properties": {
        "id": "osm:way:1387285490",
        "name": "Pasar Suruhwadang",
        "category": "Pasar Tradisional",
        "osm_id": 1387285490,
        "osm_type": "way",
        "metadata": {
          "addr:country": "ID",
          "addr:district": "Blitar",
          "addr:full": "Krajan Suruhwadang Kec. Kademangan Kabupaten Blitar Jawa Timur 66161",
          "addr:hamlet": "Krajan",
          "addr:postcode": "66161",
          "addr:province": "Jawa Timur",
          "addr:street": "Jl. Raya Trisula",
          "addr:subdistrict": "Kademangan",
          "addr:village": "Suruhwadang",
          "amenity": "marketplace",
          "building": "yes",
          "name": "Pasar Suruhwadang",
          "shop": "greengrocer"
        }
      }
    },
    {
      "type": "Feature",
      "geometry": {
        "type": "Point",
        "coordinates": [
          112.1275699,
          -8.16004
        ]
      },
      "properties": {
        "id": "osm:way:1387285491",
        "name": "SMK & SMP Islam Anharul Ulum",
        "category": "Sekolah Menengah Pertama (SMP/MTs)",
        "osm_id": 1387285491,
        "osm_type": "way",
        "metadata": {
          "addr:country": "ID",
          "addr:district": "Blitar",
          "addr:full": "Suko Plumpungrejo Kec. Kademangan Kabupaten Blitar Jawa Timur 66161",
          "addr:hamlet": "Suko",
          "addr:postcode": "66161",
          "addr:province": "Jawa Timur",
          "addr:subdistrict": "Kademangan",
          "addr:village": "Plumpungrejo",
          "amenity": "school",
          "building": "yes",
          "name": "SMK & SMP Islam Anharul Ulum",
          "operator": "YPKHD Anharul Ulum"
        }
      }
    },
    {
      "type": "Feature",
      "geometry": {
        "type": "Point",
        "coordinates": [
          112.1266808,
          -8.1602258
        ]
      },
      "properties": {
        "id": "osm:way:1387285492",
        "name": "Masjid Anharul Ulum",
        "category": "Masjid & Mushola",
        "osm_id": 1387285492,
        "osm_type": "way",
        "metadata": {
          "addr:country": "ID",
          "addr:district": "Blitar",
          "addr:full": "Suko Plumpungrejo Kec. Kademangan Kabupaten Blitar Jawa Timur 66161",
          "addr:hamlet": "Suko",
          "addr:postcode": "66161",
          "addr:province": "Jawa Timur",
          "addr:subdistrict": "Kademangan",
          "addr:village": "Plumpungrejo",
          "amenity": "place_of_worship",
          "building": "yes",
          "name": "Masjid Anharul Ulum",
          "opening_hours": "24/7",
          "religion": "muslim"
        }
      }
    },
    {
      "type": "Feature",
      "geometry": {
        "type": "Point",
        "coordinates": [
          112.1327267,
          -8.1653459
        ]
      },
      "properties": {
        "id": "osm:way:1387285493",
        "name": "Klinik Pratama Dawuhan",
        "category": "Klinik & Puskesmas",
        "osm_id": 1387285493,
        "osm_type": "way",
        "metadata": {
          "addr:country": "ID",
          "addr:district": "Blitar",
          "addr:full": "Gogourung Dawuhan Kec. Kademangan Kab. Blitar Jawa Timur 66161",
          "addr:hamlet": "Gogourung",
          "addr:postcode": "66161",
          "addr:province": "Jawa Timur",
          "addr:subdistrict": "Kademangan",
          "addr:village": "Dawuhan",
          "amenity": "clinic",
          "building": "yes",
          "healthcare": "clinic",
          "name": "Klinik Pratama Dawuhan",
          "opening_hours": "24/7",
          "toilets": "yes"
        }
      }
    },
    {
      "type": "Feature",
      "geometry": {
        "type": "Point",
        "coordinates": [
          112.1421174,
          -8.1619563
        ]
      },
      "properties": {
        "id": "osm:way:1387285494",
        "name": "Pasar Sumberjati",
        "category": "Pasar Tradisional",
        "osm_id": 1387285494,
        "osm_type": "way",
        "metadata": {
          "addr:country": "ID",
          "addr:district": "Blitar",
          "addr:hamlet": "Ringinanom",
          "addr:postcode": "66161",
          "addr:province": "Jawa Timur",
          "addr:street": "Jl. Raya Trisula",
          "addr:subdistrict": "Kademangan",
          "addr:village": "Sumberjati",
          "amenity": "marketplace",
          "building": "yes",
          "name": "Pasar Sumberjati",
          "shop": "greengrocer"
        }
      }
    },
    {
      "type": "Feature",
      "geometry": {
        "type": "Point",
        "coordinates": [
          112.1428682,
          -8.1556771
        ]
      },
      "properties": {
        "id": "osm:way:1387285495",
        "name": "Masjid Baitul Atiq",
        "category": "Masjid & Mushola",
        "osm_id": 1387285495,
        "osm_type": "way",
        "metadata": {
          "addr:country": "ID",
          "addr:district": "Blitar",
          "addr:hamlet": "Ringinanom",
          "addr:postcode": "66161",
          "addr:province": "Jawa Timur",
          "addr:street": "Jl. Raya Trisula",
          "addr:subdistrict": "Kademangan",
          "addr:village": "Sumberjati",
          "amenity": "place_of_worship",
          "building": "yes",
          "name": "Masjid Baitul Atiq",
          "religion": "muslim"
        }
      }
    },
    {
      "type": "Feature",
      "geometry": {
        "type": "Point",
        "coordinates": [
          112.1425112,
          -8.1556387
        ]
      },
      "properties": {
        "id": "osm:way:1387285496",
        "name": "Alfamart",
        "category": "Minimarket",
        "osm_id": 1387285496,
        "osm_type": "way",
        "metadata": {
          "addr:country": "ID",
          "addr:district": "Blitar",
          "addr:hamlet": "Ringinanom",
          "addr:postcode": "66161",
          "addr:province": "Jawa Timur",
          "addr:street": "Jl. Raya Trisula",
          "addr:subdistrict": "Kademangan",
          "addr:village": "Sumberjati",
          "brand": "Alfamart",
          "brand:wikidata": "Q23745600",
          "building": "yes",
          "name": "Alfamart",
          "operator": "PT Sumber Alfaria Trijaya,Tbk",
          "shop": "convenience",
          "toilets": "yes",
          "toilets:access": "permissive",
          "toilets:unisex": "yes",
          "website": "https://alfamart.co.id"
        }
      }
    },
    {
      "type": "Feature",
      "geometry": {
        "type": "Point",
        "coordinates": [
          112.1427647,
          -8.1533833
        ]
      },
      "properties": {
        "id": "osm:way:1387285497",
        "name": "Indomaret",
        "category": "Minimarket",
        "osm_id": 1387285497,
        "osm_type": "way",
        "metadata": {
          "addr:country": "ID",
          "addr:district": "Blitar",
          "addr:hamlet": "Klece",
          "addr:postcode": "66161",
          "addr:province": "Jawa Timur",
          "addr:street": "Jl. Raya Trisula",
          "addr:subdistrict": "Kademangan",
          "addr:village": "Kademangan",
          "air_conditioning": "yes",
          "brand": "Indomaret",
          "brand:wikidata": "Q4262825",
          "brand:wikipedia": "id:Indomaret",
          "building": "yes",
          "name": "Indomaret",
          "name:en": "Indomaret",
          "name:id": "Indomaret",
          "name:ja": "インドマレット",
          "operator": "PT. Indomarco Prismatama",
          "shop": "convenience",
          "toilets": "yes",
          "toilets:access": "permissive",
          "website": "https://www.klikindomaret.com"
        }
      }
    },
    {
      "type": "Feature",
      "geometry": {
        "type": "Point",
        "coordinates": [
          112.0204833,
          -8.1906033
        ]
      },
      "properties": {
        "id": "osm:way:1387289246",
        "name": "SPBU PucangLaban",
        "category": "SPBU / Stasiun Pengisian Bahan Bakar",
        "osm_id": 1387289246,
        "osm_type": "way",
        "metadata": {
          "addr:country": "ID",
          "addr:district": "Tulungagung",
          "addr:full": "Kasrepan, Demuk, Kec. Pucanglaban, Kabupaten Tulungagung, Jawa Timur 66284",
          "addr:hamlet": "Kasrepan",
          "addr:postcode": "66284",
          "addr:province": "Jawa Timur",
          "addr:subdistrict": "Pucanglaban",
          "addr:village": "Demuk",
          "amenity": "fuel",
          "brand": "Pertamina",
          "brand:wikidata": "Q1641044",
          "brand:wikipedia": "en:Pertamina",
          "building": "yes",
          "fuel:biodiesel": "yes",
          "fuel:octane_91": "yes",
          "fuel:octane_92": "yes",
          "fuel:octane_98": "yes",
          "name": "SPBU PucangLaban"
        }
      }
    },
    {
      "type": "Feature",
      "geometry": {
        "type": "Point",
        "coordinates": [
          112.1291529,
          -8.2418728
        ]
      },
      "properties": {
        "id": "osm:way:1387489675",
        "name": "Lapangan Desa Pasiraman",
        "category": "Fasilitas Olahraga",
        "osm_id": 1387489675,
        "osm_type": "way",
        "metadata": {
          "leisure": "pitch",
          "name": "Lapangan Desa Pasiraman",
          "sport": "soccer",
          "surface": "grass"
        }
      }
    },
    {
      "type": "Feature",
      "geometry": {
        "type": "Point",
        "coordinates": [
          112.1050421,
          -8.193682
        ]
      },
      "properties": {
        "id": "osm:way:1387489676",
        "name": "Lapangan Suruhwadang",
        "category": "Fasilitas Olahraga",
        "osm_id": 1387489676,
        "osm_type": "way",
        "metadata": {
          "leisure": "pitch",
          "name": "Lapangan Suruhwadang",
          "sport": "soccer",
          "surface": "grass"
        }
      }
    },
    {
      "type": "Feature",
      "geometry": {
        "type": "Point",
        "coordinates": [
          112.1424785,
          -8.160907
        ]
      },
      "properties": {
        "id": "osm:way:1387900854",
        "name": "Lapangan Desa Sumberjati",
        "category": "Fasilitas Olahraga",
        "osm_id": 1387900854,
        "osm_type": "way",
        "metadata": {
          "leisure": "pitch",
          "name": "Lapangan Desa Sumberjati",
          "sport": "soccer",
          "surface": "grass"
        }
      }
    },
    {
      "type": "Feature",
      "geometry": {
        "type": "Point",
        "coordinates": [
          112.1047933,
          -8.1992021
        ]
      },
      "properties": {
        "id": "osm:way:1389219383",
        "name": "Fasilitas Olahraga (Tanpa Nama)",
        "category": "Fasilitas Olahraga",
        "osm_id": 1389219383,
        "osm_type": "way",
        "metadata": {
          "leisure": "pitch",
          "sport": "basketball",
          "surface": "concrete"
        }
      }
    },
    {
      "type": "Feature",
      "geometry": {
        "type": "Point",
        "coordinates": [
          112.1054726,
          -8.1994576
        ]
      },
      "properties": {
        "id": "osm:way:1389219384",
        "name": "SMPN 1 Kademangan",
        "category": "Sekolah Menengah Pertama (SMP/MTs)",
        "osm_id": 1389219384,
        "osm_type": "way",
        "metadata": {
          "amenity": "school",
          "name": "SMPN 1 Kademangan"
        }
      }
    },
    {
      "type": "Feature",
      "geometry": {
        "type": "Point",
        "coordinates": [
          112.1044837,
          -8.1959416
        ]
      },
      "properties": {
        "id": "osm:way:1389219404",
        "name": "Kantor Kecamatan Kademangan",
        "category": "Layanan Pemerintahan",
        "osm_id": 1389219404,
        "osm_type": "way",
        "metadata": {
          "addr:country": "ID",
          "addr:district": "Blitar",
          "addr:full": "Jl. Raya Trisula No.44, Krajan, Suruhwadang, Kec. Kademangan, Kabupaten Blitar, Jawa Timur 66161",
          "addr:hamlet": "Krajan",
          "addr:postcode": "66161",
          "addr:province": "Jawa Timur",
          "addr:street": "Jl. Raya Trisula",
          "addr:subdistrict": "Kademangan",
          "addr:village": "Suruhwadang",
          "admin_level": "6",
          "amenity": "townhall",
          "building": "yes",
          "government": "administrative",
          "name": "Kantor Kecamatan Kademangan",
          "office": "government"
        }
      }
    },
    {
      "type": "Feature",
      "geometry": {
        "type": "Point",
        "coordinates": [
          112.2036966,
          -8.1669469
        ]
      },
      "properties": {
        "id": "osm:way:1391807013",
        "name": "SPBU 54.661.35 Gunung Betet",
        "category": "SPBU / Stasiun Pengisian Bahan Bakar",
        "osm_id": 1391807013,
        "osm_type": "way",
        "metadata": {
          "addr:full": "Kedung Bunder, Kec. Sutojayan, Kabupaten Blitar, Jawa Timur 66172",
          "amenity": "fuel",
          "brand": "Pertamina",
          "brand:wikidata": "Q1641044",
          "brand:wikipedia": "en:Pertamina",
          "building": "yes",
          "fuel:octane_91": "yes",
          "fuel:octane_92": "yes",
          "name": "SPBU 54.661.35 Gunung Betet"
        }
      }
    },
    {
      "type": "Feature",
      "geometry": {
        "type": "Point",
        "coordinates": [
          112.2208515,
          -8.0245271
        ]
      },
      "properties": {
        "id": "osm:way:1430487050",
        "name": "Lapangan Modangan",
        "category": "Fasilitas Olahraga",
        "osm_id": 1430487050,
        "osm_type": "way",
        "metadata": {
          "access": "yes",
          "description": "Lapangan umum Modangan -  Bulu",
          "leisure": "pitch",
          "lit": "no",
          "name": "Lapangan Modangan",
          "sport": "soccer;running;multi"
        }
      }
    },
    {
      "type": "Feature",
      "geometry": {
        "type": "Point",
        "coordinates": [
          112.2226813,
          -8.0223195
        ]
      },
      "properties": {
        "id": "osm:way:1431434697",
        "name": "Pemakaman (Tanpa Nama)",
        "category": "Pemakaman",
        "osm_id": 1431434697,
        "osm_type": "way",
        "metadata": {
          "landuse": "cemetery"
        }
      }
    },
    {
      "type": "Feature",
      "geometry": {
        "type": "Point",
        "coordinates": [
          111.9637786,
          -7.9016323
        ]
      },
      "properties": {
        "id": "osm:way:1431653751",
        "name": "Taman Kota / Terbuka (Tanpa Nama)",
        "category": "Taman Kota / Terbuka",
        "osm_id": 1431653751,
        "osm_type": "way",
        "metadata": {
          "leisure": "garden"
        }
      }
    }
  ]
}