{
  "type": "FeatureCollection",
  "features": [
    {
      "type": "Feature",
      "geometry": {
        "type": "Point",
        "coordinates": [
          112.1211865,
          -8.0830207
        ]
      },
      "properties": {
        "id": "osm:node:298740781",
        "name": "PB3",
        "category": "Lainnya",
        "osm_id": 298740781,
        "osm_type": "node",
        "metadata": {
          "amenity": "fuel",
          "ele": "150.09",
          "name": "PB3",
          "wpt_description": "PB3"
        }
      }
    },
    {
      "type": "Feature",
      "geometry": {
        "type": "Point",
        "coordinates": [
          112.1028528,
          -8.0414251
        ]
      },
      "properties": {
        "id": "osm:node:298741226",
        "name": "Puskesmas Ponggok",
        "category": "Klinik & Puskesmas",
        "osm_id": 298741226,
        "osm_type": "node",
        "metadata": {
          "addr:city": "Ponggok",
          "addr:postcode": "64153",
          "addr:street": "Jendral Sudirman",
          "amenity": "clinic",
          "ele": "185.0",
          "name": "Puskesmas Ponggok",
          "wpt_description": "Puskesmas Ponggok",
          "wpt_symbol": "Medical Facility"
        }
      }
    },
    {
      "type": "Feature",
      "geometry": {
        "type": "Point",
        "coordinates": [
          112.1859257,
          -8.0719605
        ]
      },
      "properties": {
        "id": "osm:node:298741251",
        "name": "President Lesehan 2",
        "category": "Restoran",
        "osm_id": 298741251,
        "osm_type": "node",
        "metadata": {
          "amenity": "restaurant",
          "ele": "264.01",
          "name": "President Lesehan 2"
        }
      }
    },
    {
      "type": "Feature",
      "geometry": {
        "type": "Point",
        "coordinates": [
          112.1631809,
          -8.1007279
        ]
      },
      "properties": {
        "id": "osm:node:298741338",
        "name": "Kantor Pos Blitar",
        "category": "Layanan Pemerintahan",
        "osm_id": 298741338,
        "osm_type": "node",
        "metadata": {
          "alt_name": "Kantor Pos",
          "amenity": "post_office",
          "branch": "Blitar",
          "internet_access": "yes",
          "internet_access:fee": "no",
          "name": "Kantor Pos Blitar",
          "operator": "Pos Indonesia",
          "operator:wikidata": "Q4273095",
          "payment:cash": "yes",
          "wheelchair": "limited"
        }
      }
    },
    {
      "type": "Feature",
      "geometry": {
        "type": "Point",
        "coordinates": [
          112.1656921,
          -8.0964394
        ]
      },
      "properties": {
        "id": "osm:node:298741539",
        "name": "Pendapa Ronggo Hadinegoro Kabupaten Blitar",
        "category": "Lainnya",
        "osm_id": 298741539,
        "osm_type": "node",
        "metadata": {
          "amenity": "townhall",
          "name": "Pendapa Ronggo Hadinegoro Kabupaten Blitar",
          "operator": "Pemerintah Kabupaten Blitar",
          "townhall:type": "district",
          "wpt_description": "Pendapa Ronggo Hadinegoro Kabupaten Blitar",
          "wpt_symbol": "City Hall"
        }
      }
    },
    {
      "type": "Feature",
      "geometry": {
        "type": "Point",
        "coordinates": [
          112.1610837,
          -8.0998595
        ]
      },
      "properties": {
        "id": "osm:node:719063919",
        "name": "Bakso radja",
        "category": "Restoran",
        "osm_id": 719063919,
        "osm_type": "node",
        "metadata": {
          "amenity": "restaurant",
          "name": "Bakso radja"
        }
      }
    },
    {
      "type": "Feature",
      "geometry": {
        "type": "Point",
        "coordinates": [
          112.1615358,
          -8.0990029
        ]
      },
      "properties": {
        "id": "osm:node:719066562",
        "name": "Hotel Tugu Sri Lestari",
        "category": "Hotel & Penginapan",
        "osm_id": 719066562,
        "osm_type": "node",
        "metadata": {
          "addr:street": "Jalan Merdeka no 173",
          "name": "Hotel Tugu Sri Lestari",
          "tourism": "hotel"
        }
      }
    },
    {
      "type": "Feature",
      "geometry": {
        "type": "Point",
        "coordinates": [
          112.1817327,
          -8.1002525
        ]
      },
      "properties": {
        "id": "osm:node:1308674237",
        "name": "Kantor Kelurahan Sananwetan",
        "category": "Layanan Pemerintahan",
        "osm_id": 1308674237,
        "osm_type": "node",
        "metadata": {
          "government": "public_service",
          "internet_access": "yes",
          "internet_access:fee": "no",
          "name": "Kantor Kelurahan Sananwetan",
          "office": "government",
          "wheelchair": "limited"
        }
      }
    },
    {
      "type": "Feature",
      "geometry": {
        "type": "Point",
        "coordinates": [
          112.0799426,
          -8.0921467
        ]
      },
      "properties": {
        "id": "osm:node:1628399729",
        "name": "Masjid & Mushola (Tanpa Nama)",
        "category": "Masjid & Mushola",
        "osm_id": 1628399729,
        "osm_type": "node",
        "metadata": {
          "amenity": "place_of_worship",
          "denomination": "sunni",
          "religion": "muslim"
        }
      }
    },
    {
      "type": "Feature",
      "geometry": {
        "type": "Point",
        "coordinates": [
          112.0813108,
          -8.0966716
        ]
      },
      "properties": {
        "id": "osm:node:1628399746",
        "name": "Church",
        "category": "Gereja",
        "osm_id": 1628399746,
        "osm_type": "node",
        "metadata": {
          "amenity": "place_of_worship",
          "name": "Church"
        }
      }
    },
    {
      "type": "Feature",
      "geometry": {
        "type": "Point",
        "coordinates": [
          112.0824424,
          -8.0927362
        ]
      },
      "properties": {
        "id": "osm:node:1628399778",
        "name": "SDN Maron",
        "category": "Sekolah Dasar (SD/MI)",
        "osm_id": 1628399778,
        "osm_type": "node",
        "metadata": {
          "amenity": "school",
          "name": "SDN Maron"
        }
      }
    },
    {
      "type": "Feature",
      "geometry": {
        "type": "Point",
        "coordinates": [
          112.0829997,
          -8.1005957
        ]
      },
      "properties": {
        "id": "osm:node:1628399820",
        "name": "Masjid & Mushola (Tanpa Nama)",
        "category": "Masjid & Mushola",
        "osm_id": 1628399820,
        "osm_type": "node",
        "metadata": {
          "amenity": "place_of_worship",
          "building": "mosque",
          "denomination": "sunni",
          "religion": "muslim"
        }
      }
    },
    {
      "type": "Feature",
      "geometry": {
        "type": "Point",
        "coordinates": [
          112.1602817,
          -8.1012886
        ]
      },
      "properties": {
        "id": "osm:node:1628872962",
        "name": "CV. Mustika Swalayan",
        "category": "Supermarket",
        "osm_id": 1628872962,
        "osm_type": "node",
        "metadata": {
          "name": "CV. Mustika Swalayan",
          "shop": "supermarket"
        }
      }
    },
    {
      "type": "Feature",
      "geometry": {
        "type": "Point",
        "coordinates": [
          112.1635379,
          -8.1041353
        ]
      },
      "properties": {
        "id": "osm:node:1628872989",
        "name": "Kantor Bersama Samsat Kota Blitar",
        "category": "Layanan Pemerintahan",
        "osm_id": 1628872989,
        "osm_type": "node",
        "metadata": {
          "air_conditioning": "no",
          "government": "transportation",
          "name": "Kantor Bersama Samsat Kota Blitar",
          "office": "government",
          "smoking": "outside",
          "wheelchair": "limited"
        }
      }
    },
    {
      "type": "Feature",
      "geometry": {
        "type": "Point",
        "coordinates": [
          112.1649863,
          -8.1004176
        ]
      },
      "properties": {
        "id": "osm:node:1628892252",
        "name": "BNI",
        "category": "Bank & Finansial",
        "osm_id": 1628892252,
        "osm_type": "node",
        "metadata": {
          "amenity": "bank",
          "atm": "yes",
          "brand": "BNI",
          "brand:wikidata": "Q2882611",
          "name": "BNI",
          "official_name": "Bank Negara Indonesia"
        }
      }
    },
    {
      "type": "Feature",
      "geometry": {
        "type": "Point",
        "coordinates": [
          112.1704407,
          -8.0982606
        ]
      },
      "properties": {
        "id": "osm:node:1628892270",
        "name": "Apollo Super Store",
        "category": "Toko Retail (Umum)",
        "osm_id": 1628892270,
        "osm_type": "node",
        "metadata": {
          "air_conditioning": "yes",
          "currency:IDR": "yes",
          "internet_access": "no",
          "level": "2",
          "name": "Apollo Super Store",
          "payment:cash": "yes",
          "shop": "clothes",
          "toilets": "yes",
          "wheelchair": "limited"
        }
      }
    },
    {
      "type": "Feature",
      "geometry": {
        "type": "Point",
        "coordinates": [
          112.1650651,
          -8.1009906
        ]
      },
      "properties": {
        "id": "osm:node:1628892277",
        "name": "ATM BCA STIEKEN",
        "category": "ATM / Mesin Tunai",
        "osm_id": 1628892277,
        "osm_type": "node",
        "metadata": {
          "addr:city": "Blitar",
          "addr:housenumber": "59",
          "addr:postcode": "66111",
          "addr:street": "Jalan Mastrip",
          "amenity": "atm",
          "currency:IDR": "yes",
          "drive_through": "no",
          "name": "ATM BCA STIEKEN",
          "operator": "BCA"
        }
      }
    },
    {
      "type": "Feature",
      "geometry": {
        "type": "Point",
        "coordinates": [
          112.1649916,
          -8.1001123
        ]
      },
      "properties": {
        "id": "osm:node:1628892278",
        "name": "ATM BNI",
        "category": "ATM / Mesin Tunai",
        "osm_id": 1628892278,
        "osm_type": "node",
        "metadata": {
          "addr:street": "Jalan Kenanga Blitar",
          "amenity": "atm",
          "brand": "BNI",
          "cash_in": "yes",
          "covered": "yes",
          "currency:IDR": "yes",
          "drive_through": "no",
          "indoor": "yes",
          "lit": "yes",
          "name": "ATM BNI",
          "opening_hours": "24/7",
          "operator": "BNI",
          "wheelchair": "no"
        }
      }
    },
    {
      "type": "Feature",
      "geometry": {
        "type": "Point",
        "coordinates": [
          112.1722717,
          -8.0970295
        ]
      },
      "properties": {
        "id": "osm:node:1628892279",
        "name": "Polresta Blitar",
        "category": "Layanan Pemerintahan",
        "osm_id": 1628892279,
        "osm_type": "node",
        "metadata": {
          "amenity": "police",
          "name": "Polresta Blitar"
        }
      }
    },
    {
      "type": "Feature",
      "geometry": {
        "type": "Point",
        "coordinates": [
          112.0817949,
          -8.0994617
        ]
      },
      "properties": {
        "id": "osm:node:1628924131",
        "name": "MTSn Srengat",
        "category": "Sekolah Menengah Pertama (SMP/MTs)",
        "osm_id": 1628924131,
        "osm_type": "node",
        "metadata": {
          "amenity": "school",
          "name": "MTSn Srengat"
        }
      }
    },
    {
      "type": "Feature",
      "geometry": {
        "type": "Point",
        "coordinates": [
          112.072332,
          -8.0621774
        ]
      },
      "properties": {
        "id": "osm:node:1628924157",
        "name": "SMPN 2 Srengat",
        "category": "Sekolah Menengah Pertama (SMP/MTs)",
        "osm_id": 1628924157,
        "osm_type": "node",
        "metadata": {
          "amenity": "school",
          "name": "SMPN 2 Srengat"
        }
      }
    },
    {
      "type": "Feature",
      "geometry": {
        "type": "Point",
        "coordinates": [
          112.0705706,
          -8.0638713
        ]
      },
      "properties": {
        "id": "osm:node:1631214005",
        "name": "Pasar Srengat",
        "category": "Pasar Tradisional",
        "osm_id": 1631214005,
        "osm_type": "node",
        "metadata": {
          "amenity": "marketplace",
          "name": "Pasar Srengat"
        }
      }
    },
    {
      "type": "Feature",
      "geometry": {
        "type": "Point",
        "coordinates": [
          112.0619178,
          -8.061691
        ]
      },
      "properties": {
        "id": "osm:node:1631214011",
        "name": "Polsek Srengat",
        "category": "Layanan Pemerintahan",
        "osm_id": 1631214011,
        "osm_type": "node",
        "metadata": {
          "amenity": "police",
          "name": "Polsek Srengat"
        }
      }
    },
    {
      "type": "Feature",
      "geometry": {
        "type": "Point",
        "coordinates": [
          112.0637578,
          -8.061683
        ]
      },
      "properties": {
        "id": "osm:node:1631214033",
        "name": "SPBU Pertamina 54.661.27",
        "category": "SPBU / Stasiun Pengisian Bahan Bakar",
        "osm_id": 1631214033,
        "osm_type": "node",
        "metadata": {
          "addr:city": "Kabupaten Blitar",
          "addr:postcode": "66152",
          "addr:street": "Jl. Mastrip No.16, Srengat II, Srengat, Kec. Srengat, Kabupaten Blitar, Jawa Timur 66152",
          "amenity": "fuel",
          "brand": "Pertamina",
          "fuel:biodiesel": "yes",
          "fuel:diesel": "yes",
          "fuel:octane_90": "yes",
          "fuel:octane_92": "yes",
          "name": "SPBU Pertamina 54.661.27",
          "self_service": "no"
        }
      }
    },
    {
      "type": "Feature",
      "geometry": {
        "type": "Point",
        "coordinates": [
          112.0615074,
          -8.0616007
        ]
      },
      "properties": {
        "id": "osm:node:1631214037",
        "name": "Camat Srengat",
        "category": "Lainnya",
        "osm_id": 1631214037,
        "osm_type": "node",
        "metadata": {
          "amenity": "townhall",
          "name": "Camat Srengat"
        }
      }
    },
    {
      "type": "Feature",
      "geometry": {
        "type": "Point",
        "coordinates": [
          112.1653552,
          -8.0918713
        ]
      },
      "properties": {
        "id": "osm:node:1634138546",
        "name": "Sumber Udel",
        "category": "Kolam Renang / Rekreasi Air",
        "osm_id": 1634138546,
        "osm_type": "node",
        "metadata": {
          "leisure": "swimming_pool",
          "name": "Sumber Udel"
        }
      }
    },
    {
      "type": "Feature",
      "geometry": {
        "type": "Point",
        "coordinates": [
          112.1703353,
          -8.099669
        ]
      },
      "properties": {
        "id": "osm:node:1634141778",
        "name": "SMP Negeri 1 Blitar",
        "category": "Sekolah Menengah Pertama (SMP/MTs)",
        "osm_id": 1634141778,
        "osm_type": "node",
        "metadata": {
          "addr:city": "Blitar",
          "addr:district": "Kepanjenkidul",
          "addr:housenumber": "8",
          "addr:postcode": "66111",
          "addr:province": "Jawa Timur",
          "addr:street": "Jalan Ahmad Yani",
          "addr:subdistrict": "Kepanjenkidul",
          "air_conditioning": "no",
          "ele": "179",
          "email": "smpn1@blitarkota.go.id",
          "internet_access": "yes",
          "name": "SMP Negeri 1 Blitar",
          "office": "educational_institution",
          "official_name": "UPT Satuan Pendidikan SMPN 1 Blitar",
          "opening_hours": "Mo-Sa 07:00-14:00",
          "phone": "+62342801921",
          "short_name": "SMPN 1 Blitar",
          "smoking": "no",
          "start_date": "1946-08-19",
          "website": "https://www.smpn1blitar.sch.id",
          "wheelchair": "limited",
          "wikidata": "Q7391285",
          "wikipedia": "en:SMP Negeri 1 Blitar"
        }
      }
    },
    {
      "type": "Feature",
      "geometry": {
        "type": "Point",
        "coordinates": [
          112.179866,
          -8.1095353
        ]
      },
      "properties": {
        "id": "osm:node:1634141782",
        "name": "RSUD Mardi Waluyo",
        "category": "Rumah Sakit",
        "osm_id": 1634141782,
        "osm_type": "node",
        "metadata": {
          "amenity": "hospital",
          "check_date": "2024-08-07",
          "emergency": "yes",
          "healthcare": "hospital",
          "name": "RSUD Mardi Waluyo"
        }
      }
    },
    {
      "type": "Feature",
      "geometry": {
        "type": "Point",
        "coordinates": [
          112.1831597,
          -8.09074
        ]
      },
      "properties": {
        "id": "osm:node:1634141783",
        "name": "Hotel & Taman Patria",
        "category": "Hotel & Penginapan",
        "osm_id": 1634141783,
        "osm_type": "node",
        "metadata": {
          "leisure": "playground",
          "name": "Hotel & Taman Patria"
        }
      }
    },
    {
      "type": "Feature",
      "geometry": {
        "type": "Point",
        "coordinates": [
          112.1806333,
          -8.1007651
        ]
      },
      "properties": {
        "id": "osm:node:1634141785",
        "name": "SMA Negeri 1 Blitar",
        "category": "Sekolah Menengah Atas (SMA/SMK/MA)",
        "osm_id": 1634141785,
        "osm_type": "node",
        "metadata": {
          "addr:city": "Blitar",
          "addr:district": "Sananwetan",
          "addr:housenumber": "112",
          "addr:postcode": "66184",
          "addr:province": "Jawa Timur",
          "addr:street": "Jalan Ahmad Yani",
          "addr:subdistrict": "Sananwetan",
          "alt_name": "SMAN 1 Blitar",
          "internet_access": "yes",
          "internet_access:fee": "no",
          "name": "SMA Negeri 1 Blitar",
          "office": "educational_institution",
          "smoking": "no",
          "start_date": "1955-08-22",
          "wheelchair": "limited"
        }
      }
    },
    {
      "type": "Feature",
      "geometry": {
        "type": "Point",
        "coordinates": [
          112.1721818,
          -8.0998161
        ]
      },
      "properties": {
        "id": "osm:node:1634419580",
        "name": "RS Katolik Budi Rahayu",
        "category": "Rumah Sakit",
        "osm_id": 1634419580,
        "osm_type": "node",
        "metadata": {
          "amenity": "hospital",
          "emergency": "yes",
          "healthcare": "hospital",
          "name": "RS Katolik Budi Rahayu",
          "opening_hours": "24/7",
          "wheelchair": "yes"
        }
      }
    },
    {
      "type": "Feature",
      "geometry": {
        "type": "Point",
        "coordinates": [
          112.083086,
          -8.1212602
        ]
      },
      "properties": {
        "id": "osm:node:1731392386",
        "name": "Pasar Rejotangan",
        "category": "Pasar Tradisional",
        "osm_id": 1731392386,
        "osm_type": "node",
        "metadata": {
          "amenity": "marketplace",
          "name": "Pasar Rejotangan"
        }
      }
    },
    {
      "type": "Feature",
      "geometry": {
        "type": "Point",
        "coordinates": [
          112.0836358,
          -8.1219107
        ]
      },
      "properties": {
        "id": "osm:node:1731394467",
        "name": "UGD Puskesmas Rejotangan",
        "category": "Rumah Sakit",
        "osm_id": 1731394467,
        "osm_type": "node",
        "metadata": {
          "amenity": "hospital",
          "emergency": "yes",
          "name": "UGD Puskesmas Rejotangan"
        }
      }
    },
    {
      "type": "Feature",
      "geometry": {
        "type": "Point",
        "coordinates": [
          112.0811092,
          -8.1241306
        ]
      },
      "properties": {
        "id": "osm:node:1731396602",
        "name": "SDN 1 Rejotangan (Elementary School of Rejotangan)",
        "category": "Sekolah Dasar (SD/MI)",
        "osm_id": 1731396602,
        "osm_type": "node",
        "metadata": {
          "addr:housename": "SDN 1 Rejotangan",
          "addr:postcode": "66293",
          "amenity": "school",
          "name": "SDN 1 Rejotangan (Elementary School of Rejotangan)"
        }
      }
    },
    {
      "type": "Feature",
      "geometry": {
        "type": "Point",
        "coordinates": [
          112.1709144,
          -8.0997434
        ]
      },
      "properties": {
        "id": "osm:node:1766458435",
        "name": "Plasa Telkom Blitar",
        "category": "Layanan Pemerintahan",
        "osm_id": 1766458435,
        "osm_type": "node",
        "metadata": {
          "designation": "Telkom Blitar",
          "name": "Plasa Telkom Blitar",
          "office": "telecommunication"
        }
      }
    },
    {
      "type": "Feature",
      "geometry": {
        "type": "Point",
        "coordinates": [
          112.1643805,
          -8.0994386
        ]
      },
      "properties": {
        "id": "osm:node:1766458444",
        "name": "Kantor Wali Kota Blitar",
        "category": "Layanan Pemerintahan",
        "osm_id": 1766458444,
        "osm_type": "node",
        "metadata": {
          "addr:city": "Blitar",
          "addr:district": "Kepanjenkidul",
          "addr:housenumber": "5",
          "addr:postcode": "66111",
          "addr:province": "Jawa Timur",
          "addr:street": "Jalan Merdeka",
          "addr:subdistrict": "Kepanjenkidul",
          "amenity": "townhall",
          "name": "Kantor Wali Kota Blitar",
          "operator": "Pemerintah Kota Blitar",
          "townhall:type": "city"
        }
      }
    },
    {
      "type": "Feature",
      "geometry": {
        "type": "Point",
        "coordinates": [
          112.1569405,
          -8.102442
        ]
      },
      "properties": {
        "id": "osm:node:1766460901",
        "name": "Bank Muamalat",
        "category": "Bank & Finansial",
        "osm_id": 1766460901,
        "osm_type": "node",
        "metadata": {
          "amenity": "bank",
          "brand": "Bank Muamalat",
          "brand:wikidata": "Q4855949",
          "name": "Bank Muamalat"
        }
      }
    },
    {
      "type": "Feature",
      "geometry": {
        "type": "Point",
        "coordinates": [
          112.157933,
          -8.1029862
        ]
      },
      "properties": {
        "id": "osm:node:1766460902",
        "name": "Bank Central Asia",
        "category": "Bank & Finansial",
        "osm_id": 1766460902,
        "osm_type": "node",
        "metadata": {
          "amenity": "bank",
          "branch": "KCP Blitar",
          "brand": "Bank Central Asia",
          "brand:wikidata": "Q806626",
          "name": "Bank Central Asia"
        }
      }
    },
    {
      "type": "Feature",
      "geometry": {
        "type": "Point",
        "coordinates": [
          112.1578928,
          -8.1026198
        ]
      },
      "properties": {
        "id": "osm:node:1766460903",
        "name": "Bank Mega",
        "category": "Bank & Finansial",
        "osm_id": 1766460903,
        "osm_type": "node",
        "metadata": {
          "addr:street": "Jalan cepaka",
          "amenity": "bank",
          "brand": "Bank Mega",
          "brand:wikidata": "Q12474504",
          "name": "Bank Mega"
        }
      }
    },
    {
      "type": "Feature",
      "geometry": {
        "type": "Point",
        "coordinates": [
          112.1690255,
          -8.0995118
        ]
      },
      "properties": {
        "id": "osm:node:1766460904",
        "name": "BRI",
        "category": "Bank & Finansial",
        "osm_id": 1766460904,
        "osm_type": "node",
        "metadata": {
          "air_conditioning": "yes",
          "amenity": "bank",
          "atm": "yes",
          "branch": "Blitar",
          "brand": "BRI",
          "brand:wikidata": "Q623042",
          "currency:IDR": "yes",
          "currency:USD": "yes",
          "drive_through": "no",
          "name": "BRI",
          "official_name": "Bank Rakyat Indonesia",
          "operator": "Bank Rakyat Indonesia",
          "wheelchair": "yes"
        }
      }
    },
    {
      "type": "Feature",
      "geometry": {
        "type": "Point",
        "coordinates": [
          112.1587108,
          -8.0985782
        ]
      },
      "properties": {
        "id": "osm:node:1766466384",
        "name": "Poo An Kiong",
        "category": "Vihara",
        "osm_id": 1766466384,
        "osm_type": "node",
        "metadata": {
          "amenity": "place_of_worship",
          "name": "Poo An Kiong",
          "religion": "buddhist"
        }
      }
    },
    {
      "type": "Feature",
      "geometry": {
        "type": "Point",
        "coordinates": [
          112.1671539,
          -8.0989546
        ]
      },
      "properties": {
        "id": "osm:node:1766466387",
        "name": "Bank Danamon",
        "category": "Bank & Finansial",
        "osm_id": 1766466387,
        "osm_type": "node",
        "metadata": {
          "air_conditioning": "yes",
          "amenity": "bank",
          "atm": "yes",
          "branch": "Blitar",
          "brand": "Bank Danamon",
          "brand:wikidata": "Q4855913",
          "currency:IDR": "yes",
          "currency:USD": "yes",
          "drive_through": "no",
          "name": "Bank Danamon",
          "wheelchair": "limited"
        }
      }
    },
    {
      "type": "Feature",
      "geometry": {
        "type": "Point",
        "coordinates": [
          112.1692246,
          -8.101432
        ]
      },
      "properties": {
        "id": "osm:node:1766466390",
        "name": "RSU Aminah",
        "category": "Rumah Sakit",
        "osm_id": 1766466390,
        "osm_type": "node",
        "metadata": {
          "amenity": "hospital",
          "emergency": "yes",
          "healthcare": "hospital",
          "name": "RSU Aminah"
        }
      }
    },
    {
      "type": "Feature",
      "geometry": {
        "type": "Point",
        "coordinates": [
          112.1801149,
          -8.1073624
        ]
      },
      "properties": {
        "id": "osm:node:1766473105",
        "name": "SPBU Pertamina 54.661.25 Jl.Kalimantan",
        "category": "SPBU / Stasiun Pengisian Bahan Bakar",
        "osm_id": 1766473105,
        "osm_type": "node",
        "metadata": {
          "addr:city": "Kota Blitar",
          "addr:postcode": "66137",
          "addr:street": "Jl. Kalimantan No.95, Sananwetan, Kec. Sananwetan, Kota Blitar, Jawa Timur 66137",
          "amenity": "fuel",
          "brand": "Pertamina",
          "compressed_air": "yes",
          "fuel:biodiesel": "yes",
          "fuel:diesel": "yes",
          "fuel:octane_90": "yes",
          "fuel:octane_92": "yes",
          "fuel:octane_98": "yes",
          "name": "SPBU Pertamina 54.661.25 Jl.Kalimantan"
        }
      }
    },
    {
      "type": "Feature",
      "geometry": {
        "type": "Point",
        "coordinates": [
          112.1660488,
          -8.0992867
        ]
      },
      "properties": {
        "id": "osm:node:1766473108",
        "name": "Suzuki",
        "category": "Toko Retail (Umum)",
        "osm_id": 1766473108,
        "osm_type": "node",
        "metadata": {
          "brand": "Suzuki",
          "brand:wikidata": "Q181642",
          "name": "Suzuki",
          "shop": "car"
        }
      }
    },
    {
      "type": "Feature",
      "geometry": {
        "type": "Point",
        "coordinates": [
          112.171601,
          -8.0952504
        ]
      },
      "properties": {
        "id": "osm:node:1766473110",
        "name": "Kampus III Universitas Negeri Malang",
        "category": "Perguruan Tinggi",
        "osm_id": 1766473110,
        "osm_type": "node",
        "metadata": {
          "amenity": "school",
          "name": "Kampus III Universitas Negeri Malang"
        }
      }
    },
    {
      "type": "Feature",
      "geometry": {
        "type": "Point",
        "coordinates": [
          112.1572759,
          -8.1028136
        ]
      },
      "properties": {
        "id": "osm:node:1766473111",
        "name": "Mitsubishi",
        "category": "Toko Retail (Umum)",
        "osm_id": 1766473111,
        "osm_type": "node",
        "metadata": {
          "brand": "Mitsubishi",
          "brand:wikidata": "Q36033",
          "name": "Mitsubishi",
          "shop": "car"
        }
      }
    },
    {
      "type": "Feature",
      "geometry": {
        "type": "Point",
        "coordinates": [
          112.179417,
          -8.1077944
        ]
      },
      "properties": {
        "id": "osm:node:1766473112",
        "name": "GOR Soekarno-Hatta",
        "category": "Fasilitas Olahraga",
        "osm_id": 1766473112,
        "osm_type": "node",
        "metadata": {
          "access": "yes",
          "alt_name": "GOR Kota Blitar",
          "fee": "yes",
          "leisure": "sports_centre",
          "name": "GOR Soekarno-Hatta",
          "operator": "Pemerintah Kota Blitar",
          "operator:type": "government",
          "wheelchair": "limited"
        }
      }
    },
    {
      "type": "Feature",
      "geometry": {
        "type": "Point",
        "coordinates": [
          112.1591025,
          -8.1030871
        ]
      },
      "properties": {
        "id": "osm:node:1766473118",
        "name": "Mr DIY",
        "category": "Supermarket",
        "osm_id": 1766473118,
        "osm_type": "node",
        "metadata": {
          "name": "Mr DIY",
          "shop": "supermarket"
        }
      }
    },
    {
      "type": "Feature",
      "geometry": {
        "type": "Point",
        "coordinates": [
          112.1577211,
          -8.102572
        ]
      },
      "properties": {
        "id": "osm:node:1766473120",
        "name": "Daihatsu",
        "category": "Toko Retail (Umum)",
        "osm_id": 1766473120,
        "osm_type": "node",
        "metadata": {
          "name": "Daihatsu",
          "shop": "car"
        }
      }
    },
    {
      "type": "Feature",
      "geometry": {
        "type": "Point",
        "coordinates": [
          112.1671947,
          -8.0994678
        ]
      },
      "properties": {
        "id": "osm:node:1766473124",
        "name": "Toko Buku Restu",
        "category": "Toko Retail (Umum)",
        "osm_id": 1766473124,
        "osm_type": "node",
        "metadata": {
          "air_conditioning": "yes",
          "name": "Toko Buku Restu",
          "payment:cash": "yes",
          "shop": "stationery"
        }
      }
    },
    {
      "type": "Feature",
      "geometry": {
        "type": "Point",
        "coordinates": [
          112.1699115,
          -8.0959336
        ]
      },
      "properties": {
        "id": "osm:node:1766487643",
        "name": "Patria Plaza Hotel",
        "category": "Mall / Pusat Perbelanjaan",
        "osm_id": 1766487643,
        "osm_type": "node",
        "metadata": {
          "addr:street": "Jalan RA Kartini",
          "name": "Patria Plaza Hotel",
          "tourism": "hotel"
        }
      }
    },
    {
      "type": "Feature",
      "geometry": {
        "type": "Point",
        "coordinates": [
          112.1734576,
          -8.0995156
        ]
      },
      "properties": {
        "id": "osm:node:1766487645",
        "name": "Quick Chicken",
        "category": "Cepat Saji",
        "osm_id": 1766487645,
        "osm_type": "node",
        "metadata": {
          "amenity": "fast_food",
          "cuisine": "chicken",
          "name": "Quick Chicken"
        }
      }
    },
    {
      "type": "Feature",
      "geometry": {
        "type": "Point",
        "coordinates": [
          112.1651186,
          -8.0945559
        ]
      },
      "properties": {
        "id": "osm:node:1766487650",
        "name": "Hotel Puri Perdana",
        "category": "Hotel & Penginapan",
        "osm_id": 1766487650,
        "osm_type": "node",
        "metadata": {
          "addr:street": "Jalan Anjasmoro 78 Blitar",
          "name": "Hotel Puri Perdana",
          "tourism": "hotel"
        }
      }
    },
    {
      "type": "Feature",
      "geometry": {
        "type": "Point",
        "coordinates": [
          112.1770672,
          -8.0940316
        ]
      },
      "properties": {
        "id": "osm:node:1766487651",
        "name": "Monumen Supriyadi",
        "category": "Lainnya",
        "osm_id": 1766487651,
        "osm_type": "node",
        "metadata": {
          "historic": "monument",
          "name": "Monumen Supriyadi"
        }
      }
    },
    {
      "type": "Feature",
      "geometry": {
        "type": "Point",
        "coordinates": [
          112.1677821,
          -8.1040112
        ]
      },
      "properties": {
        "id": "osm:node:1766487652",
        "name": "Restoran (Tanpa Nama)",
        "category": "Restoran",
        "osm_id": 1766487652,
        "osm_type": "node",
        "metadata": {
          "amenity": "restaurant"
        }
      }
    },
    {
      "type": "Feature",
      "geometry": {
        "type": "Point",
        "coordinates": [
          112.1755814,
          -8.0856212
        ]
      },
      "properties": {
        "id": "osm:node:1766487654",
        "name": "Perpustakaan Bung Karno",
        "category": "Sekolah (Umum)",
        "osm_id": 1766487654,
        "osm_type": "node",
        "metadata": {
          "addr:city": "Blitar",
          "amenity": "library",
          "contact:fax": "+62 342 815479",
          "contact:phone": "+62 342 815477",
          "contact:website": "http://perpusbungkarno.pnri.go.id",
          "name": "Perpustakaan Bung Karno"
        }
      }
    },
    {
      "type": "Feature",
      "geometry": {
        "type": "Point",
        "coordinates": [
          112.1609156,
          -8.1030393
        ]
      },
      "properties": {
        "id": "osm:node:1766487655",
        "name": "Hotel Grand Mansion",
        "category": "Hotel & Penginapan",
        "osm_id": 1766487655,
        "osm_type": "node",
        "metadata": {
          "addr:street": "Jalan Melati",
          "name": "Hotel Grand Mansion",
          "tourism": "hotel"
        }
      }
    },
    {
      "type": "Feature",
      "geometry": {
        "type": "Point",
        "coordinates": [
          112.1726841,
          -8.0914158
        ]
      },
      "properties": {
        "id": "osm:node:1766487658",
        "name": "Lapangan Tenis Agung",
        "category": "Fasilitas Olahraga",
        "osm_id": 1766487658,
        "osm_type": "node",
        "metadata": {
          "access": "customers",
          "indoor": "yes",
          "leisure": "pitch",
          "lit": "yes",
          "name": "Lapangan Tenis Agung",
          "sport": "tennis",
          "surface": "concrete"
        }
      }
    },
    {
      "type": "Feature",
      "geometry": {
        "type": "Point",
        "coordinates": [
          112.1678169,
          -8.1038519
        ]
      },
      "properties": {
        "id": "osm:node:1766487669",
        "name": "Minimarket (Tanpa Nama)",
        "category": "Minimarket",
        "osm_id": 1766487669,
        "osm_type": "node",
        "metadata": {
          "shop": "convenience"
        }
      }
    },
    {
      "type": "Feature",
      "geometry": {
        "type": "Point",
        "coordinates": [
          112.1687054,
          -8.0931059
        ]
      },
      "properties": {
        "id": "osm:node:1766487670",
        "name": "Stadion Gelora Supriadi",
        "category": "Fasilitas Olahraga",
        "osm_id": 1766487670,
        "osm_type": "node",
        "metadata": {
          "leisure": "stadium",
          "name": "Stadion Gelora Supriadi"
        }
      }
    },
    {
      "type": "Feature",
      "geometry": {
        "type": "Point",
        "coordinates": [
          112.1764617,
          -8.0935009
        ]
      },
      "properties": {
        "id": "osm:node:1766491094",
        "name": "SDK Santa Maria",
        "category": "Sekolah Dasar (SD/MI)",
        "osm_id": 1766491094,
        "osm_type": "node",
        "metadata": {
          "amenity": "school",
          "name": "SDK Santa Maria"
        }
      }
    },
    {
      "type": "Feature",
      "geometry": {
        "type": "Point",
        "coordinates": [
          112.1602826,
          -8.1029438
        ]
      },
      "properties": {
        "id": "osm:node:1766491095",
        "name": "SMPN 2 Blitar",
        "category": "Sekolah Menengah Pertama (SMP/MTs)",
        "osm_id": 1766491095,
        "osm_type": "node",
        "metadata": {
          "amenity": "school",
          "name": "SMPN 2 Blitar"
        }
      }
    },
    {
      "type": "Feature",
      "geometry": {
        "type": "Point",
        "coordinates": [
          112.1480196,
          -8.0921679
        ]
      },
      "properties": {
        "id": "osm:node:1766491096",
        "name": "SMAN 3 Blitar",
        "category": "Sekolah Menengah Atas (SMA/SMK/MA)",
        "osm_id": 1766491096,
        "osm_type": "node",
        "metadata": {
          "amenity": "school",
          "name": "SMAN 3 Blitar"
        }
      }
    },
    {
      "type": "Feature",
      "geometry": {
        "type": "Point",
        "coordinates": [
          112.1754639,
          -8.0970805
        ]
      },
      "properties": {
        "id": "osm:node:1766491097",
        "name": "SMAK Diponegoro",
        "category": "Sekolah (Umum)",
        "osm_id": 1766491097,
        "osm_type": "node",
        "metadata": {
          "amenity": "school",
          "name": "SMAK Diponegoro"
        }
      }
    },
    {
      "type": "Feature",
      "geometry": {
        "type": "Point",
        "coordinates": [
          112.1452295,
          -8.0985111
        ]
      },
      "properties": {
        "id": "osm:node:1766491099",
        "name": "SPBU Pertamina 54.661.03 Tanjung",
        "category": "SPBU / Stasiun Pengisian Bahan Bakar",
        "osm_id": 1766491099,
        "osm_type": "node",
        "metadata": {
          "addr:city": "Kota Blitar",
          "addr:postcode": "67122",
          "addr:street": "Jl. Letjend. Mt. Haryono, Pakunden, Kec. Sukorejo, Kota Blitar, Jawa Timur 67122",
          "amenity": "fuel",
          "brand": "Pertamina",
          "fuel:biodiesel": "yes",
          "fuel:diesel": "yes",
          "fuel:octane_90": "yes",
          "fuel:octane_92": "yes",
          "name": "SPBU Pertamina 54.661.03 Tanjung",
          "self_service": "no"
        }
      }
    },
    {
      "type": "Feature",
      "geometry": {
        "type": "Point",
        "coordinates": [
          112.1751515,
          -8.0941426
        ]
      },
      "properties": {
        "id": "osm:node:1766491101",
        "name": "TK Santa Maria",
        "category": "Taman Kanak-Kanak / PAUD",
        "osm_id": 1766491101,
        "osm_type": "node",
        "metadata": {
          "amenity": "kindergarten",
          "name": "TK Santa Maria"
        }
      }
    },
    {
      "type": "Feature",
      "geometry": {
        "type": "Point",
        "coordinates": [
          112.1562927,
          -8.1090729
        ]
      },
      "properties": {
        "id": "osm:node:1822418827",
        "name": "SDN karangsari 2",
        "category": "Sekolah Dasar (SD/MI)",
        "osm_id": 1822418827,
        "osm_type": "node",
        "metadata": {
          "amenity": "school",
          "name": "SDN karangsari 2"
        }
      }
    },
    {
      "type": "Feature",
      "geometry": {
        "type": "Point",
        "coordinates": [
          112.1577339,
          -8.1092014
        ]
      },
      "properties": {
        "id": "osm:node:1822418828",
        "name": "Masjid jami diponegoro",
        "category": "Masjid & Mushola",
        "osm_id": 1822418828,
        "osm_type": "node",
        "metadata": {
          "amenity": "place_of_worship",
          "name": "Masjid jami diponegoro",
          "religion": "muslim"
        }
      }
    },
    {
      "type": "Feature",
      "geometry": {
        "type": "Point",
        "coordinates": [
          112.1573343,
          -8.1087739
        ]
      },
      "properties": {
        "id": "osm:node:1822418831",
        "name": "puskesmas karangsari",
        "category": "Rumah Sakit",
        "osm_id": 1822418831,
        "osm_type": "node",
        "metadata": {
          "amenity": "hospital",
          "emergency": "no",
          "name": "puskesmas karangsari"
        }
      }
    },
    {
      "type": "Feature",
      "geometry": {
        "type": "Point",
        "coordinates": [
          112.1653767,
          -8.0921012
        ]
      },
      "properties": {
        "id": "osm:node:1829573119",
        "name": "Kolam Renang / Rekreasi Air (Tanpa Nama)",
        "category": "Kolam Renang / Rekreasi Air",
        "osm_id": 1829573119,
        "osm_type": "node",
        "metadata": {
          "leisure": "water_park"
        }
      }
    },
    {
      "type": "Feature",
      "geometry": {
        "type": "Point",
        "coordinates": [
          112.1648728,
          -8.1047071
        ]
      },
      "properties": {
        "id": "osm:node:1844866737",
        "name": "Kelurahan Kepanjen Kidul",
        "category": "Layanan Pemerintahan",
        "osm_id": 1844866737,
        "osm_type": "node",
        "metadata": {
          "amenity": "townhall",
          "name": "Kelurahan Kepanjen Kidul"
        }
      }
    },
    {
      "type": "Feature",
      "geometry": {
        "type": "Point",
        "coordinates": [
          112.1649425,
          -8.1045319
        ]
      },
      "properties": {
        "id": "osm:node:1844866768",
        "name": "Sport Center Griya Melati Indah II",
        "category": "Fasilitas Olahraga",
        "osm_id": 1844866768,
        "osm_type": "node",
        "metadata": {
          "leisure": "sports_centre",
          "name": "Sport Center Griya Melati Indah II"
        }
      }
    },
    {
      "type": "Feature",
      "geometry": {
        "type": "Point",
        "coordinates": [
          112.1674745,
          -8.1054188
        ]
      },
      "properties": {
        "id": "osm:node:1844866852",
        "name": "SD Kepanjen Kidul III",
        "category": "Sekolah Dasar (SD/MI)",
        "osm_id": 1844866852,
        "osm_type": "node",
        "metadata": {
          "addr:street": "Veteran",
          "amenity": "school",
          "name": "SD Kepanjen Kidul III"
        }
      }
    },
    {
      "type": "Feature",
      "geometry": {
        "type": "Point",
        "coordinates": [
          112.1481448,
          -8.1018286
        ]
      },
      "properties": {
        "id": "osm:node:1909415478",
        "name": "makam aryo blitar",
        "category": "Pemakaman",
        "osm_id": 1909415478,
        "osm_type": "node",
        "metadata": {
          "historic": "memorial",
          "name": "makam aryo blitar"
        }
      }
    },
    {
      "type": "Feature",
      "geometry": {
        "type": "Point",
        "coordinates": [
          112.1830887,
          -8.0905282
        ]
      },
      "properties": {
        "id": "osm:node:1920952939",
        "name": "Hotel Herlingga Jaya",
        "category": "Hotel & Penginapan",
        "osm_id": 1920952939,
        "osm_type": "node",
        "metadata": {
          "addr:street": "Jalan Jakgung suprapto",
          "name": "Hotel Herlingga Jaya",
          "tourism": "hotel"
        }
      }
    },
    {
      "type": "Feature",
      "geometry": {
        "type": "Point",
        "coordinates": [
          112.1699298,
          -8.0977618
        ]
      },
      "properties": {
        "id": "osm:node:1920983262",
        "name": "Masjid At-Taqwa",
        "category": "Masjid & Mushola",
        "osm_id": 1920983262,
        "osm_type": "node",
        "metadata": {
          "amenity": "place_of_worship",
          "denomination": "muhammadiyah",
          "name": "Masjid At-Taqwa",
          "religion": "muslim"
        }
      }
    },
    {
      "type": "Feature",
      "geometry": {
        "type": "Point",
        "coordinates": [
          112.1693343,
          -8.097544
        ]
      },
      "properties": {
        "id": "osm:node:1920983336",
        "name": "Gedung Graha Patria",
        "category": "Fasilitas Warga & Balai",
        "osm_id": 1920983336,
        "osm_type": "node",
        "metadata": {
          "amenity": "townhall",
          "name": "Gedung Graha Patria"
        }
      }
    },
    {
      "type": "Feature",
      "geometry": {
        "type": "Point",
        "coordinates": [
          112.1477694,
          -8.09961
        ]
      },
      "properties": {
        "id": "osm:node:1921006913",
        "name": "RS Syuhada Haji Blitar",
        "category": "Rumah Sakit",
        "osm_id": 1921006913,
        "osm_type": "node",
        "metadata": {
          "amenity": "hospital",
          "name": "RS Syuhada Haji Blitar"
        }
      }
    },
    {
      "type": "Feature",
      "geometry": {
        "type": "Point",
        "coordinates": [
          112.1582112,
          -8.1026
        ]
      },
      "properties": {
        "id": "osm:node:1921030328",
        "name": "Gereja Santa Maria",
        "category": "Gereja",
        "osm_id": 1921030328,
        "osm_type": "node",
        "metadata": {
          "amenity": "place_of_worship",
          "name": "Gereja Santa Maria",
          "religion": "christian"
        }
      }
    },
    {
      "type": "Feature",
      "geometry": {
        "type": "Point",
        "coordinates": [
          112.1799371,
          -8.1062297
        ]
      },
      "properties": {
        "id": "osm:node:1924316207",
        "name": "Masjid Hidayatullah",
        "category": "Masjid & Mushola",
        "osm_id": 1924316207,
        "osm_type": "node",
        "metadata": {
          "amenity": "place_of_worship",
          "denomination": "sunni",
          "name": "Masjid Hidayatullah",
          "religion": "muslim"
        }
      }
    },
    {
      "type": "Feature",
      "geometry": {
        "type": "Point",
        "coordinates": [
          112.1739573,
          -8.1028663
        ]
      },
      "properties": {
        "id": "osm:node:1924345770",
        "name": "Masjid Baitul Mu'min",
        "category": "Masjid & Mushola",
        "osm_id": 1924345770,
        "osm_type": "node",
        "metadata": {
          "amenity": "place_of_worship",
          "name": "Masjid Baitul Mu'min",
          "religion": "muslim"
        }
      }
    },
    {
      "type": "Feature",
      "geometry": {
        "type": "Point",
        "coordinates": [
          112.1731526,
          -8.1055483
        ]
      },
      "properties": {
        "id": "osm:node:1924349968",
        "name": "Bakso gangsar",
        "category": "Restoran",
        "osm_id": 1924349968,
        "osm_type": "node",
        "metadata": {
          "amenity": "restaurant",
          "name": "Bakso gangsar"
        }
      }
    },
    {
      "type": "Feature",
      "geometry": {
        "type": "Point",
        "coordinates": [
          112.1648253,
          -8.1038464
        ]
      },
      "properties": {
        "id": "osm:node:1932362384",
        "name": "Omaku",
        "category": "Kafe & Kedai Kopi",
        "osm_id": 1932362384,
        "osm_type": "node",
        "metadata": {
          "amenity": "cafe",
          "name": "Omaku"
        }
      }
    },
    {
      "type": "Feature",
      "geometry": {
        "type": "Point",
        "coordinates": [
          112.1738965,
          -8.0976679
        ]
      },
      "properties": {
        "id": "osm:node:1932401050",
        "name": "odabli",
        "category": "Pasar Tradisional",
        "osm_id": 1932401050,
        "osm_type": "node",
        "metadata": {
          "amenity": "marketplace",
          "name": "odabli"
        }
      }
    },
    {
      "type": "Feature",
      "geometry": {
        "type": "Point",
        "coordinates": [
          112.1687145,
          -8.0976201
        ]
      },
      "properties": {
        "id": "osm:node:1932410186",
        "name": "cuci gudang",
        "category": "Jasa Pengiriman & Logistik",
        "osm_id": 1932410186,
        "osm_type": "node",
        "metadata": {
          "name": "cuci gudang",
          "shop": "clothes"
        }
      }
    },
    {
      "type": "Feature",
      "geometry": {
        "type": "Point",
        "coordinates": [
          112.1630666,
          -8.1002503
        ]
      },
      "properties": {
        "id": "osm:node:2021132855",
        "name": "Hawaii Fashion",
        "category": "Toko Retail (Umum)",
        "osm_id": 2021132855,
        "osm_type": "node",
        "metadata": {
          "addr:city": "Blitar",
          "addr:country": "ID",
          "addr:housenumber": "74",
          "addr:postcode": "66111",
          "addr:province": "Jawa Timur",
          "addr:state": "JAWA TIMUR",
          "addr:street": "Mastrip",
          "name": "Hawaii Fashion",
          "note": "Toko fashion dengan harga Dan kualitas terbaik",
          "shop": "clothes",
          "wheelchair": "no"
        }
      }
    },
    {
      "type": "Feature",
      "geometry": {
        "type": "Point",
        "coordinates": [
          112.1690357,
          -8.0985162
        ]
      },
      "properties": {
        "id": "osm:node:2123320501",
        "name": "Depot Es Mini",
        "category": "Restoran",
        "osm_id": 2123320501,
        "osm_type": "node",
        "metadata": {
          "air_conditioning": "no",
          "amenity": "restaurant",
          "cuisine": "indonesian",
          "diet:halal": "yes",
          "name": "Depot Es Mini",
          "outdoor_seating": "no",
          "payment:cash": "yes",
          "reservation": "yes",
          "smoking": "yes",
          "takeaway": "yes",
          "toilets": "yes"
        }
      }
    },
    {
      "type": "Feature",
      "geometry": {
        "type": "Point",
        "coordinates": [
          112.1538291,
          -8.1017163
        ]
      },
      "properties": {
        "id": "osm:node:2333075522",
        "name": "ATM Mandiri",
        "category": "ATM / Mesin Tunai",
        "osm_id": 2333075522,
        "osm_type": "node",
        "metadata": {
          "amenity": "atm",
          "fee": "no",
          "name": "ATM Mandiri",
          "operator": "Mandiri"
        }
      }
    },
    {
      "type": "Feature",
      "geometry": {
        "type": "Point",
        "coordinates": [
          112.1570155,
          -8.1023376
        ]
      },
      "properties": {
        "id": "osm:node:2333076805",
        "name": "ATM / Mesin Tunai (Tanpa Nama)",
        "category": "ATM / Mesin Tunai",
        "osm_id": 2333076805,
        "osm_type": "node",
        "metadata": {
          "addr:street": "Jalan cepaka",
          "amenity": "atm",
          "fee": "no",
          "operator": "Bank Muamalat cepaka"
        }
      }
    },
    {
      "type": "Feature",
      "geometry": {
        "type": "Point",
        "coordinates": [
          112.1579326,
          -8.1025527
        ]
      },
      "properties": {
        "id": "osm:node:2333076806",
        "name": "ATM / Mesin Tunai (Tanpa Nama)",
        "category": "ATM / Mesin Tunai",
        "osm_id": 2333076806,
        "osm_type": "node",
        "metadata": {
          "addr:street": "jalan cepaka blitar",
          "amenity": "atm",
          "fee": "no",
          "operator": "Bank Mega cepaka"
        }
      }
    },
    {
      "type": "Feature",
      "geometry": {
        "type": "Point",
        "coordinates": [
          112.1695039,
          -8.0981792
        ]
      },
      "properties": {
        "id": "osm:node:2333103984",
        "name": "Rumah Makan Padang",
        "category": "Restoran",
        "osm_id": 2333103984,
        "osm_type": "node",
        "metadata": {
          "amenity": "restaurant",
          "cuisine": "indonesian",
          "diet:halal": "yes",
          "name": "Rumah Makan Padang"
        }
      }
    },
    {
      "type": "Feature",
      "geometry": {
        "type": "Point",
        "coordinates": [
          112.1640966,
          -8.0986147
        ]
      },
      "properties": {
        "id": "osm:node:2333104139",
        "name": "Rumah Makan Padang Sari Bundo",
        "category": "Restoran",
        "osm_id": 2333104139,
        "osm_type": "node",
        "metadata": {
          "amenity": "restaurant",
          "cuisine": "indonesian",
          "diet:halal": "yes",
          "name": "Rumah Makan Padang Sari Bundo",
          "opening_hours": "Mo-Su 07:00-23:00",
          "wheelchair": "limited"
        }
      }
    },
    {
      "type": "Feature",
      "geometry": {
        "type": "Point",
        "coordinates": [
          112.16665,
          -8.1011321
        ]
      },
      "properties": {
        "id": "osm:node:2333110527",
        "name": "Mi Ayam putra solo",
        "category": "Restoran",
        "osm_id": 2333110527,
        "osm_type": "node",
        "metadata": {
          "addr:street": "Jalan mastrip blitar",
          "amenity": "restaurant",
          "name": "Mi Ayam putra solo"
        }
      }
    },
    {
      "type": "Feature",
      "geometry": {
        "type": "Point",
        "coordinates": [
          112.176137,
          -8.0997512
        ]
      },
      "properties": {
        "id": "osm:node:2333111143",
        "name": "Nasi Pecel Mbok Bari",
        "category": "Restoran",
        "osm_id": 2333111143,
        "osm_type": "node",
        "metadata": {
          "amenity": "restaurant",
          "name": "Nasi Pecel Mbok Bari"
        }
      }
    },
    {
      "type": "Feature",
      "geometry": {
        "type": "Point",
        "coordinates": [
          112.1580805,
          -8.1029039
        ]
      },
      "properties": {
        "id": "osm:node:2349657334",
        "name": "ATM BCA",
        "category": "ATM / Mesin Tunai",
        "osm_id": 2349657334,
        "osm_type": "node",
        "metadata": {
          "addr:street": "jalan cepaka blitar",
          "amenity": "atm",
          "cash_in": "yes",
          "currency:IDR": "yes",
          "drive_through": "no",
          "fee": "atm BCA cepaka",
          "indoor": "yes",
          "lit": "yes",
          "name": "ATM BCA",
          "opening_hours": "24/7",
          "operator": "BCA",
          "wheelchair": "no"
        }
      }
    },
    {
      "type": "Feature",
      "geometry": {
        "type": "Point",
        "coordinates": [
          112.1740932,
          -8.0869672
        ]
      },
      "properties": {
        "id": "osm:node:2353547466",
        "name": "Wisata Jamur",
        "category": "Restoran",
        "osm_id": 2353547466,
        "osm_type": "node",
        "metadata": {
          "addr:street": "Jalan Ir Soekarno",
          "amenity": "restaurant",
          "name": "Wisata Jamur"
        }
      }
    },
    {
      "type": "Feature",
      "geometry": {
        "type": "Point",
        "coordinates": [
          112.1771188,
          -8.1002659
        ]
      },
      "properties": {
        "id": "osm:node:2353607945",
        "name": "Hotel Blitar Indah",
        "category": "Hotel & Penginapan",
        "osm_id": 2353607945,
        "osm_type": "node",
        "metadata": {
          "addr:street": "Jalan A.Yani 62 Blitar",
          "name": "Hotel Blitar Indah",
          "tourism": "hotel"
        }
      }
    },
    {
      "type": "Feature",
      "geometry": {
        "type": "Point",
        "coordinates": [
          112.1641905,
          -8.1004996
        ]
      },
      "properties": {
        "id": "osm:node:2353616053",
        "name": "Hotel Patria Palace",
        "category": "Hotel & Penginapan",
        "osm_id": 2353616053,
        "osm_type": "node",
        "metadata": {
          "addr:street": "Jalan Mastrip no 56 Blitar",
          "name": "Hotel Patria Palace",
          "tourism": "hotel"
        }
      }
    },
    {
      "type": "Feature",
      "geometry": {
        "type": "Point",
        "coordinates": [
          112.171191,
          -8.0984763
        ]
      },
      "properties": {
        "id": "osm:node:2371653837",
        "name": "Bank Jatim",
        "category": "Bank & Finansial",
        "osm_id": 2371653837,
        "osm_type": "node",
        "metadata": {
          "air_conditioning": "yes",
          "amenity": "bank",
          "atm": "yes",
          "branch": "Blitar",
          "currency:IDR": "yes",
          "drive_through": "no",
          "name": "Bank Jatim",
          "operator": "Bank Jatim",
          "wheelchair": "yes"
        }
      }
    },
    {
      "type": "Feature",
      "geometry": {
        "type": "Point",
        "coordinates": [
          112.1712339,
          -8.0984445
        ]
      },
      "properties": {
        "id": "osm:node:2371654293",
        "name": "ATM Bank Jatim",
        "category": "ATM / Mesin Tunai",
        "osm_id": 2371654293,
        "osm_type": "node",
        "metadata": {
          "addr:street": "Jalan Hos Cokroaminoto",
          "amenity": "atm",
          "cash_in": "yes",
          "currency:IDR": "yes",
          "drive_through": "no",
          "indoor": "yes",
          "lit": "yes",
          "name": "ATM Bank Jatim",
          "opening_hours": "24/7",
          "operator": "Bank Jatim",
          "wheelchair": "no"
        }
      }
    },
    {
      "type": "Feature",
      "geometry": {
        "type": "Point",
        "coordinates": [
          112.1646732,
          -8.0996076
        ]
      },
      "properties": {
        "id": "osm:node:2371655220",
        "name": "ATM Bank Jatim",
        "category": "ATM / Mesin Tunai",
        "osm_id": 2371655220,
        "osm_type": "node",
        "metadata": {
          "addr:street": "Jalan Kenanga",
          "amenity": "atm",
          "brand": "Bank Jatim",
          "cash_in": "no",
          "covered": "yes",
          "currency:IDR": "yes",
          "drive_through": "no",
          "indoor": "yes",
          "name": "ATM Bank Jatim",
          "operator": "Bank Jatim",
          "wheelchair": "no"
        }
      }
    },
    {
      "type": "Feature",
      "geometry": {
        "type": "Point",
        "coordinates": [
          112.1691253,
          -8.0993918
        ]
      },
      "properties": {
        "id": "osm:node:2371669918",
        "name": "ATM BRI",
        "category": "ATM / Mesin Tunai",
        "osm_id": 2371669918,
        "osm_type": "node",
        "metadata": {
          "addr:street": "Jalan Merdeka Blitar",
          "amenity": "atm",
          "cash_in": "yes",
          "currency:IDR": "yes",
          "drive_through": "no",
          "indoor": "yes",
          "lit": "yes",
          "name": "ATM BRI",
          "opening_hours": "24/7",
          "operator": "BRI",
          "wheelchair": "no"
        }
      }
    },
    {
      "type": "Feature",
      "geometry": {
        "type": "Point",
        "coordinates": [
          112.0908564,
          -8.0112049
        ]
      },
      "properties": {
        "id": "osm:node:2713472007",
        "name": "Masjid & Mushola (Tanpa Nama)",
        "category": "Masjid & Mushola",
        "osm_id": 2713472007,
        "osm_type": "node",
        "metadata": {
          "amenity": "place_of_worship",
          "religion": "muslim"
        }
      }
    },
    {
      "type": "Feature",
      "geometry": {
        "type": "Point",
        "coordinates": [
          112.0892534,
          -8.0129854
        ]
      },
      "properties": {
        "id": "osm:node:2713472011",
        "name": "Masjid & Mushola (Tanpa Nama)",
        "category": "Masjid & Mushola",
        "osm_id": 2713472011,
        "osm_type": "node",
        "metadata": {
          "amenity": "place_of_worship",
          "religion": "muslim"
        }
      }
    },
    {
      "type": "Feature",
      "geometry": {
        "type": "Point",
        "coordinates": [
          111.9843809,
          -8.0084337
        ]
      },
      "properties": {
        "id": "osm:node:2713473817",
        "name": "Masjid & Mushola (Tanpa Nama)",
        "category": "Masjid & Mushola",
        "osm_id": 2713473817,
        "osm_type": "node",
        "metadata": {
          "amenity": "place_of_worship",
          "religion": "muslim"
        }
      }
    },
    {
      "type": "Feature",
      "geometry": {
        "type": "Point",
        "coordinates": [
          111.9983198,
          -8.0819242
        ]
      },
      "properties": {
        "id": "osm:node:2714213229",
        "name": "Masjid & Mushola (Tanpa Nama)",
        "category": "Masjid & Mushola",
        "osm_id": 2714213229,
        "osm_type": "node",
        "metadata": {
          "amenity": "place_of_worship",
          "religion": "muslim"
        }
      }
    },
    {
      "type": "Feature",
      "geometry": {
        "type": "Point",
        "coordinates": [
          112.1038761,
          -8.0404937
        ]
      },
      "properties": {
        "id": "osm:node:2990314449",
        "name": "Pasar Ponggok",
        "category": "Pasar Tradisional",
        "osm_id": 2990314449,
        "osm_type": "node",
        "metadata": {
          "amenity": "marketplace",
          "name": "Pasar Ponggok"
        }
      }
    },
    {
      "type": "Feature",
      "geometry": {
        "type": "Point",
        "coordinates": [
          112.1033118,
          -8.0413322
        ]
      },
      "properties": {
        "id": "osm:node:2990316200",
        "name": "BRI Ponggok",
        "category": "Bank & Finansial",
        "osm_id": 2990316200,
        "osm_type": "node",
        "metadata": {
          "amenity": "bank",
          "atm": "yes",
          "name": "BRI Ponggok"
        }
      }
    },
    {
      "type": "Feature",
      "geometry": {
        "type": "Point",
        "coordinates": [
          112.1026385,
          -8.041149
        ]
      },
      "properties": {
        "id": "osm:node:2990316463",
        "name": "Masjid Sunan Kalijaga",
        "category": "Masjid & Mushola",
        "osm_id": 2990316463,
        "osm_type": "node",
        "metadata": {
          "addr:city": "Ponggok",
          "addr:postcode": "64153",
          "addr:street": "Jendral Sudirman",
          "amenity": "place_of_worship",
          "building": "yes",
          "name": "Masjid Sunan Kalijaga",
          "religion": "muslim"
        }
      }
    },
    {
      "type": "Feature",
      "geometry": {
        "type": "Point",
        "coordinates": [
          112.102027,
          -8.0410374
        ]
      },
      "properties": {
        "id": "osm:node:2990317042",
        "name": "Kantor Pos POnggok",
        "category": "Layanan Pemerintahan",
        "osm_id": 2990317042,
        "osm_type": "node",
        "metadata": {
          "amenity": "post_office",
          "name": "Kantor Pos POnggok"
        }
      }
    },
    {
      "type": "Feature",
      "geometry": {
        "type": "Point",
        "coordinates": [
          112.1018621,
          -8.0414691
        ]
      },
      "properties": {
        "id": "osm:node:2990327413",
        "name": "CK Laundry",
        "category": "Toko Retail (Umum)",
        "osm_id": 2990327413,
        "osm_type": "node",
        "metadata": {
          "addr:city": "Blitar",
          "addr:street": "Jend. Sudirman",
          "level": "1",
          "name": "CK Laundry",
          "shop": "laundry"
        }
      }
    },
    {
      "type": "Feature",
      "geometry": {
        "type": "Point",
        "coordinates": [
          112.1006644,
          -8.0506727
        ]
      },
      "properties": {
        "id": "osm:node:2990341910",
        "name": "Sarwi Mini Market",
        "category": "Minimarket",
        "osm_id": 2990341910,
        "osm_type": "node",
        "metadata": {
          "name": "Sarwi Mini Market",
          "shop": "convenience"
        }
      }
    },
    {
      "type": "Feature",
      "geometry": {
        "type": "Point",
        "coordinates": [
          112.1013162,
          -8.0510789
        ]
      },
      "properties": {
        "id": "osm:node:2990342117",
        "name": "Kantor Desa Kawedusan",
        "category": "Layanan Pemerintahan",
        "osm_id": 2990342117,
        "osm_type": "node",
        "metadata": {
          "building": "office",
          "name": "Kantor Desa Kawedusan",
          "office": "government"
        }
      }
    },
    {
      "type": "Feature",
      "geometry": {
        "type": "Point",
        "coordinates": [
          112.0770508,
          -8.065333
        ]
      },
      "properties": {
        "id": "osm:node:2995415541",
        "name": "PT. PLN (Persero) Rayon Srengat",
        "category": "Layanan Pemerintahan",
        "osm_id": 2995415541,
        "osm_type": "node",
        "metadata": {
          "name": "PT. PLN (Persero) Rayon Srengat",
          "office": "government"
        }
      }
    },
    {
      "type": "Feature",
      "geometry": {
        "type": "Point",
        "coordinates": [
          112.167231,
          -8.0902055
        ]
      },
      "properties": {
        "id": "osm:node:3017329714",
        "name": "Radio Mayangkara",
        "category": "Lainnya",
        "osm_id": 3017329714,
        "osm_type": "node",
        "metadata": {
          "addr:city": "Blitar",
          "addr:housenumber": "32A",
          "addr:postcode": "66116",
          "addr:street": "Ciliwung",
          "amenity": "studio",
          "email": "radio.mayangkara@yahoo.co.id",
          "name": "Radio Mayangkara",
          "phone": "+62 342 802327",
          "source": "http://mayangkararadio.com/101-mayangkara/kontak-kami",
          "studio": "radio",
          "website": "http://www.mayangkararadio.com"
        }
      }
    },
    {
      "type": "Feature",
      "geometry": {
        "type": "Point",
        "coordinates": [
          112.1695486,
          -8.0918437
        ]
      },
      "properties": {
        "id": "osm:node:3017330203",
        "name": "Pasar Ikan Hias Blitar Kota",
        "category": "Supermarket",
        "osm_id": 3017330203,
        "osm_type": "node",
        "metadata": {
          "name": "Pasar Ikan Hias Blitar Kota",
          "shop": "supermarket"
        }
      }
    },
    {
      "type": "Feature",
      "geometry": {
        "type": "Point",
        "coordinates": [
          112.1716113,
          -8.0991866
        ]
      },
      "properties": {
        "id": "osm:node:3017332753",
        "name": "PLN Rayon Blitar",
        "category": "Layanan Pemerintahan",
        "osm_id": 3017332753,
        "osm_type": "node",
        "metadata": {
          "addr:city": "Blitar",
          "addr:housenumber": "23",
          "addr:street": "Jalan Ahmad Yani",
          "name": "PLN Rayon Blitar",
          "office": "energy_supplier",
          "opening_hours": "24/7",
          "phone": "+62342801690",
          "website": "https://www.pln.co.id"
        }
      }
    },
    {
      "type": "Feature",
      "geometry": {
        "type": "Point",
        "coordinates": [
          112.1688057,
          -8.1020345
        ]
      },
      "properties": {
        "id": "osm:node:3017334528",
        "name": "Sinar Makmur II",
        "category": "Supermarket",
        "osm_id": 3017334528,
        "osm_type": "node",
        "metadata": {
          "addr:city": "Blitar",
          "addr:street": "Jalan TGP",
          "name": "Sinar Makmur II",
          "shop": "supermarket"
        }
      }
    },
    {
      "type": "Feature",
      "geometry": {
        "type": "Point",
        "coordinates": [
          112.1671156,
          -8.1015961
        ]
      },
      "properties": {
        "id": "osm:node:3017334529",
        "name": "Sinar Makmur I",
        "category": "Supermarket",
        "osm_id": 3017334529,
        "osm_type": "node",
        "metadata": {
          "addr:city": "Blitar",
          "addr:street": "Jalan Mastrip",
          "name": "Sinar Makmur I",
          "shop": "supermarket"
        }
      }
    },
    {
      "type": "Feature",
      "geometry": {
        "type": "Point",
        "coordinates": [
          112.1181227,
          -8.0405025
        ]
      },
      "properties": {
        "id": "osm:node:3017380118",
        "name": "KANTOR DETASEMEN TNI-AU",
        "category": "Layanan Pemerintahan",
        "osm_id": 3017380118,
        "osm_type": "node",
        "metadata": {
          "name": "KANTOR DETASEMEN TNI-AU",
          "office": "government"
        }
      }
    },
    {
      "type": "Feature",
      "geometry": {
        "type": "Point",
        "coordinates": [
          112.0874071,
          -8.0315151
        ]
      },
      "properties": {
        "id": "osm:node:3017384577",
        "name": "Pasar Kebonduren",
        "category": "Pasar Tradisional",
        "osm_id": 3017384577,
        "osm_type": "node",
        "metadata": {
          "amenity": "marketplace",
          "name": "Pasar Kebonduren"
        }
      }
    },
    {
      "type": "Feature",
      "geometry": {
        "type": "Point",
        "coordinates": [
          112.1837636,
          -8.0934763
        ]
      },
      "properties": {
        "id": "osm:node:3632353759",
        "name": "Galipat-Mbahman-Bendil",
        "category": "Masjid & Mushola",
        "osm_id": 3632353759,
        "osm_type": "node",
        "metadata": {
          "amenity": "place_of_worship",
          "name": "Galipat-Mbahman-Bendil",
          "religion": "muslim"
        }
      }
    },
    {
      "type": "Feature",
      "geometry": {
        "type": "Point",
        "coordinates": [
          112.1851932,
          -8.0949554
        ]
      },
      "properties": {
        "id": "osm:node:3632354993",
        "name": "Galipat-Mbahman-Bendil 2",
        "category": "Masjid & Mushola",
        "osm_id": 3632354993,
        "osm_type": "node",
        "metadata": {
          "amenity": "place_of_worship",
          "name": "Galipat-Mbahman-Bendil 2",
          "religion": "muslim"
        }
      }
    },
    {
      "type": "Feature",
      "geometry": {
        "type": "Point",
        "coordinates": [
          112.1785575,
          -8.0828887
        ]
      },
      "properties": {
        "id": "osm:node:3632355136",
        "name": "Galipat-Mbahman-Blitar Kota",
        "category": "Masjid & Mushola",
        "osm_id": 3632355136,
        "osm_type": "node",
        "metadata": {
          "amenity": "place_of_worship",
          "name": "Galipat-Mbahman-Blitar Kota",
          "religion": "muslim"
        }
      }
    },
    {
      "type": "Feature",
      "geometry": {
        "type": "Point",
        "coordinates": [
          112.0996953,
          -8.0367146
        ]
      },
      "properties": {
        "id": "osm:node:3632358873",
        "name": "Galipat-Mbahman-Ponggok",
        "category": "Masjid & Mushola",
        "osm_id": 3632358873,
        "osm_type": "node",
        "metadata": {
          "amenity": "place_of_worship",
          "name": "Galipat-Mbahman-Ponggok",
          "religion": "muslim"
        }
      }
    },
    {
      "type": "Feature",
      "geometry": {
        "type": "Point",
        "coordinates": [
          112.1817209,
          -8.1527865
        ]
      },
      "properties": {
        "id": "osm:node:3632360119",
        "name": "Galipat-Mbahman-Darungan",
        "category": "Masjid & Mushola",
        "osm_id": 3632360119,
        "osm_type": "node",
        "metadata": {
          "amenity": "place_of_worship",
          "name": "Galipat-Mbahman-Darungan",
          "religion": "muslim"
        }
      }
    },
    {
      "type": "Feature",
      "geometry": {
        "type": "Point",
        "coordinates": [
          112.0756222,
          -8.0714067
        ]
      },
      "properties": {
        "id": "osm:node:3632371260",
        "name": "Galipat-Mbahman-Dandong",
        "category": "Masjid & Mushola",
        "osm_id": 3632371260,
        "osm_type": "node",
        "metadata": {
          "amenity": "place_of_worship",
          "name": "Galipat-Mbahman-Dandong",
          "religion": "muslim"
        }
      }
    },
    {
      "type": "Feature",
      "geometry": {
        "type": "Point",
        "coordinates": [
          112.174787,
          -8.0999666
        ]
      },
      "properties": {
        "id": "osm:node:3712932535",
        "name": "haymart",
        "category": "Supermarket",
        "osm_id": 3712932535,
        "osm_type": "node",
        "metadata": {
          "addr:street": "Jalan Jenderal Achmad Yani",
          "name": "haymart",
          "shop": "supermarket"
        }
      }
    },
    {
      "type": "Feature",
      "geometry": {
        "type": "Point",
        "coordinates": [
          112.1748989,
          -8.0999705
        ]
      },
      "properties": {
        "id": "osm:node:3712933124",
        "name": "haymart baby shop",
        "category": "Supermarket",
        "osm_id": 3712933124,
        "osm_type": "node",
        "metadata": {
          "addr:street": "Jalan Jenderal Achmad Yani",
          "name": "haymart baby shop",
          "shop": "supermarket"
        }
      }
    },
    {
      "type": "Feature",
      "geometry": {
        "type": "Point",
        "coordinates": [
          112.1743625,
          -8.0995562
        ]
      },
      "properties": {
        "id": "osm:node:3712933525",
        "name": "Patung Bung Karno",
        "category": "Lainnya",
        "osm_id": 3712933525,
        "osm_type": "node",
        "metadata": {
          "addr:street": "persimpangan pantikarya",
          "artwork_type": "statue",
          "material": "concrete",
          "name": "Patung Bung Karno",
          "tourism": "artwork"
        }
      }
    },
    {
      "type": "Feature",
      "geometry": {
        "type": "Point",
        "coordinates": [
          112.179375,
          -8.100515
        ]
      },
      "properties": {
        "id": "osm:node:3712938284",
        "name": "Dinas Pendidikan Kota Blitar",
        "category": "Layanan Pemerintahan",
        "osm_id": 3712938284,
        "osm_type": "node",
        "metadata": {
          "addr:city": "Blitar",
          "addr:district": "Sananwetan",
          "addr:housenumber": "100",
          "addr:postcode": "66184",
          "addr:province": "Jawa Timur",
          "addr:street": "Jalan Ahmad Yani",
          "addr:subdistrict": "Sananwetan",
          "air_conditioning": "yes",
          "baby_feeding": "room",
          "government": "public_service",
          "internet_access": "yes",
          "internet_access:fee": "no",
          "name": "Dinas Pendidikan Kota Blitar",
          "office": "government",
          "smoking": "separated",
          "wheelchair": "yes"
        }
      }
    },
    {
      "type": "Feature",
      "geometry": {
        "type": "Point",
        "coordinates": [
          112.1713516,
          -8.0862913
        ]
      },
      "properties": {
        "id": "osm:node:3712938779",
        "name": "Lesehan d'Dadoz",
        "category": "Restoran",
        "osm_id": 3712938779,
        "osm_type": "node",
        "metadata": {
          "amenity": "restaurant",
          "cuisine": "regional",
          "name": "Lesehan d'Dadoz"
        }
      }
    },
    {
      "type": "Feature",
      "geometry": {
        "type": "Point",
        "coordinates": [
          112.1825874,
          -8.0976144
        ]
      },
      "properties": {
        "id": "osm:node:3712940042",
        "name": "Garuda Oli",
        "category": "Toko Retail (Umum)",
        "osm_id": 3712940042,
        "osm_type": "node",
        "metadata": {
          "name": "Garuda Oli",
          "shop": "car_repair"
        }
      }
    },
    {
      "type": "Feature",
      "geometry": {
        "type": "Point",
        "coordinates": [
          112.1822119,
          -8.1009284
        ]
      },
      "properties": {
        "id": "osm:node:3712940307",
        "name": "Ayam Bakar Bu mamik",
        "category": "Restoran",
        "osm_id": 3712940307,
        "osm_type": "node",
        "metadata": {
          "amenity": "restaurant",
          "name": "Ayam Bakar Bu mamik"
        }
      }
    },
    {
      "type": "Feature",
      "geometry": {
        "type": "Point",
        "coordinates": [
          112.1809459,
          -8.1022986
        ]
      },
      "properties": {
        "id": "osm:node:3712941475",
        "name": "Lapangan SMAN 1 Blitar",
        "category": "Sekolah Menengah Atas (SMA/SMK/MA)",
        "osm_id": 3712941475,
        "osm_type": "node",
        "metadata": {
          "leisure": "sports_centre",
          "name": "Lapangan SMAN 1 Blitar"
        }
      }
    },
    {
      "type": "Feature",
      "geometry": {
        "type": "Point",
        "coordinates": [
          112.1821797,
          -8.1020596
        ]
      },
      "properties": {
        "id": "osm:node:3712942063",
        "name": "winner gym",
        "category": "Fasilitas Olahraga",
        "osm_id": 3712942063,
        "osm_type": "node",
        "metadata": {
          "leisure": "sports_centre",
          "name": "winner gym"
        }
      }
    },
    {
      "type": "Feature",
      "geometry": {
        "type": "Point",
        "coordinates": [
          112.180683,
          -8.104561
        ]
      },
      "properties": {
        "id": "osm:node:3712942707",
        "name": "Ruko Niaga",
        "category": "Supermarket",
        "osm_id": 3712942707,
        "osm_type": "node",
        "metadata": {
          "name": "Ruko Niaga",
          "shop": "supermarket"
        }
      }
    },
    {
      "type": "Feature",
      "geometry": {
        "type": "Point",
        "coordinates": [
          112.1801948,
          -8.1070305
        ]
      },
      "properties": {
        "id": "osm:node:3712942826",
        "name": "ruko Jl.Kalimantan 2",
        "category": "Supermarket",
        "osm_id": 3712942826,
        "osm_type": "node",
        "metadata": {
          "name": "ruko Jl.Kalimantan 2",
          "shop": "supermarket"
        }
      }
    },
    {
      "type": "Feature",
      "geometry": {
        "type": "Point",
        "coordinates": [
          112.1806186,
          -8.1061596
        ]
      },
      "properties": {
        "id": "osm:node:3712956991",
        "name": "Ruko Jl.Kalimantan 1",
        "category": "Supermarket",
        "osm_id": 3712956991,
        "osm_type": "node",
        "metadata": {
          "name": "Ruko Jl.Kalimantan 1",
          "shop": "supermarket"
        }
      }
    },
    {
      "type": "Feature",
      "geometry": {
        "type": "Point",
        "coordinates": [
          112.1805435,
          -8.1065791
        ]
      },
      "properties": {
        "id": "osm:node:3712957364",
        "name": "Unit Pemadam Kebakaran Kota Blitar",
        "category": "Lainnya",
        "osm_id": 3712957364,
        "osm_type": "node",
        "metadata": {
          "amenity": "fire_station",
          "name": "Unit Pemadam Kebakaran Kota Blitar",
          "operator": "Pemerintah Kota Blitar",
          "smoking": "outside",
          "wheelchair": "no"
        }
      }
    },
    {
      "type": "Feature",
      "geometry": {
        "type": "Point",
        "coordinates": [
          112.1647291,
          -8.1117106
        ]
      },
      "properties": {
        "id": "osm:node:3712960815",
        "name": "Lapangan Jl.Kenari Kota Blitar",
        "category": "Fasilitas Olahraga",
        "osm_id": 3712960815,
        "osm_type": "node",
        "metadata": {
          "leisure": "sports_centre",
          "name": "Lapangan Jl.Kenari Kota Blitar"
        }
      }
    },
    {
      "type": "Feature",
      "geometry": {
        "type": "Point",
        "coordinates": [
          112.1668397,
          -8.1092582
        ]
      },
      "properties": {
        "id": "osm:node:3712961927",
        "name": "Alun-Alun Contong Kota Blitar",
        "category": "Taman Kota / Terbuka",
        "osm_id": 3712961927,
        "osm_type": "node",
        "metadata": {
          "historic": "monument",
          "name": "Alun-Alun Contong Kota Blitar"
        }
      }
    },
    {
      "type": "Feature",
      "geometry": {
        "type": "Point",
        "coordinates": [
          112.1644686,
          -8.1139211
        ]
      },
      "properties": {
        "id": "osm:node:3712962256",
        "name": "SPBU Pertamina 54.661.08 Jl.Kenari",
        "category": "SPBU / Stasiun Pengisian Bahan Bakar",
        "osm_id": 3712962256,
        "osm_type": "node",
        "metadata": {
          "addr:city": "Kota Blitar",
          "addr:postcode": "66134",
          "addr:street": "Jl. Kenari No.9, Plosokerep, Kec. Sananwetan, Kota Blitar, Jawa Timur 66134",
          "amenity": "fuel",
          "brand": "Pertamina",
          "fuel:biodiesel": "yes",
          "fuel:octane_90": "yes",
          "fuel:octane_92": "yes",
          "name": "SPBU Pertamina 54.661.08 Jl.Kenari",
          "self_service": "no"
        }
      }
    },
    {
      "type": "Feature",
      "geometry": {
        "type": "Point",
        "coordinates": [
          112.1568479,
          -8.1256637
        ]
      },
      "properties": {
        "id": "osm:node:3712974632",
        "name": "Kantor Pajak",
        "category": "Layanan Pemerintahan",
        "osm_id": 3712974632,
        "osm_type": "node",
        "metadata": {
          "name": "Kantor Pajak",
          "office": "yes"
        }
      }
    },
    {
      "type": "Feature",
      "geometry": {
        "type": "Point",
        "coordinates": [
          112.1596105,
          -8.1226871
        ]
      },
      "properties": {
        "id": "osm:node:3714404310",
        "name": "agen Resmi Bus Malam Pahala Kencana cab.Blitar",
        "category": "Toko Retail (Umum)",
        "osm_id": 3714404310,
        "osm_type": "node",
        "metadata": {
          "name": "agen Resmi Bus Malam Pahala Kencana cab.Blitar",
          "shop": "travel_agency"
        }
      }
    },
    {
      "type": "Feature",
      "geometry": {
        "type": "Point",
        "coordinates": [
          112.1542247,
          -8.115839
        ]
      },
      "properties": {
        "id": "osm:node:3714423794",
        "name": "Graha Bangunan",
        "category": "Toko Bangunan",
        "osm_id": 3714423794,
        "osm_type": "node",
        "metadata": {
          "name": "Graha Bangunan",
          "shop": "doityourself"
        }
      }
    },
    {
      "type": "Feature",
      "geometry": {
        "type": "Point",
        "coordinates": [
          112.1550132,
          -8.1156372
        ]
      },
      "properties": {
        "id": "osm:node:3714426717",
        "name": "Mataram Sakti Motor",
        "category": "Toko Retail (Umum)",
        "osm_id": 3714426717,
        "osm_type": "node",
        "metadata": {
          "brand": "Yamaha",
          "brand:wikidata": "Q158888",
          "name": "Mataram Sakti Motor",
          "operator": "Yamaha",
          "shop": "motorcycle"
        }
      }
    },
    {
      "type": "Feature",
      "geometry": {
        "type": "Point",
        "coordinates": [
          112.1544553,
          -8.116402
        ]
      },
      "properties": {
        "id": "osm:node:3714428802",
        "name": "Bengkel Mobil Kenedy",
        "category": "Toko Retail (Umum)",
        "osm_id": 3714428802,
        "osm_type": "node",
        "metadata": {
          "name": "Bengkel Mobil Kenedy",
          "shop": "car_repair"
        }
      }
    },
    {
      "type": "Feature",
      "geometry": {
        "type": "Point",
        "coordinates": [
          112.1492465,
          -8.1002598
        ]
      },
      "properties": {
        "id": "osm:node:3716837499",
        "name": "Sumber Jaya Oli",
        "category": "Toko Retail (Umum)",
        "osm_id": 3716837499,
        "osm_type": "node",
        "metadata": {
          "name": "Sumber Jaya Oli",
          "shop": "car_repair"
        }
      }
    },
    {
      "type": "Feature",
      "geometry": {
        "type": "Point",
        "coordinates": [
          112.1491177,
          -8.1001005
        ]
      },
      "properties": {
        "id": "osm:node:3716843064",
        "name": "Cuci Mobil Sumber Jaya",
        "category": "Bengkel & Otomotif",
        "osm_id": 3716843064,
        "osm_type": "node",
        "metadata": {
          "amenity": "car_wash",
          "name": "Cuci Mobil Sumber Jaya"
        }
      }
    },
    {
      "type": "Feature",
      "geometry": {
        "type": "Point",
        "coordinates": [
          112.163076,
          -8.104166
        ]
      },
      "properties": {
        "id": "osm:node:3725603343",
        "name": "Makam Patih Djojodigdo",
        "category": "Pemakaman",
        "osm_id": 3725603343,
        "osm_type": "node",
        "metadata": {
          "amenity": "grave_yard",
          "name": "Makam Patih Djojodigdo"
        }
      }
    },
    {
      "type": "Feature",
      "geometry": {
        "type": "Point",
        "coordinates": [
          112.1572341,
          -8.1024293
        ]
      },
      "properties": {
        "id": "osm:node:3725607633",
        "name": "Central Variasi Mobil",
        "category": "Toko Retail (Umum)",
        "osm_id": 3725607633,
        "osm_type": "node",
        "metadata": {
          "name": "Central Variasi Mobil",
          "shop": "car_repair"
        }
      }
    },
    {
      "type": "Feature",
      "geometry": {
        "type": "Point",
        "coordinates": [
          112.1560539,
          -8.1019248
        ]
      },
      "properties": {
        "id": "osm:node:3725607635",
        "name": "Dokter Umum Sonny",
        "category": "Klinik & Puskesmas",
        "osm_id": 3725607635,
        "osm_type": "node",
        "metadata": {
          "amenity": "doctors",
          "healthcare": "doctor",
          "name": "Dokter Umum Sonny"
        }
      }
    },
    {
      "type": "Feature",
      "geometry": {
        "type": "Point",
        "coordinates": [
          112.0150494,
          -8.1016835
        ]
      },
      "properties": {
        "id": "osm:node:3840338774",
        "name": "Pasar Sapi Ngunut",
        "category": "Supermarket",
        "osm_id": 3840338774,
        "osm_type": "node",
        "metadata": {
          "name": "Pasar Sapi Ngunut",
          "shop": "supermarket"
        }
      }
    },
    {
      "type": "Feature",
      "geometry": {
        "type": "Point",
        "coordinates": [
          112.1014586,
          -8.0442886
        ]
      },
      "properties": {
        "id": "osm:node:3840351487",
        "name": "Kantor Kecamatan Ponggok",
        "category": "Layanan Pemerintahan",
        "osm_id": 3840351487,
        "osm_type": "node",
        "metadata": {
          "name": "Kantor Kecamatan Ponggok",
          "office": "government"
        }
      }
    },
    {
      "type": "Feature",
      "geometry": {
        "type": "Point",
        "coordinates": [
          112.1043587,
          -8.0390449
        ]
      },
      "properties": {
        "id": "osm:node:3840352421",
        "name": "Indomaret Ponggok",
        "category": "Minimarket",
        "osm_id": 3840352421,
        "osm_type": "node",
        "metadata": {
          "name": "Indomaret Ponggok",
          "shop": "supermarket"
        }
      }
    },
    {
      "type": "Feature",
      "geometry": {
        "type": "Point",
        "coordinates": [
          112.1009192,
          -8.0475647
        ]
      },
      "properties": {
        "id": "osm:node:3840353656",
        "name": "Pasar pojok Baru",
        "category": "Pasar Tradisional",
        "osm_id": 3840353656,
        "osm_type": "node",
        "metadata": {
          "amenity": "marketplace",
          "name": "Pasar pojok Baru"
        }
      }
    },
    {
      "type": "Feature",
      "geometry": {
        "type": "Point",
        "coordinates": [
          112.1017878,
          -8.0422124
        ]
      },
      "properties": {
        "id": "osm:node:3840354190",
        "name": "Alfamart",
        "category": "Minimarket",
        "osm_id": 3840354190,
        "osm_type": "node",
        "metadata": {
          "brand": "Alfamart",
          "brand:wikidata": "Q23745600",
          "name": "Alfamart",
          "operator": "PT Sumber Alfaria Trijaya,Tbk",
          "shop": "convenience",
          "toilets": "yes",
          "toilets:access": "permissive",
          "toilets:unisex": "yes",
          "website": "https://alfamart.co.id"
        }
      }
    },
    {
      "type": "Feature",
      "geometry": {
        "type": "Point",
        "coordinates": [
          112.0980777,
          -8.0651346
        ]
      },
      "properties": {
        "id": "osm:node:3840357612",
        "name": "Tahu Lontong Mbok Rondho",
        "category": "Kafe & Kedai Kopi",
        "osm_id": 3840357612,
        "osm_type": "node",
        "metadata": {
          "amenity": "cafe",
          "name": "Tahu Lontong Mbok Rondho"
        }
      }
    },
    {
      "type": "Feature",
      "geometry": {
        "type": "Point",
        "coordinates": [
          112.0919958,
          -8.0653078
        ]
      },
      "properties": {
        "id": "osm:node:3840361917",
        "name": "SMAN 1 Srengat",
        "category": "Sekolah Menengah Atas (SMA/SMK/MA)",
        "osm_id": 3840361917,
        "osm_type": "node",
        "metadata": {
          "amenity": "school",
          "grades": "10-12",
          "isced:level": "3",
          "name": "SMAN 1 Srengat"
        }
      }
    },
    {
      "type": "Feature",
      "geometry": {
        "type": "Point",
        "coordinates": [
          112.0809133,
          -8.0652101
        ]
      },
      "properties": {
        "id": "osm:node:3840361918",
        "name": "Dinas Perhubungan Srengat",
        "category": "Layanan Pemerintahan",
        "osm_id": 3840361918,
        "osm_type": "node",
        "metadata": {
          "name": "Dinas Perhubungan Srengat",
          "office": "government"
        }
      }
    },
    {
      "type": "Feature",
      "geometry": {
        "type": "Point",
        "coordinates": [
          112.0949093,
          -8.0652087
        ]
      },
      "properties": {
        "id": "osm:node:3840368130",
        "name": "SPBU Pertamina 54.661.01 Poluan",
        "category": "SPBU / Stasiun Pengisian Bahan Bakar",
        "osm_id": 3840368130,
        "osm_type": "node",
        "metadata": {
          "addr:city": "Kabupaten Blitar",
          "addr:postcode": "66153",
          "addr:street": "Krajan, Bagelenan, Kec. Srengat, Kabupaten Blitar, Jawa Timur 66153",
          "amenity": "fuel",
          "brand": "Pertamina",
          "fuel:biodiesel": "yes",
          "fuel:diesel": "yes",
          "fuel:octane_90": "yes",
          "fuel:octane_92": "yes",
          "name": "SPBU Pertamina 54.661.01 Poluan"
        }
      }
    },
    {
      "type": "Feature",
      "geometry": {
        "type": "Point",
        "coordinates": [
          112.0785442,
          -8.0651005
        ]
      },
      "properties": {
        "id": "osm:node:3840370539",
        "name": "Mustika Mini market",
        "category": "Minimarket",
        "osm_id": 3840370539,
        "osm_type": "node",
        "metadata": {
          "name": "Mustika Mini market",
          "shop": "convenience"
        }
      }
    },
    {
      "type": "Feature",
      "geometry": {
        "type": "Point",
        "coordinates": [
          112.0783206,
          -8.0651287
        ]
      },
      "properties": {
        "id": "osm:node:3840370540",
        "name": "Bakso Pak Kirun",
        "category": "Cepat Saji",
        "osm_id": 3840370540,
        "osm_type": "node",
        "metadata": {
          "amenity": "fast_food",
          "name": "Bakso Pak Kirun"
        }
      }
    },
    {
      "type": "Feature",
      "geometry": {
        "type": "Point",
        "coordinates": [
          112.0778998,
          -8.0652515
        ]
      },
      "properties": {
        "id": "osm:node:3840370541",
        "name": "Tahu Thek Pak Karlin",
        "category": "Cepat Saji",
        "osm_id": 3840370541,
        "osm_type": "node",
        "metadata": {
          "amenity": "fast_food",
          "name": "Tahu Thek Pak Karlin"
        }
      }
    },
    {
      "type": "Feature",
      "geometry": {
        "type": "Point",
        "coordinates": [
          112.0777575,
          -8.0652957
        ]
      },
      "properties": {
        "id": "osm:node:3840370542",
        "name": "Nasi Pecel Mbah Yan",
        "category": "Cepat Saji",
        "osm_id": 3840370542,
        "osm_type": "node",
        "metadata": {
          "amenity": "fast_food",
          "name": "Nasi Pecel Mbah Yan"
        }
      }
    },
    {
      "type": "Feature",
      "geometry": {
        "type": "Point",
        "coordinates": [
          112.0772087,
          -8.0649456
        ]
      },
      "properties": {
        "id": "osm:node:3840370543",
        "name": "Alfamart",
        "category": "Minimarket",
        "osm_id": 3840370543,
        "osm_type": "node",
        "metadata": {
          "brand": "Alfamart",
          "brand:wikidata": "Q23745600",
          "name": "Alfamart",
          "operator": "PT Sumber Alfaria Trijaya,Tbk",
          "shop": "convenience",
          "toilets": "yes",
          "toilets:access": "permissive",
          "toilets:unisex": "yes",
          "website": "https://alfamart.co.id"
        }
      }
    },
    {
      "type": "Feature",
      "geometry": {
        "type": "Point",
        "coordinates": [
          112.0742531,
          -8.0645672
        ]
      },
      "properties": {
        "id": "osm:node:3840370544",
        "name": "Apotek Srengat",
        "category": "Apotek",
        "osm_id": 3840370544,
        "osm_type": "node",
        "metadata": {
          "amenity": "pharmacy",
          "name": "Apotek Srengat"
        }
      }
    },
    {
      "type": "Feature",
      "geometry": {
        "type": "Point",
        "coordinates": [
          112.0736189,
          -8.0644947
        ]
      },
      "properties": {
        "id": "osm:node:3840370547",
        "name": "Amanah Minimarket",
        "category": "Minimarket",
        "osm_id": 3840370547,
        "osm_type": "node",
        "metadata": {
          "name": "Amanah Minimarket",
          "shop": "convenience"
        }
      }
    },
    {
      "type": "Feature",
      "geometry": {
        "type": "Point",
        "coordinates": [
          112.0719602,
          -8.0640197
        ]
      },
      "properties": {
        "id": "osm:node:3840370548",
        "name": "Quick Chicken",
        "category": "Cepat Saji",
        "osm_id": 3840370548,
        "osm_type": "node",
        "metadata": {
          "amenity": "fast_food",
          "name": "Quick Chicken"
        }
      }
    },
    {
      "type": "Feature",
      "geometry": {
        "type": "Point",
        "coordinates": [
          112.0718199,
          -8.0639855
        ]
      },
      "properties": {
        "id": "osm:node:3840370549",
        "name": "BCA Unit Srengat",
        "category": "Bank & Finansial",
        "osm_id": 3840370549,
        "osm_type": "node",
        "metadata": {
          "amenity": "bank",
          "name": "BCA Unit Srengat"
        }
      }
    },
    {
      "type": "Feature",
      "geometry": {
        "type": "Point",
        "coordinates": [
          112.0705436,
          -8.0633899
        ]
      },
      "properties": {
        "id": "osm:node:3840370550",
        "name": "Pasar Sore Srengat",
        "category": "Pasar Tradisional",
        "osm_id": 3840370550,
        "osm_type": "node",
        "metadata": {
          "amenity": "marketplace",
          "name": "Pasar Sore Srengat"
        }
      }
    },
    {
      "type": "Feature",
      "geometry": {
        "type": "Point",
        "coordinates": [
          112.06988,
          -8.0631919
        ]
      },
      "properties": {
        "id": "osm:node:3840370551",
        "name": "Pegadaian Srengat",
        "category": "Toko Retail (Umum)",
        "osm_id": 3840370551,
        "osm_type": "node",
        "metadata": {
          "name": "Pegadaian Srengat",
          "shop": "pawnbroker"
        }
      }
    },
    {
      "type": "Feature",
      "geometry": {
        "type": "Point",
        "coordinates": [
          112.069818,
          -8.0633198
        ]
      },
      "properties": {
        "id": "osm:node:3840370552",
        "name": "Bakso Kikil Srengat",
        "category": "Cepat Saji",
        "osm_id": 3840370552,
        "osm_type": "node",
        "metadata": {
          "amenity": "fast_food",
          "name": "Bakso Kikil Srengat"
        }
      }
    },
    {
      "type": "Feature",
      "geometry": {
        "type": "Point",
        "coordinates": [
          112.0700923,
          -8.0633899
        ]
      },
      "properties": {
        "id": "osm:node:3840370553",
        "name": "Soto Gentong",
        "category": "Cepat Saji",
        "osm_id": 3840370553,
        "osm_type": "node",
        "metadata": {
          "amenity": "fast_food",
          "name": "Soto Gentong"
        }
      }
    },
    {
      "type": "Feature",
      "geometry": {
        "type": "Point",
        "coordinates": [
          112.0720383,
          -8.0630659
        ]
      },
      "properties": {
        "id": "osm:node:3840370554",
        "name": "Es Degan",
        "category": "Kafe & Kedai Kopi",
        "osm_id": 3840370554,
        "osm_type": "node",
        "metadata": {
          "amenity": "cafe",
          "name": "Es Degan"
        }
      }
    },
    {
      "type": "Feature",
      "geometry": {
        "type": "Point",
        "coordinates": [
          112.0152986,
          -8.0984765
        ]
      },
      "properties": {
        "id": "osm:node:3840436518",
        "name": "Kawasan Wajib Kondom",
        "category": "Toko Retail (Umum)",
        "osm_id": 3840436518,
        "osm_type": "node",
        "metadata": {
          "name": "Kawasan Wajib Kondom",
          "shop": "erotic"
        }
      }
    },
    {
      "type": "Feature",
      "geometry": {
        "type": "Point",
        "coordinates": [
          112.0548174,
          -8.0596884
        ]
      },
      "properties": {
        "id": "osm:node:3840437407",
        "name": "Pos Polisi Togogan",
        "category": "Layanan Pemerintahan",
        "osm_id": 3840437407,
        "osm_type": "node",
        "metadata": {
          "amenity": "police",
          "name": "Pos Polisi Togogan"
        }
      }
    },
    {
      "type": "Feature",
      "geometry": {
        "type": "Point",
        "coordinates": [
          112.1494737,
          -8.102055
        ]
      },
      "properties": {
        "id": "osm:node:3840446666",
        "name": "Faul Laundry",
        "category": "Toko Retail (Umum)",
        "osm_id": 3840446666,
        "osm_type": "node",
        "metadata": {
          "name": "Faul Laundry",
          "shop": "dry_cleaning"
        }
      }
    },
    {
      "type": "Feature",
      "geometry": {
        "type": "Point",
        "coordinates": [
          112.1739266,
          -8.0976079
        ]
      },
      "properties": {
        "id": "osm:node:3840455207",
        "name": "Pusat Oleh-Oleh Bu Prajitno",
        "category": "Toko Retail (Umum)",
        "osm_id": 3840455207,
        "osm_type": "node",
        "metadata": {
          "addr:city": "Blitar",
          "name": "Pusat Oleh-Oleh Bu Prajitno",
          "shop": "gift"
        }
      }
    },
    {
      "type": "Feature",
      "geometry": {
        "type": "Point",
        "coordinates": [
          112.1711504,
          -8.0958245
        ]
      },
      "properties": {
        "id": "osm:node:3840455208",
        "name": "BRI",
        "category": "Bank & Finansial",
        "osm_id": 3840455208,
        "osm_type": "node",
        "metadata": {
          "air_conditioning": "yes",
          "amenity": "bank",
          "atm": "yes",
          "branch": "Unit Kartini",
          "brand": "BRI",
          "brand:wikidata": "Q623042",
          "currency:IDR": "yes",
          "drive_through": "no",
          "name": "BRI",
          "official_name": "Bank Rakyat Indonesia",
          "wheelchair": "limited"
        }
      }
    },
    {
      "type": "Feature",
      "geometry": {
        "type": "Point",
        "coordinates": [
          112.154093,
          -8.1018349
        ]
      },
      "properties": {
        "id": "osm:node:3840459537",
        "name": "ATM BRI",
        "category": "ATM / Mesin Tunai",
        "osm_id": 3840459537,
        "osm_type": "node",
        "metadata": {
          "amenity": "atm",
          "name": "ATM BRI"
        }
      }
    },
    {
      "type": "Feature",
      "geometry": {
        "type": "Point",
        "coordinates": [
          112.1550841,
          -8.1020139
        ]
      },
      "properties": {
        "id": "osm:node:3840459538",
        "name": "Apotik Wijaya",
        "category": "Apotek",
        "osm_id": 3840459538,
        "osm_type": "node",
        "metadata": {
          "amenity": "pharmacy",
          "healthcare": "pharmacy",
          "name": "Apotik Wijaya"
        }
      }
    },
    {
      "type": "Feature",
      "geometry": {
        "type": "Point",
        "coordinates": [
          112.1527363,
          -8.1018336
        ]
      },
      "properties": {
        "id": "osm:node:3840459539",
        "name": "Apotik Punden Sehat",
        "category": "Apotek",
        "osm_id": 3840459539,
        "osm_type": "node",
        "metadata": {
          "amenity": "pharmacy",
          "name": "Apotik Punden Sehat"
        }
      }
    },
    {
      "type": "Feature",
      "geometry": {
        "type": "Point",
        "coordinates": [
          112.1729179,
          -8.0998719
        ]
      },
      "properties": {
        "id": "osm:node:3840459541",
        "name": "Pasar Kuliner",
        "category": "Food Court",
        "osm_id": 3840459541,
        "osm_type": "node",
        "metadata": {
          "addr:city": "Blitar",
          "amenity": "food_court",
          "diet:halal": "yes",
          "internet_access": "wlan",
          "internet_access:fee": "customers",
          "name": "Pasar Kuliner",
          "outdoor_seating": "no",
          "payment:cash": "yes",
          "smoking": "yes",
          "wheelchair": "yes"
        }
      }
    },
    {
      "type": "Feature",
      "geometry": {
        "type": "Point",
        "coordinates": [
          112.1679563,
          -8.0926029
        ]
      },
      "properties": {
        "id": "osm:node:3840465619",
        "name": "Taman Bermain Pindahan Alun-Alun",
        "category": "Taman Kota / Terbuka",
        "osm_id": 3840465619,
        "osm_type": "node",
        "metadata": {
          "name": "Taman Bermain Pindahan Alun-Alun",
          "tourism": "theme_park"
        }
      }
    },
    {
      "type": "Feature",
      "geometry": {
        "type": "Point",
        "coordinates": [
          112.1647171,
          -8.0940668
        ]
      },
      "properties": {
        "id": "osm:node:3840465620",
        "name": "PT. Credo Indo Elektra",
        "category": "Perkantoran Komersial",
        "osm_id": 3840465620,
        "osm_type": "node",
        "metadata": {
          "name": "PT. Credo Indo Elektra",
          "office": "company"
        }
      }
    },
    {
      "type": "Feature",
      "geometry": {
        "type": "Point",
        "coordinates": [
          112.1676304,
          -8.0977016
        ]
      },
      "properties": {
        "id": "osm:node:3840520459",
        "name": "Soto Bok Ireng",
        "category": "Restoran",
        "osm_id": 3840520459,
        "osm_type": "node",
        "metadata": {
          "air_conditioning": "no",
          "amenity": "restaurant",
          "bar": "no",
          "cuisine": "indonesian",
          "delivery": "no",
          "diet:halal": "yes",
          "name": "Soto Bok Ireng",
          "not:name": "Soto Mbok Ireng;Soto Buk Ireng",
          "outdoor_seating": "yes",
          "payment:cash": "yes",
          "reservation": "no",
          "smoking": "yes",
          "takeaway": "no",
          "toilets": "no",
          "wheelchair": "no"
        }
      }
    },
    {
      "type": "Feature",
      "geometry": {
        "type": "Point",
        "coordinates": [
          112.1713458,
          -8.0988625
        ]
      },
      "properties": {
        "id": "osm:node:3840520461",
        "name": "Soto Kudus",
        "category": "Restoran",
        "osm_id": 3840520461,
        "osm_type": "node",
        "metadata": {
          "air_conditioning": "no",
          "amenity": "restaurant",
          "cuisine": "indonesian",
          "diet:halal": "yes",
          "name": "Soto Kudus",
          "outdoor_seating": "yes",
          "payment:cash": "yes"
        }
      }
    },
    {
      "type": "Feature",
      "geometry": {
        "type": "Point",
        "coordinates": [
          112.1710775,
          -8.0990356
        ]
      },
      "properties": {
        "id": "osm:node:3840520462",
        "name": "DPRD Kota Blitar",
        "category": "Layanan Pemerintahan",
        "osm_id": 3840520462,
        "osm_type": "node",
        "metadata": {
          "addr:city": "Blitar",
          "government": "legislative",
          "name": "DPRD Kota Blitar",
          "office": "government"
        }
      }
    },
    {
      "type": "Feature",
      "geometry": {
        "type": "Point",
        "coordinates": [
          112.170244,
          -8.0990812
        ]
      },
      "properties": {
        "id": "osm:node:3840520463",
        "name": "CV.Alvina Indah Motor",
        "category": "Toko Retail (Umum)",
        "osm_id": 3840520463,
        "osm_type": "node",
        "metadata": {
          "addr:city": "Blitar",
          "addr:province": "Jawa Timur",
          "addr:street": "Jalan Ahmad Yani",
          "brand": "Yamaha",
          "brand:wikidata": "Q158888",
          "name": "CV.Alvina Indah Motor",
          "payment:cash": "yes",
          "shop": "motorcycle"
        }
      }
    },
    {
      "type": "Feature",
      "geometry": {
        "type": "Point",
        "coordinates": [
          112.169816,
          -8.0989628
        ]
      },
      "properties": {
        "id": "osm:node:3840520464",
        "name": "Kantor Kejaksaan Negeri Kabupaten Blitar",
        "category": "Layanan Pemerintahan",
        "osm_id": 3840520464,
        "osm_type": "node",
        "metadata": {
          "addr:city": "Blitar",
          "addr:district": "Kepanjenkidul",
          "addr:housenumber": "11",
          "addr:postcode": "66112",
          "addr:province": "Jawa Timur",
          "addr:street": "Jalan Ahmad Yani",
          "addr:subdistrict": "Kepanjenlor",
          "government": "prosecutor",
          "name": "Kantor Kejaksaan Negeri Kabupaten Blitar",
          "office": "government"
        }
      }
    },
    {
      "type": "Feature",
      "geometry": {
        "type": "Point",
        "coordinates": [
          112.1695633,
          -8.09903
        ]
      },
      "properties": {
        "id": "osm:node:3840520465",
        "name": "PMI Cabang Kabupaten Blitar",
        "category": "Klinik & Puskesmas",
        "osm_id": 3840520465,
        "osm_type": "node",
        "metadata": {
          "addr:city": "Blitar",
          "addr:district": "Kepanjenkidul",
          "addr:housenumber": "9",
          "addr:postcode": "66112",
          "addr:province": "Jawa Timur",
          "addr:street": "Jalan Ahmad Yani",
          "addr:subdistrict": "Kepanjenlor",
          "healthcare": "blood_donation",
          "name": "PMI Cabang Kabupaten Blitar",
          "opening_hours": "24/7",
          "operator": "Palang Merah Indonesia",
          "phone": "+62342812180",
          "wheelchair": "yes"
        }
      }
    },
    {
      "type": "Feature",
      "geometry": {
        "type": "Point",
        "coordinates": [
          112.1713411,
          -8.0986182
        ]
      },
      "properties": {
        "id": "osm:node:3840520466",
        "name": "PMI Cabang Kota Blitar",
        "category": "Klinik & Puskesmas",
        "osm_id": 3840520466,
        "osm_type": "node",
        "metadata": {
          "addr:city": "Blitar",
          "healthcare": "blood_donation",
          "name": "PMI Cabang Kota Blitar",
          "opening_hours": "24/7",
          "operator": "Palang Merah Indonesia",
          "wheelchair": "yes"
        }
      }
    },
    {
      "type": "Feature",
      "geometry": {
        "type": "Point",
        "coordinates": [
          112.1718892,
          -8.098317
        ]
      },
      "properties": {
        "id": "osm:node:3840520467",
        "name": "SMK Katolik Santo Yusup Blitar",
        "category": "Sekolah Menengah Atas (SMA/SMK/MA)",
        "osm_id": 3840520467,
        "osm_type": "node",
        "metadata": {
          "addr:city": "Blitar",
          "addr:district": "Kepanjenkidul",
          "addr:housenumber": "35",
          "addr:postcode": "66112",
          "addr:province": "Jawa Timur",
          "addr:street": "Jalan Jenderal Sudirman",
          "addr:subdistrict": "Kepanjenlor",
          "name": "SMK Katolik Santo Yusup Blitar",
          "office": "educational_institution",
          "website": "https://smkkatolik.sch.id"
        }
      }
    },
    {
      "type": "Feature",
      "geometry": {
        "type": "Point",
        "coordinates": [
          112.1683384,
          -8.1008381
        ]
      },
      "properties": {
        "id": "osm:node:3840520470",
        "name": "RSU Ibu & Anak Aminah",
        "category": "Rumah Sakit",
        "osm_id": 3840520470,
        "osm_type": "node",
        "metadata": {
          "addr:city": "Blitar",
          "amenity": "hospital",
          "healthcare": "hospital",
          "name": "RSU Ibu & Anak Aminah"
        }
      }
    },
    {
      "type": "Feature",
      "geometry": {
        "type": "Point",
        "coordinates": [
          112.1623006,
          -8.0936444
        ]
      },
      "properties": {
        "id": "osm:node:3840520473",
        "name": "STM Islam",
        "category": "Sekolah (Umum)",
        "osm_id": 3840520473,
        "osm_type": "node",
        "metadata": {
          "addr:city": "Blitar",
          "amenity": "school",
          "name": "STM Islam"
        }
      }
    },
    {
      "type": "Feature",
      "geometry": {
        "type": "Point",
        "coordinates": [
          112.1639849,
          -8.0910545
        ]
      },
      "properties": {
        "id": "osm:node:3840520474",
        "name": "Soto Pak Tukimin",
        "category": "Restoran",
        "osm_id": 3840520474,
        "osm_type": "node",
        "metadata": {
          "air_conditioning": "no",
          "amenity": "restaurant",
          "cuisine": "indonesian",
          "drive_through": "no",
          "name": "Soto Pak Tukimin",
          "outdoor_seating": "no",
          "payment:cash": "yes",
          "smoking": "yes",
          "takeaway": "yes",
          "wheelchair": "no"
        }
      }
    },
    {
      "type": "Feature",
      "geometry": {
        "type": "Point",
        "coordinates": [
          112.1664035,
          -8.0882603
        ]
      },
      "properties": {
        "id": "osm:node:3840520475",
        "name": "Mareno Futsal",
        "category": "Fasilitas Olahraga",
        "osm_id": 3840520475,
        "osm_type": "node",
        "metadata": {
          "leisure": "pitch",
          "name": "Mareno Futsal",
          "sport": "futsal"
        }
      }
    },
    {
      "type": "Feature",
      "geometry": {
        "type": "Point",
        "coordinates": [
          112.1557161,
          -8.0889136
        ]
      },
      "properties": {
        "id": "osm:node:3840520479",
        "name": "Bakso Rea-Reo",
        "category": "Cepat Saji",
        "osm_id": 3840520479,
        "osm_type": "node",
        "metadata": {
          "amenity": "fast_food",
          "name": "Bakso Rea-Reo"
        }
      }
    },
    {
      "type": "Feature",
      "geometry": {
        "type": "Point",
        "coordinates": [
          112.1537071,
          -8.0568077
        ]
      },
      "properties": {
        "id": "osm:node:3840520480",
        "name": "Pasar Bringin",
        "category": "Supermarket",
        "osm_id": 3840520480,
        "osm_type": "node",
        "metadata": {
          "name": "Pasar Bringin",
          "shop": "supermarket"
        }
      }
    },
    {
      "type": "Feature",
      "geometry": {
        "type": "Point",
        "coordinates": [
          112.1394909,
          -8.0518272
        ]
      },
      "properties": {
        "id": "osm:node:3840520481",
        "name": "Kantor Desa Maliran",
        "category": "Layanan Pemerintahan",
        "osm_id": 3840520481,
        "osm_type": "node",
        "metadata": {
          "addr:city": "Blitar",
          "name": "Kantor Desa Maliran",
          "office": "government"
        }
      }
    },
    {
      "type": "Feature",
      "geometry": {
        "type": "Point",
        "coordinates": [
          112.1231529,
          -8.0669307
        ]
      },
      "properties": {
        "id": "osm:node:3840520484",
        "name": "Penangkaran Rusa Maliran",
        "category": "Lainnya",
        "osm_id": 3840520484,
        "osm_type": "node",
        "metadata": {
          "addr:city": "Blitar",
          "name": "Penangkaran Rusa Maliran",
          "tourism": "zoo"
        }
      }
    },
    {
      "type": "Feature",
      "geometry": {
        "type": "Point",
        "coordinates": [
          112.1184869,
          -8.0720848
        ]
      },
      "properties": {
        "id": "osm:node:3840520485",
        "name": "Pabrik Tiwul Instan",
        "category": "Perkantoran Komersial",
        "osm_id": 3840520485,
        "osm_type": "node",
        "metadata": {
          "addr:city": "Blitar",
          "name": "Pabrik Tiwul Instan",
          "office": "company"
        }
      }
    },
    {
      "type": "Feature",
      "geometry": {
        "type": "Point",
        "coordinates": [
          112.1188691,
          -8.0741739
        ]
      },
      "properties": {
        "id": "osm:node:3840520486",
        "name": "Dawet Ayu",
        "category": "Kafe & Kedai Kopi",
        "osm_id": 3840520486,
        "osm_type": "node",
        "metadata": {
          "addr:city": "Blitar",
          "amenity": "cafe",
          "name": "Dawet Ayu"
        }
      }
    },
    {
      "type": "Feature",
      "geometry": {
        "type": "Point",
        "coordinates": [
          112.1049732,
          -8.0655509
        ]
      },
      "properties": {
        "id": "osm:node:3840520487",
        "name": "Apotek (Tanpa Nama)",
        "category": "Apotek",
        "osm_id": 3840520487,
        "osm_type": "node",
        "metadata": {
          "amenity": "pharmacy"
        }
      }
    },
    {
      "type": "Feature",
      "geometry": {
        "type": "Point",
        "coordinates": [
          112.1380044,
          -8.1058695
        ]
      },
      "properties": {
        "id": "osm:node:3841055021",
        "name": "Persh. Rokok Apache",
        "category": "Perkantoran Komersial",
        "osm_id": 3841055021,
        "osm_type": "node",
        "metadata": {
          "name": "Persh. Rokok Apache",
          "office": "company"
        }
      }
    },
    {
      "type": "Feature",
      "geometry": {
        "type": "Point",
        "coordinates": [
          112.1499345,
          -8.0988855
        ]
      },
      "properties": {
        "id": "osm:node:4217690689",
        "name": "Wisma Dea Cake",
        "category": "Toko Roti & Kue",
        "osm_id": 4217690689,
        "osm_type": "node",
        "metadata": {
          "addr:housenumber": "15",
          "addr:street": "kaliopak, sanankulon, Blitar",
          "name": "Wisma Dea Cake",
          "phone": "+62 85235610278",
          "shop": "bakery"
        }
      }
    },
    {
      "type": "Feature",
      "geometry": {
        "type": "Point",
        "coordinates": [
          112.1488622,
          -8.103246
        ]
      },
      "properties": {
        "id": "osm:node:4217712589",
        "name": "Wisma Sunar",
        "category": "Hotel & Penginapan",
        "osm_id": 4217712589,
        "osm_type": "node",
        "metadata": {
          "addr:housenumber": "05",
          "addr:street": "Blitar, Sanankulon, Blitar",
          "name": "Wisma Sunar",
          "phone": "085234225234",
          "tourism": "guest_house"
        }
      }
    },
    {
      "type": "Feature",
      "geometry": {
        "type": "Point",
        "coordinates": [
          112.1648726,
          -8.1011724
        ]
      },
      "properties": {
        "id": "osm:node:4294587714",
        "name": "Perpustakaan STIEKEN",
        "category": "Sekolah (Umum)",
        "osm_id": 4294587714,
        "osm_type": "node",
        "metadata": {
          "addr:city": "Blitar",
          "addr:housenumber": "59",
          "addr:postcode": "66111",
          "addr:street": "Jalan Mastrip",
          "amenity": "library",
          "name": "Perpustakaan STIEKEN",
          "opening_hours": "08:00-14:00",
          "operator": "STIEKEN Blitar",
          "phone": "+62342802330",
          "website": "https://siperon.stieken.ac.id/"
        }
      }
    },
    {
      "type": "Feature",
      "geometry": {
        "type": "Point",
        "coordinates": [
          112.1645561,
          -8.1009122
        ]
      },
      "properties": {
        "id": "osm:node:4294587715",
        "name": "PMB STIEKEN Blitar",
        "category": "Layanan Pemerintahan",
        "osm_id": 4294587715,
        "osm_type": "node",
        "metadata": {
          "addr:city": "Blitar",
          "addr:housenumber": "59",
          "addr:postcode": "66111",
          "addr:street": "Jalan Mastrip",
          "name": "PMB STIEKEN Blitar",
          "office": "government",
          "opening_hours": "08:00-14:00",
          "phone": "+62342802330",
          "website": "https://spmb.stieken.ac.id/"
        }
      }
    },
    {
      "type": "Feature",
      "geometry": {
        "type": "Point",
        "coordinates": [
          112.1645239,
          -8.1012813
        ]
      },
      "properties": {
        "id": "osm:node:4294587716",
        "name": "Aula S. Soetrisno",
        "category": "Lainnya",
        "osm_id": 4294587716,
        "osm_type": "node",
        "metadata": {
          "addr:city": "Blitar",
          "addr:housenumber": "59",
          "addr:postcode": "66111",
          "addr:street": "Jalan Mastrip",
          "amenity": "community_centre",
          "name": "Aula S. Soetrisno",
          "operator": "STIEKEN Blitar"
        }
      }
    },
    {
      "type": "Feature",
      "geometry": {
        "type": "Point",
        "coordinates": [
          112.1645199,
          -8.1011539
        ]
      },
      "properties": {
        "id": "osm:node:4294587718",
        "name": "STIEKEN Career Center",
        "category": "Lainnya",
        "osm_id": 4294587718,
        "osm_type": "node",
        "metadata": {
          "addr:city": "Blitar",
          "addr:housenumber": "59",
          "addr:postcode": "66111",
          "addr:street": "Jalan Mastrip",
          "amenity": "community_centre",
          "name": "STIEKEN Career Center",
          "operator": "Pusat Karir STIEKEN Blitar"
        }
      }
    },
    {
      "type": "Feature",
      "geometry": {
        "type": "Point",
        "coordinates": [
          112.1645427,
          -8.1010131
        ]
      },
      "properties": {
        "id": "osm:node:4294614445",
        "name": "Kantor Pusat STIEKEN",
        "category": "Layanan Pemerintahan",
        "osm_id": 4294614445,
        "osm_type": "node",
        "metadata": {
          "addr:city": "Blitar",
          "addr:housenumber": "59",
          "addr:postcode": "66111",
          "addr:street": "Jalan Mastrip",
          "name": "Kantor Pusat STIEKEN",
          "office": "government",
          "opening_hours": "08:00-14:00",
          "phone": "+62342802330",
          "website": "https://www.stieken.ac.id/",
          "wikidata": "Q14323224",
          "wikipedia": "id:STIE Kesuma Negara Blitar"
        }
      }
    },
    {
      "type": "Feature",
      "geometry": {
        "type": "Point",
        "coordinates": [
          112.0553538,
          -8.1028026
        ]
      },
      "properties": {
        "id": "osm:node:4303475789",
        "name": "Hotel & Penginapan (Tanpa Nama)",
        "category": "Hotel & Penginapan",
        "osm_id": 4303475789,
        "osm_type": "node",
        "metadata": {
          "tourism": "guest_house"
        }
      }
    },
    {
      "type": "Feature",
      "geometry": {
        "type": "Point",
        "coordinates": [
          112.0763808,
          -8.0615187
        ]
      },
      "properties": {
        "id": "osm:node:4311323190",
        "name": "luluk pak",
        "category": "Lainnya",
        "osm_id": 4311323190,
        "osm_type": "node",
        "metadata": {
          "amenity": "courthouse",
          "name": "luluk pak"
        }
      }
    },
    {
      "type": "Feature",
      "geometry": {
        "type": "Point",
        "coordinates": [
          112.0763431,
          -8.0609874
        ]
      },
      "properties": {
        "id": "osm:node:4329367296",
        "name": "dita rohana",
        "category": "Kafe & Kedai Kopi",
        "osm_id": 4329367296,
        "osm_type": "node",
        "metadata": {
          "amenity": "cafe",
          "name": "dita rohana"
        }
      }
    },
    {
      "type": "Feature",
      "geometry": {
        "type": "Point",
        "coordinates": [
          112.1562716,
          -8.1040429
        ]
      },
      "properties": {
        "id": "osm:node:4385404689",
        "name": "Oma House",
        "category": "Hotel & Penginapan",
        "osm_id": 4385404689,
        "osm_type": "node",
        "metadata": {
          "addr:housenumber": "30",
          "addr:street": "Jalan Suken",
          "internet_access": "wlan",
          "name": "Oma House",
          "tourism": "guest_house"
        }
      }
    },
    {
      "type": "Feature",
      "geometry": {
        "type": "Point",
        "coordinates": [
          112.1785649,
          -8.1096927
        ]
      },
      "properties": {
        "id": "osm:node:4400817590",
        "name": "Bellvind Faahion",
        "category": "Toko Retail (Umum)",
        "osm_id": 4400817590,
        "osm_type": "node",
        "metadata": {
          "addr:housenumber": "22",
          "addr:postcode": "66137",
          "addr:street": "Jalan Batam",
          "internet_access": "wlan",
          "name": "Bellvind Faahion",
          "shop": "clothes"
        }
      }
    },
    {
      "type": "Feature",
      "geometry": {
        "type": "Point",
        "coordinates": [
          112.1742023,
          -8.1263324
        ]
      },
      "properties": {
        "id": "osm:node:4466735089",
        "name": "J-Lo (Jatinom Laundry)",
        "category": "Toko Retail (Umum)",
        "osm_id": 4466735089,
        "osm_type": "node",
        "metadata": {
          "addr:postcode": "66171",
          "addr:street": "Satria",
          "internet_access": "wlan",
          "name": "J-Lo (Jatinom Laundry)",
          "name:en": "J-Lo (Jatinom Laundry)",
          "opening_hours": "Mo-Su 10:00-20:30",
          "phone": "085746074601",
          "shop": "laundry"
        }
      }
    },
    {
      "type": "Feature",
      "geometry": {
        "type": "Point",
        "coordinates": [
          112.0144656,
          -8.1254428
        ]
      },
      "properties": {
        "id": "osm:node:4577431291",
        "name": "Lesehan Nirwana Bambu",
        "category": "Restoran",
        "osm_id": 4577431291,
        "osm_type": "node",
        "metadata": {
          "amenity": "restaurant",
          "name": "Lesehan Nirwana Bambu"
        }
      }
    },
    {
      "type": "Feature",
      "geometry": {
        "type": "Point",
        "coordinates": [
          112.1641295,
          -8.1138163
        ]
      },
      "properties": {
        "id": "osm:node:4685891189",
        "name": "Toko Syukur (Alat Tulis Kantor)",
        "category": "Toko Retail (Umum)",
        "osm_id": 4685891189,
        "osm_type": "node",
        "metadata": {
          "addr:housenumber": "38",
          "addr:postcode": "66134",
          "addr:street": "Jalan Kenari",
          "email": "fahmi.ali1945@gmail.com",
          "internet_access": "wlan",
          "name": "Toko Syukur (Alat Tulis Kantor)",
          "opening_hours": "Mo-Su 07:30-21:00",
          "operator": "M. Nurhadi",
          "phone": "+62 812-3340-0789",
          "shop": "books",
          "website": "https://tokosyukur.tk"
        }
      }
    },
    {
      "type": "Feature",
      "geometry": {
        "type": "Point",
        "coordinates": [
          111.99777,
          -8.17329
        ]
      },
      "properties": {
        "id": "osm:node:4735456226",
        "name": "SMA Negeri 1 Kalidawir",
        "category": "Sekolah Menengah Atas (SMA/SMK/MA)",
        "osm_id": 4735456226,
        "osm_type": "node",
        "metadata": {
          "amenity": "school",
          "name": "SMA Negeri 1 Kalidawir"
        }
      }
    },
    {
      "type": "Feature",
      "geometry": {
        "type": "Point",
        "coordinates": [
          112.0135882,
          -8.1022979
        ]
      },
      "properties": {
        "id": "osm:node:4735456228",
        "name": "Bundaran",
        "category": "Taman Kota / Terbuka",
        "osm_id": 4735456228,
        "osm_type": "node",
        "metadata": {
          "historic": "monument",
          "name": "Bundaran"
        }
      }
    },
    {
      "type": "Feature",
      "geometry": {
        "type": "Point",
        "coordinates": [
          112.0085994,
          -8.1025155
        ]
      },
      "properties": {
        "id": "osm:node:4735456229",
        "name": "Tugu Rantai",
        "category": "Lainnya",
        "osm_id": 4735456229,
        "osm_type": "node",
        "metadata": {
          "historic": "monument",
          "name": "Tugu Rantai"
        }
      }
    },
    {
      "type": "Feature",
      "geometry": {
        "type": "Point",
        "coordinates": [
          111.98358,
          -8.1811593
        ]
      },
      "properties": {
        "id": "osm:node:4735480221",
        "name": "SMP Negeri 1 Kalidawir",
        "category": "Sekolah Menengah Pertama (SMP/MTs)",
        "osm_id": 4735480221,
        "osm_type": "node",
        "metadata": {
          "amenity": "school",
          "name": "SMP Negeri 1 Kalidawir"
        }
      }
    },
    {
      "type": "Feature",
      "geometry": {
        "type": "Point",
        "coordinates": [
          112.0138127,
          -8.1024955
        ]
      },
      "properties": {
        "id": "osm:node:4735480223",
        "name": "Kantor Polisi",
        "category": "Layanan Pemerintahan",
        "osm_id": 4735480223,
        "osm_type": "node",
        "metadata": {
          "amenity": "police",
          "name": "Kantor Polisi"
        }
      }
    },
    {
      "type": "Feature",
      "geometry": {
        "type": "Point",
        "coordinates": [
          112.1702942,
          -8.1022374
        ]
      },
      "properties": {
        "id": "osm:node:4826730321",
        "name": "EXO Café",
        "category": "Kafe & Kedai Kopi",
        "osm_id": 4826730321,
        "osm_type": "node",
        "metadata": {
          "amenity": "cafe",
          "name": "EXO Café",
          "name:de": "EXO Café",
          "name:en": "EXO Café"
        }
      }
    },
    {
      "type": "Feature",
      "geometry": {
        "type": "Point",
        "coordinates": [
          112.0215761,
          -8.0278773
        ]
      },
      "properties": {
        "id": "osm:node:5036006547",
        "name": "Pemakaman Ds. Kebonagug",
        "category": "Pemakaman",
        "osm_id": 5036006547,
        "osm_type": "node",
        "metadata": {
          "amenity": "grave_yard",
          "denomination": "sunni",
          "name": "Pemakaman Ds. Kebonagug",
          "religion": "muslim"
        }
      }
    },
    {
      "type": "Feature",
      "geometry": {
        "type": "Point",
        "coordinates": [
          112.181701,
          -8.086184
        ]
      },
      "properties": {
        "id": "osm:node:5246567421",
        "name": "Mb tatik blitar",
        "category": "Hotel & Penginapan",
        "osm_id": 5246567421,
        "osm_type": "node",
        "metadata": {
          "name": "Mb tatik blitar",
          "name:en": "Mb tatik blitar",
          "tourism": "guest_house"
        }
      }
    },
    {
      "type": "Feature",
      "geometry": {
        "type": "Point",
        "coordinates": [
          112.1846014,
          -8.0960712
        ]
      },
      "properties": {
        "id": "osm:node:5336746430",
        "name": "Masjit Baitul Makmur",
        "category": "Masjid & Mushola",
        "osm_id": 5336746430,
        "osm_type": "node",
        "metadata": {
          "addr:housenumber": "10",
          "addr:postcode": "66131",
          "addr:street": "Nyi ageng serang 2",
          "amenity": "place_of_worship",
          "name": "Masjit Baitul Makmur",
          "name:en": "Masjit Baitul Makmur",
          "opening_hours": "24/7",
          "religion": "muslim",
          "website": "http://www.ldii.co.id"
        }
      }
    },
    {
      "type": "Feature",
      "geometry": {
        "type": "Point",
        "coordinates": [
          112.1241829,
          -8.0851831
        ]
      },
      "properties": {
        "id": "osm:node:5474708522",
        "name": "BKMS",
        "category": "Hotel & Penginapan",
        "osm_id": 5474708522,
        "osm_type": "node",
        "metadata": {
          "name": "BKMS",
          "tourism": "hotel"
        }
      }
    },
    {
      "type": "Feature",
      "geometry": {
        "type": "Point",
        "coordinates": [
          112.1245176,
          -8.0851489
        ]
      },
      "properties": {
        "id": "osm:node:5474708523",
        "name": "BKMS",
        "category": "Hotel & Penginapan",
        "osm_id": 5474708523,
        "osm_type": "node",
        "metadata": {
          "name": "BKMS",
          "tourism": "hotel"
        }
      }
    },
    {
      "type": "Feature",
      "geometry": {
        "type": "Point",
        "coordinates": [
          112.1683701,
          -8.1003458
        ]
      },
      "properties": {
        "id": "osm:node:5604567154",
        "name": "Sweet Pea Cafe",
        "category": "Kafe & Kedai Kopi",
        "osm_id": 5604567154,
        "osm_type": "node",
        "metadata": {
          "amenity": "cafe",
          "internet_access": "yes",
          "name": "Sweet Pea Cafe",
          "opening_hours": "Mo-Su 09:00-21:00"
        }
      }
    },
    {
      "type": "Feature",
      "geometry": {
        "type": "Point",
        "coordinates": [
          112.1794921,
          -8.0927237
        ]
      },
      "properties": {
        "id": "osm:node:5604629183",
        "name": "Sam Bistro",
        "category": "Kafe & Kedai Kopi",
        "osm_id": 5604629183,
        "osm_type": "node",
        "metadata": {
          "amenity": "cafe",
          "internet_access": "wlan",
          "name": "Sam Bistro",
          "opening_hours": "Mo-Su 10:00-22:00",
          "wheelchair": "limited"
        }
      }
    },
    {
      "type": "Feature",
      "geometry": {
        "type": "Point",
        "coordinates": [
          112.1318577,
          -8.0922153
        ]
      },
      "properties": {
        "id": "osm:node:5751447506",
        "name": "Alfamart",
        "category": "Minimarket",
        "osm_id": 5751447506,
        "osm_type": "node",
        "metadata": {
          "brand": "Alfamart",
          "brand:wikidata": "Q23745600",
          "name": "Alfamart",
          "operator": "PT Sumber Alfaria Trijaya,Tbk",
          "shop": "convenience",
          "toilets": "yes",
          "toilets:access": "permissive",
          "toilets:unisex": "yes",
          "website": "https://alfamart.co.id"
        }
      }
    },
    {
      "type": "Feature",
      "geometry": {
        "type": "Point",
        "coordinates": [
          112.1445277,
          -8.0981622
        ]
      },
      "properties": {
        "id": "osm:node:5751447507",
        "name": "Pertamina",
        "category": "SPBU / Stasiun Pengisian Bahan Bakar",
        "osm_id": 5751447507,
        "osm_type": "node",
        "metadata": {
          "amenity": "fuel",
          "name": "Pertamina"
        }
      }
    },
    {
      "type": "Feature",
      "geometry": {
        "type": "Point",
        "coordinates": [
          112.1097299,
          -8.1208655
        ]
      },
      "properties": {
        "id": "osm:node:5751453210",
        "name": "Alfamart",
        "category": "Minimarket",
        "osm_id": 5751453210,
        "osm_type": "node",
        "metadata": {
          "brand": "Alfamart",
          "brand:wikidata": "Q23745600",
          "name": "Alfamart",
          "operator": "PT Sumber Alfaria Trijaya,Tbk",
          "shop": "convenience",
          "toilets": "yes",
          "toilets:access": "permissive",
          "toilets:unisex": "yes",
          "website": "https://alfamart.co.id"
        }
      }
    },
    {
      "type": "Feature",
      "geometry": {
        "type": "Point",
        "coordinates": [
          112.156855,
          -8.1094679
        ]
      },
      "properties": {
        "id": "osm:node:5751453669",
        "name": "Warung Cemara",
        "category": "Restoran",
        "osm_id": 5751453669,
        "osm_type": "node",
        "metadata": {
          "amenity": "restaurant",
          "name": "Warung Cemara"
        }
      }
    },
    {
      "type": "Feature",
      "geometry": {
        "type": "Point",
        "coordinates": [
          112.1636438,
          -8.097185
        ]
      },
      "properties": {
        "id": "osm:node:5751454318",
        "name": "Indomaret",
        "category": "Minimarket",
        "osm_id": 5751454318,
        "osm_type": "node",
        "metadata": {
          "air_conditioning": "yes",
          "brand": "Indomaret",
          "brand:wikidata": "Q4262825",
          "brand:wikipedia": "id:Indomaret",
          "currency:IDR": "yes",
          "name": "Indomaret",
          "name:en": "Indomaret",
          "name:id": "Indomaret",
          "name:ja": "インドマレット",
          "opening_hours": "24/7",
          "operator": "PT. Indomarco Prismatama",
          "payment:cards": "yes",
          "payment:cash": "yes",
          "payment:contactless": "yes",
          "payment:credit_cards": "yes",
          "payment:debit_cards": "yes",
          "shop": "convenience",
          "toilets": "yes",
          "toilets:access": "permissive",
          "website": "https://www.klikindomaret.com",
          "wheelchair": "limited"
        }
      }
    },
    {
      "type": "Feature",
      "geometry": {
        "type": "Point",
        "coordinates": [
          112.1387877,
          -8.0950015
        ]
      },
      "properties": {
        "id": "osm:node:5751454631",
        "name": "Toko Retail (Umum) (Tanpa Nama)",
        "category": "Toko Retail (Umum)",
        "osm_id": 5751454631,
        "osm_type": "node",
        "metadata": {
          "shop": "copyshop"
        }
      }
    },
    {
      "type": "Feature",
      "geometry": {
        "type": "Point",
        "coordinates": [
          112.1493607,
          -8.1005219
        ]
      },
      "properties": {
        "id": "osm:node:5751454794",
        "name": "Indomaret",
        "category": "Minimarket",
        "osm_id": 5751454794,
        "osm_type": "node",
        "metadata": {
          "air_conditioning": "yes",
          "brand": "Indomaret",
          "brand:wikidata": "Q4262825",
          "brand:wikipedia": "id:Indomaret",
          "name": "Indomaret",
          "name:en": "Indomaret",
          "name:id": "Indomaret",
          "name:ja": "インドマレット",
          "operator": "PT. Indomarco Prismatama",
          "shop": "convenience",
          "toilets": "yes",
          "toilets:access": "permissive",
          "website": "https://www.klikindomaret.com"
        }
      }
    },
    {
      "type": "Feature",
      "geometry": {
        "type": "Point",
        "coordinates": [
          112.1636952,
          -8.0970821
        ]
      },
      "properties": {
        "id": "osm:node:5751454795",
        "name": "ATM BNI",
        "category": "ATM / Mesin Tunai",
        "osm_id": 5751454795,
        "osm_type": "node",
        "metadata": {
          "amenity": "atm",
          "brand": "BNI",
          "brand:wikidata": "Q2882611",
          "cash_in": "no",
          "covered": "yes",
          "currency:IDR": "yes",
          "drive_through": "no",
          "indoor": "yes",
          "lit": "yes",
          "name": "ATM BNI",
          "official_name": "Bank Negara Indonesia",
          "opening_hours": "24/7",
          "operator": "BNI",
          "operator:wikidata": "Q2882611",
          "wheelchair": "no"
        }
      }
    },
    {
      "type": "Feature",
      "geometry": {
        "type": "Point",
        "coordinates": [
          112.1932995,
          -7.9993557
        ]
      },
      "properties": {
        "id": "osm:node:5751454796",
        "name": "JMart",
        "category": "Supermarket",
        "osm_id": 5751454796,
        "osm_type": "node",
        "metadata": {
          "name": "JMart",
          "shop": "supermarket"
        }
      }
    },
    {
      "type": "Feature",
      "geometry": {
        "type": "Point",
        "coordinates": [
          112.1699377,
          -8.1021979
        ]
      },
      "properties": {
        "id": "osm:node:5759627916",
        "name": "Co-Ttek Adventure",
        "category": "Toko Retail (Umum)",
        "osm_id": 5759627916,
        "osm_type": "node",
        "metadata": {
          "name": "Co-Ttek Adventure",
          "shop": "outdoor"
        }
      }
    },
    {
      "type": "Feature",
      "geometry": {
        "type": "Point",
        "coordinates": [
          112.17116,
          -8.100994
        ]
      },
      "properties": {
        "id": "osm:node:5759627917",
        "name": "Hotel Sri Rejeki",
        "category": "Hotel & Penginapan",
        "osm_id": 5759627917,
        "osm_type": "node",
        "metadata": {
          "name": "Hotel Sri Rejeki",
          "tourism": "hotel"
        }
      }
    },
    {
      "type": "Feature",
      "geometry": {
        "type": "Point",
        "coordinates": [
          112.1619706,
          -8.099117
        ]
      },
      "properties": {
        "id": "osm:node:5759628110",
        "name": "RM. Pacific",
        "category": "Restoran",
        "osm_id": 5759628110,
        "osm_type": "node",
        "metadata": {
          "amenity": "restaurant",
          "name": "RM. Pacific"
        }
      }
    },
    {
      "type": "Feature",
      "geometry": {
        "type": "Point",
        "coordinates": [
          112.1583718,
          -8.0901591
        ]
      },
      "properties": {
        "id": "osm:node:6227253485",
        "name": "Patria Garden Hotel",
        "category": "Hotel & Penginapan",
        "osm_id": 6227253485,
        "osm_type": "node",
        "metadata": {
          "addr:housenumber": "1",
          "addr:street": "Jalan Batanghari",
          "air_conditioning": "yes",
          "bar": "no",
          "brand": "Patria",
          "building:levels": "1",
          "check_date": "2022-12-30",
          "internet_access": "wlan",
          "internet_access:fee": "no",
          "name": "Patria Garden Hotel",
          "name:en": "Patria Garden Hotel",
          "name:id": "Patria Garden Hotel",
          "opening_hours": "24/7",
          "payment:cash": "yes",
          "payment:credit_cards": "yes",
          "phone": "+62 342 807222",
          "reservation": "required",
          "smoking": "outdoor",
          "source": "local knowledge",
          "stars": "2",
          "tourism": "hotel",
          "website": "https://hotelpatriablitar.com",
          "wheelchair": "no"
        }
      }
    },
    {
      "type": "Feature",
      "geometry": {
        "type": "Point",
        "coordinates": [
          111.957123,
          -8.1117148
        ]
      },
      "properties": {
        "id": "osm:node:6343033764",
        "name": "Mushola Ar-Rohman",
        "category": "Masjid & Mushola",
        "osm_id": 6343033764,
        "osm_type": "node",
        "metadata": {
          "addr:city": "Tulungagung",
          "addr:postcode": "66291",
          "amenity": "place_of_worship",
          "denomination": "islam",
          "name": "Mushola Ar-Rohman",
          "religion": "muslim"
        }
      }
    },
    {
      "type": "Feature",
      "geometry": {
        "type": "Point",
        "coordinates": [
          111.9555808,
          -8.1134606
        ]
      },
      "properties": {
        "id": "osm:node:6344261641",
        "name": "Masjid Nurul Hidayah",
        "category": "Masjid & Mushola",
        "osm_id": 6344261641,
        "osm_type": "node",
        "metadata": {
          "amenity": "place_of_worship",
          "denomination": "islam",
          "name": "Masjid Nurul Hidayah",
          "religion": "muslim"
        }
      }
    },
    {
      "type": "Feature",
      "geometry": {
        "type": "Point",
        "coordinates": [
          111.9523568,
          -8.1103793
        ]
      },
      "properties": {
        "id": "osm:node:6345379419",
        "name": "SDN 1 Podorejo",
        "category": "Sekolah Dasar (SD/MI)",
        "osm_id": 6345379419,
        "osm_type": "node",
        "metadata": {
          "addr:city": "Tulungagung",
          "addr:postcode": "66291",
          "addr:street": "Jl. Raya Podorejo",
          "amenity": "school",
          "name": "SDN 1 Podorejo"
        }
      }
    },
    {
      "type": "Feature",
      "geometry": {
        "type": "Point",
        "coordinates": [
          112.1717648,
          -8.1566849
        ]
      },
      "properties": {
        "id": "osm:node:6463638385",
        "name": "Kampung Choklat (the chocolate village)",
        "category": "Lainnya",
        "osm_id": 6463638385,
        "osm_type": "node",
        "metadata": {
          "name": "Kampung Choklat (the chocolate village)",
          "tourism": "attraction"
        }
      }
    },
    {
      "type": "Feature",
      "geometry": {
        "type": "Point",
        "coordinates": [
          112.180545,
          -8.1078403
        ]
      },
      "properties": {
        "id": "osm:node:6688135449",
        "name": "STKIP PGRI Blitar",
        "category": "Sekolah (Umum)",
        "osm_id": 6688135449,
        "osm_type": "node",
        "metadata": {
          "addr:city": "Blitar",
          "addr:housenumber": "111",
          "addr:postcode": "66113",
          "addr:street": "Jl. Kalimantan No.111, Karangtengah, Kec. Sananwetan, Kota Blitar, Jawa Timur 66113",
          "amenity": "school",
          "name": "STKIP PGRI Blitar"
        }
      }
    },
    {
      "type": "Feature",
      "geometry": {
        "type": "Point",
        "coordinates": [
          112.1775898,
          -8.0940838
        ]
      },
      "properties": {
        "id": "osm:node:6688135451",
        "name": "SMP Negeri 6 Blitar",
        "category": "Sekolah Menengah Pertama (SMP/MTs)",
        "osm_id": 6688135451,
        "osm_type": "node",
        "metadata": {
          "amenity": "school",
          "name": "SMP Negeri 6 Blitar"
        }
      }
    },
    {
      "type": "Feature",
      "geometry": {
        "type": "Point",
        "coordinates": [
          112.1797511,
          -8.0943559
        ]
      },
      "properties": {
        "id": "osm:node:6688135453",
        "name": "SMP Negeri 4 Blitar",
        "category": "Sekolah Menengah Pertama (SMP/MTs)",
        "osm_id": 6688135453,
        "osm_type": "node",
        "metadata": {
          "air_conditioning": "no",
          "alt_name": "SMPN 4 Blitar",
          "internet_access": "yes",
          "internet_access:fee": "no",
          "name": "SMP Negeri 4 Blitar",
          "office": "educational_institution",
          "smoking": "no",
          "wheelchair": "limited"
        }
      }
    },
    {
      "type": "Feature",
      "geometry": {
        "type": "Point",
        "coordinates": [
          112.1646999,
          -8.1108693
        ]
      },
      "properties": {
        "id": "osm:node:6688135454",
        "name": "SMP Negeri 8 Kota Blitar",
        "category": "Sekolah Menengah Pertama (SMP/MTs)",
        "osm_id": 6688135454,
        "osm_type": "node",
        "metadata": {
          "amenity": "school",
          "name": "SMP Negeri 8 Kota Blitar"
        }
      }
    },
    {
      "type": "Feature",
      "geometry": {
        "type": "Point",
        "coordinates": [
          112.1687387,
          -8.0919041
        ]
      },
      "properties": {
        "id": "osm:node:6688135455",
        "name": "SMPN 7 Kota Blitar",
        "category": "Sekolah Menengah Pertama (SMP/MTs)",
        "osm_id": 6688135455,
        "osm_type": "node",
        "metadata": {
          "amenity": "school",
          "name": "SMPN 7 Kota Blitar"
        }
      }
    },
    {
      "type": "Feature",
      "geometry": {
        "type": "Point",
        "coordinates": [
          112.1474418,
          -8.1000221
        ]
      },
      "properties": {
        "id": "osm:node:6688211726",
        "name": "SMK Negeri 2 Blitar",
        "category": "Sekolah Menengah Atas (SMA/SMK/MA)",
        "osm_id": 6688211726,
        "osm_type": "node",
        "metadata": {
          "amenity": "school",
          "name": "SMK Negeri 2 Blitar"
        }
      }
    },
    {
      "type": "Feature",
      "geometry": {
        "type": "Point",
        "coordinates": [
          112.1478587,
          -8.1008664
        ]
      },
      "properties": {
        "id": "osm:node:6688211727",
        "name": "SMKS PGRI 3 Kota Blitar",
        "category": "Sekolah (Umum)",
        "osm_id": 6688211727,
        "osm_type": "node",
        "metadata": {
          "amenity": "school",
          "name": "SMKS PGRI 3 Kota Blitar"
        }
      }
    },
    {
      "type": "Feature",
      "geometry": {
        "type": "Point",
        "coordinates": [
          112.1646377,
          -8.1126261
        ]
      },
      "properties": {
        "id": "osm:node:6688211728",
        "name": "SMK Negeri 1 Blitar",
        "category": "Sekolah Menengah Atas (SMA/SMK/MA)",
        "osm_id": 6688211728,
        "osm_type": "node",
        "metadata": {
          "amenity": "school",
          "name": "SMK Negeri 1 Blitar"
        }
      }
    },
    {
      "type": "Feature",
      "geometry": {
        "type": "Point",
        "coordinates": [
          112.1800161,
          -8.1026977
        ]
      },
      "properties": {
        "id": "osm:node:6688211729",
        "name": "SMK PGRI 2 Kota Blitar",
        "category": "Sekolah Menengah Atas (SMA/SMK/MA)",
        "osm_id": 6688211729,
        "osm_type": "node",
        "metadata": {
          "amenity": "school",
          "name": "SMK PGRI 2 Kota Blitar"
        }
      }
    },
    {
      "type": "Feature",
      "geometry": {
        "type": "Point",
        "coordinates": [
          112.1784443,
          -8.0971333
        ]
      },
      "properties": {
        "id": "osm:node:6688211730",
        "name": "Akademi Komunitas Negeri Putra Sang Fajar",
        "category": "Perguruan Tinggi",
        "osm_id": 6688211730,
        "osm_type": "node",
        "metadata": {
          "amenity": "college",
          "internet_access": "yes",
          "internet_access:fee": "no",
          "name": "Akademi Komunitas Negeri Putra Sang Fajar",
          "wheelchair": "yes"
        }
      }
    },
    {
      "type": "Feature",
      "geometry": {
        "type": "Point",
        "coordinates": [
          112.1632704,
          -8.091978
        ]
      },
      "properties": {
        "id": "osm:node:6688211731",
        "name": "SMA AL MUHAFIZHOH",
        "category": "Sekolah Menengah Atas (SMA/SMK/MA)",
        "osm_id": 6688211731,
        "osm_type": "node",
        "metadata": {
          "amenity": "school",
          "name": "SMA AL MUHAFIZHOH"
        }
      }
    },
    {
      "type": "Feature",
      "geometry": {
        "type": "Point",
        "coordinates": [
          112.1772528,
          -8.0655276
        ]
      },
      "properties": {
        "id": "osm:node:6688211732",
        "name": "SMAN 2 BLITAR",
        "category": "Sekolah Menengah Atas (SMA/SMK/MA)",
        "osm_id": 6688211732,
        "osm_type": "node",
        "metadata": {
          "amenity": "school",
          "name": "SMAN 2 BLITAR"
        }
      }
    },
    {
      "type": "Feature",
      "geometry": {
        "type": "Point",
        "coordinates": [
          112.1700467,
          -8.0973522
        ]
      },
      "properties": {
        "id": "osm:node:6688211733",
        "name": "SMAS Muhammadiyah Blitar",
        "category": "Sekolah (Umum)",
        "osm_id": 6688211733,
        "osm_type": "node",
        "metadata": {
          "amenity": "school",
          "name": "SMAS Muhammadiyah Blitar"
        }
      }
    },
    {
      "type": "Feature",
      "geometry": {
        "type": "Point",
        "coordinates": [
          112.1674927,
          -8.0992696
        ]
      },
      "properties": {
        "id": "osm:node:6688211734",
        "name": "SMK Indonesia Putera",
        "category": "Sekolah Menengah Atas (SMA/SMK/MA)",
        "osm_id": 6688211734,
        "osm_type": "node",
        "metadata": {
          "amenity": "school",
          "name": "SMK Indonesia Putera"
        }
      }
    },
    {
      "type": "Feature",
      "geometry": {
        "type": "Point",
        "coordinates": [
          112.1702351,
          -8.0974077
        ]
      },
      "properties": {
        "id": "osm:node:6688211735",
        "name": "SMK Muhammadiyah 1 Blitar",
        "category": "Sekolah Menengah Atas (SMA/SMK/MA)",
        "osm_id": 6688211735,
        "osm_type": "node",
        "metadata": {
          "amenity": "school",
          "name": "SMK Muhammadiyah 1 Blitar"
        }
      }
    },
    {
      "type": "Feature",
      "geometry": {
        "type": "Point",
        "coordinates": [
          112.1869121,
          -8.0999012
        ]
      },
      "properties": {
        "id": "osm:node:6688211736",
        "name": "SMK TELKOM BRAWIJAYA",
        "category": "Sekolah Menengah Atas (SMA/SMK/MA)",
        "osm_id": 6688211736,
        "osm_type": "node",
        "metadata": {
          "amenity": "school",
          "name": "SMK TELKOM BRAWIJAYA"
        }
      }
    },
    {
      "type": "Feature",
      "geometry": {
        "type": "Point",
        "coordinates": [
          112.1710266,
          -8.0957098
        ]
      },
      "properties": {
        "id": "osm:node:6688439490",
        "name": "Indomaret",
        "category": "Minimarket",
        "osm_id": 6688439490,
        "osm_type": "node",
        "metadata": {
          "air_conditioning": "yes",
          "brand": "Indomaret",
          "brand:wikidata": "Q4262825",
          "brand:wikipedia": "id:Indomaret",
          "name": "Indomaret",
          "name:en": "Indomaret",
          "name:id": "Indomaret",
          "name:ja": "インドマレット",
          "operator": "PT. Indomarco Prismatama",
          "shop": "convenience",
          "toilets": "yes",
          "toilets:access": "permissive",
          "website": "https://www.klikindomaret.com"
        }
      }
    },
    {
      "type": "Feature",
      "geometry": {
        "type": "Point",
        "coordinates": [
          112.1716262,
          -8.0976166
        ]
      },
      "properties": {
        "id": "osm:node:6688439491",
        "name": "Koffie Time Cafe Resto",
        "category": "Restoran",
        "osm_id": 6688439491,
        "osm_type": "node",
        "metadata": {
          "amenity": "cafe",
          "name": "Koffie Time Cafe Resto"
        }
      }
    },
    {
      "type": "Feature",
      "geometry": {
        "type": "Point",
        "coordinates": [
          112.1828998,
          -8.0981025
        ]
      },
      "properties": {
        "id": "osm:node:6690051955",
        "name": "Indomaret",
        "category": "Minimarket",
        "osm_id": 6690051955,
        "osm_type": "node",
        "metadata": {
          "air_conditioning": "yes",
          "brand": "Indomaret",
          "brand:wikidata": "Q4262825",
          "brand:wikipedia": "id:Indomaret",
          "name": "Indomaret",
          "name:en": "Indomaret",
          "name:id": "Indomaret",
          "name:ja": "インドマレット",
          "operator": "PT. Indomarco Prismatama",
          "shop": "convenience",
          "toilets": "yes",
          "toilets:access": "permissive",
          "website": "https://www.klikindomaret.com"
        }
      }
    },
    {
      "type": "Feature",
      "geometry": {
        "type": "Point",
        "coordinates": [
          112.1650333,
          -8.0949649
        ]
      },
      "properties": {
        "id": "osm:node:6705473341",
        "name": "Unu Blitar",
        "category": "Sekolah (Umum)",
        "osm_id": 6705473341,
        "osm_type": "node",
        "metadata": {
          "addr:city": "Blitar",
          "addr:housename": "Unu Blitar",
          "addr:postcode": "66117",
          "addr:street": "Kauman, Kepanjenkidul, Blitar City, East Java",
          "amenity": "school",
          "name": "Unu Blitar"
        }
      }
    },
    {
      "type": "Feature",
      "geometry": {
        "type": "Point",
        "coordinates": [
          112.1560858,
          -8.1060685
        ]
      },
      "properties": {
        "id": "osm:node:6926151343",
        "name": "Camelia Florist Blitar",
        "category": "Toko Retail (Umum)",
        "osm_id": 6926151343,
        "osm_type": "node",
        "metadata": {
          "name": "Camelia Florist Blitar",
          "shop": "florist"
        }
      }
    },
    {
      "type": "Feature",
      "geometry": {
        "type": "Point",
        "coordinates": [
          112.1600402,
          -8.1006179
        ]
      },
      "properties": {
        "id": "osm:node:7308431234",
        "name": "Penyetan Bu Minuk",
        "category": "Cepat Saji",
        "osm_id": 7308431234,
        "osm_type": "node",
        "metadata": {
          "amenity": "fast_food",
          "cuisine": "regional",
          "name": "Penyetan Bu Minuk"
        }
      }
    },
    {
      "type": "Feature",
      "geometry": {
        "type": "Point",
        "coordinates": [
          112.1596148,
          -8.1002765
        ]
      },
      "properties": {
        "id": "osm:node:7310738346",
        "name": "Musholla Fatkhur Rohman",
        "category": "Masjid & Mushola",
        "osm_id": 7310738346,
        "osm_type": "node",
        "metadata": {
          "amenity": "place_of_worship",
          "name": "Musholla Fatkhur Rohman",
          "religion": "muslim"
        }
      }
    },
    {
      "type": "Feature",
      "geometry": {
        "type": "Point",
        "coordinates": [
          111.9706146,
          -8.1152232
        ]
      },
      "properties": {
        "id": "osm:node:7419254665",
        "name": "pure ringin",
        "category": "Taman Kota / Terbuka",
        "osm_id": 7419254665,
        "osm_type": "node",
        "metadata": {
          "leisure": "park",
          "name": "pure ringin"
        }
      }
    },
    {
      "type": "Feature",
      "geometry": {
        "type": "Point",
        "coordinates": [
          112.007388,
          -8.1064863
        ]
      },
      "properties": {
        "id": "osm:node:8075620569",
        "name": "Mi Aisyiyah Ngunut",
        "category": "Sekolah Dasar (SD/MI)",
        "osm_id": 8075620569,
        "osm_type": "node",
        "metadata": {
          "addr:city": "Tulungagung",
          "addr:housenumber": "RT/RW 02/01, lingkungan 7",
          "addr:postcode": "66292",
          "addr:street": "jalan Recobarong",
          "amenity": "school",
          "name": "Mi Aisyiyah Ngunut",
          "religion": "muslim"
        }
      }
    },
    {
      "type": "Feature",
      "geometry": {
        "type": "Point",
        "coordinates": [
          112.1462992,
          -8.0939788
        ]
      },
      "properties": {
        "id": "osm:node:8530509203",
        "name": "Hayyamart",
        "category": "Supermarket",
        "osm_id": 8530509203,
        "osm_type": "node",
        "metadata": {
          "addr:city": "Sukorejo",
          "addr:housenumber": "12",
          "addr:postcode": "44122",
          "addr:street": "Jalan Bengawan Solo Gg. Ar Rahmah",
          "name": "Hayyamart",
          "opening_hours": "Su-Th 08:00-16:00",
          "payment:cash": "yes",
          "phone": "+6285292389990",
          "shop": "supermarket",
          "website": "https://play.google.com/store/apps/details?id=id.hayyamart.android"
        }
      }
    },
    {
      "type": "Feature",
      "geometry": {
        "type": "Point",
        "coordinates": [
          112.1886594,
          -8.1049027
        ]
      },
      "properties": {
        "id": "osm:node:8544799917",
        "name": "Perumahan Griya Rama Blitar",
        "category": "Lainnya",
        "osm_id": 8544799917,
        "osm_type": "node",
        "metadata": {
          "addr:postcode": "66171",
          "addr:street": "Jalan Madura",
          "email": "bayu@blitarian.com",
          "name": "Perumahan Griya Rama Blitar",
          "opening_hours": "24/7",
          "operator": "Bayu",
          "phone": "085774501000",
          "tourism": "apartment",
          "website": "https://blitarian.com"
        }
      }
    },
    {
      "type": "Feature",
      "geometry": {
        "type": "Point",
        "coordinates": [
          111.9680501,
          -8.1876731
        ]
      },
      "properties": {
        "id": "osm:node:9234212696",
        "name": "Mushola Nurul Iman",
        "category": "Masjid & Mushola",
        "osm_id": 9234212696,
        "osm_type": "node",
        "metadata": {
          "amenity": "place_of_worship",
          "name": "Mushola Nurul Iman",
          "religion": "muslim"
        }
      }
    },
    {
      "type": "Feature",
      "geometry": {
        "type": "Point",
        "coordinates": [
          111.9771593,
          -8.1806183
        ]
      },
      "properties": {
        "id": "osm:node:9234227180",
        "name": "Puskesmas Kalidawir",
        "category": "Klinik & Puskesmas",
        "osm_id": 9234227180,
        "osm_type": "node",
        "metadata": {
          "amenity": "clinic",
          "healthcare": "clinic",
          "name": "Puskesmas Kalidawir",
          "operator": "Ministry of Health",
          "operator:en": "Ministry of Health",
          "operator:id": "Kementerian Kesehatan",
          "operator:wikidata": "Q12490745",
          "operator:wikipedia": "id:Kementerian Kesehatan Republik Indonesia"
        }
      }
    },
    {
      "type": "Feature",
      "geometry": {
        "type": "Point",
        "coordinates": [
          111.9749798,
          -8.1869984
        ]
      },
      "properties": {
        "id": "osm:node:9234234853",
        "name": "Mushola Al Ikhlas",
        "category": "Masjid & Mushola",
        "osm_id": 9234234853,
        "osm_type": "node",
        "metadata": {
          "amenity": "place_of_worship",
          "name": "Mushola Al Ikhlas",
          "religion": "muslim"
        }
      }
    },
    {
      "type": "Feature",
      "geometry": {
        "type": "Point",
        "coordinates": [
          111.9709839,
          -8.1875212
        ]
      },
      "properties": {
        "id": "osm:node:9234250153",
        "name": "SDN Karangtalun 3",
        "category": "Sekolah Dasar (SD/MI)",
        "osm_id": 9234250153,
        "osm_type": "node",
        "metadata": {
          "amenity": "school",
          "name": "SDN Karangtalun 3"
        }
      }
    },
    {
      "type": "Feature",
      "geometry": {
        "type": "Point",
        "coordinates": [
          111.9762034,
          -8.1804076
        ]
      },
      "properties": {
        "id": "osm:node:9234256916",
        "name": "Kantor Pos Kalidawir",
        "category": "Layanan Pemerintahan",
        "osm_id": 9234256916,
        "osm_type": "node",
        "metadata": {
          "name": "Kantor Pos Kalidawir",
          "office": "yes"
        }
      }
    },
    {
      "type": "Feature",
      "geometry": {
        "type": "Point",
        "coordinates": [
          112.1593125,
          -8.0876962
        ]
      },
      "properties": {
        "id": "osm:node:9345036615",
        "name": "Taman Bendo",
        "category": "Taman Kota / Terbuka",
        "osm_id": 9345036615,
        "osm_type": "node",
        "metadata": {
          "addr:city": "Kota Blitar",
          "addr:postcode": "66116",
          "addr:street": "Jalan Mahakam",
          "leisure": "park",
          "name": "Taman Bendo",
          "operator": "Admin desa bendo"
        }
      }
    },
    {
      "type": "Feature",
      "geometry": {
        "type": "Point",
        "coordinates": [
          112.1576978,
          -8.0928206
        ]
      },
      "properties": {
        "id": "osm:node:9345110549",
        "name": "Sawah musi",
        "category": "Taman Kota / Terbuka",
        "osm_id": 9345110549,
        "osm_type": "node",
        "metadata": {
          "addr:city": "Kepanjenkidul",
          "addr:housenumber": "21",
          "addr:postcode": "66116",
          "addr:street": "Jalan Musi",
          "leisure": "park",
          "name": "Sawah musi",
          "operator": "Admin musi"
        }
      }
    },
    {
      "type": "Feature",
      "geometry": {
        "type": "Point",
        "coordinates": [
          112.1671071,
          -8.0898683
        ]
      },
      "properties": {
        "id": "osm:node:9345128350",
        "name": "Warung mie ayam solo",
        "category": "Restoran",
        "osm_id": 9345128350,
        "osm_type": "node",
        "metadata": {
          "addr:city": "Blitar",
          "addr:housenumber": "12",
          "addr:postcode": "66116",
          "addr:street": "Jalan Ciliwung",
          "amenity": "restaurant",
          "name": "Warung mie ayam solo"
        }
      }
    },
    {
      "type": "Feature",
      "geometry": {
        "type": "Point",
        "coordinates": [
          111.9621196,
          -7.9538746
        ]
      },
      "properties": {
        "id": "osm:node:9454905614",
        "name": "Puskesmas Kras",
        "category": "Rumah Sakit",
        "osm_id": 9454905614,
        "osm_type": "node",
        "metadata": {
          "addr:city": "Kabupaten Kediri",
          "addr:housenumber": "222",
          "addr:postcode": "64172",
          "addr:street": "Jalan Setia Bakti",
          "amenity": "hospital",
          "healthcare": "hospital",
          "image": "https://goo.gl/maps/dmtTYPJf2WmVRcXU6",
          "name": "Puskesmas Kras",
          "operator": "UPTD Puskesmas Kras",
          "operator:type": "government",
          "phone": "(0354)476294",
          "website": "https://puskesmas-kras.bussiness.site/"
        }
      }
    },
    {
      "type": "Feature",
      "geometry": {
        "type": "Point",
        "coordinates": [
          111.9603979,
          -7.9534088
        ]
      },
      "properties": {
        "id": "osm:node:9454967419",
        "name": "Pasar Kras",
        "category": "Supermarket",
        "osm_id": 9454967419,
        "osm_type": "node",
        "metadata": {
          "addr:city": "Kabupaten Kediri",
          "addr:housenumber": "17",
          "addr:postcode": "64172",
          "addr:street": "Jalan Raya Kras",
          "image": "https://goo.gl/maps/wrJyy3c3QRZ4PkeZ9",
          "name": "Pasar Kras",
          "shop": "supermarket"
        }
      }
    },
    {
      "type": "Feature",
      "geometry": {
        "type": "Point",
        "coordinates": [
          111.9643349,
          -7.9543592
        ]
      },
      "properties": {
        "id": "osm:node:9455019350",
        "name": "SD Negeri Kras 1",
        "category": "Sekolah Dasar (SD/MI)",
        "osm_id": 9455019350,
        "osm_type": "node",
        "metadata": {
          "addr:city": "Kabupaten Kediri",
          "addr:postcode": "64172",
          "addr:street": "Jaan Raya Kanigoro",
          "image": "https://goo.gl/maps/iYxnfyFoxHeqtWCv8",
          "name": "SD Negeri Kras 1",
          "office": "educational_institution",
          "phone": "(+62)85736949566",
          "source": "local knowledge"
        }
      }
    },
    {
      "type": "Feature",
      "geometry": {
        "type": "Point",
        "coordinates": [
          111.9575045,
          -7.9564006
        ]
      },
      "properties": {
        "id": "osm:node:9455252718",
        "name": "SMP Negeri 1 Kras",
        "category": "Sekolah Menengah Pertama (SMP/MTs)",
        "osm_id": 9455252718,
        "osm_type": "node",
        "metadata": {
          "addr:city": "Kabupaten Kediri",
          "addr:housenumber": "4",
          "addr:postcode": "64172",
          "addr:street": "Jalan Raya",
          "image": "https://goo.gl/maps/xzdVJBhiF8f8UccC7",
          "name": "SMP Negeri 1 Kras",
          "office": "educational_institution",
          "phone": "(0354)479732",
          "website": "https://smpn1kras.com/"
        }
      }
    },
    {
      "type": "Feature",
      "geometry": {
        "type": "Point",
        "coordinates": [
          111.9612037,
          -7.9514595
        ]
      },
      "properties": {
        "id": "osm:node:9455271993",
        "name": "Polsek Kras",
        "category": "Layanan Pemerintahan",
        "osm_id": 9455271993,
        "osm_type": "node",
        "metadata": {
          "addr:city": "Kabupaten Kediri",
          "addr:housenumber": "268",
          "addr:postcode": "64172",
          "addr:street": "Jalan Raya Kras",
          "amenity": "police",
          "image": "https://lh5.googleusercontent.com/p/AF1QipMMj-4vl4xU5blGet9KcLJwP8eoqrsoLRNOm1gh=w408-h306-k-no",
          "name": "Polsek Kras",
          "phone": "(0354)479483"
        }
      }
    },
    {
      "type": "Feature",
      "geometry": {
        "type": "Point",
        "coordinates": [
          111.9729116,
          -7.9560761
        ]
      },
      "properties": {
        "id": "osm:node:9455549052",
        "name": "SMK (STM) PGRI Kras",
        "category": "Sekolah Menengah Atas (SMA/SMK/MA)",
        "osm_id": 9455549052,
        "osm_type": "node",
        "metadata": {
          "addr:city": "Kabupaten Kediri",
          "addr:postcode": "64172",
          "addr:street": "Jalan Raya Kras",
          "image": "https://lh4.googleusercontent.com/UuRWWcbHiIoWJ9keMCcdZlzh2C7sCzAVLkgFhzdnQXcjA5vhvGcowpT620Mm8XXuecfJYjsJHtwnTsIXpkWvAxk=w16383",
          "name": "SMK (STM) PGRI Kras",
          "office": "educational_institution",
          "opening_hours": "Mo-Sa 07:00-17:00",
          "phone": "(0354)479478",
          "website": "https://www.smkspgrikras.sch.id/"
        }
      }
    },
    {
      "type": "Feature",
      "geometry": {
        "type": "Point",
        "coordinates": [
          111.9644203,
          -7.9510583
        ]
      },
      "properties": {
        "id": "osm:node:9456960357",
        "name": "SMAS Kadiri Kras",
        "category": "Lainnya",
        "osm_id": 9456960357,
        "osm_type": "node",
        "metadata": {
          "addr:city": "Kabupaten Kediri",
          "addr:postcode": "64172",
          "image": "https://goo.gl/maps/ruoKHu1UP2GzLrbZ6",
          "name": "SMAS Kadiri Kras",
          "office": "educational_institution",
          "opening_hours": "Mo-Sa 07:00-13:00",
          "phone": "+6281333911430"
        }
      }
    },
    {
      "type": "Feature",
      "geometry": {
        "type": "Point",
        "coordinates": [
          111.9724964,
          -7.9555177
        ]
      },
      "properties": {
        "id": "osm:node:9457024630",
        "name": "SMP PGRI Kras",
        "category": "Sekolah Menengah Pertama (SMP/MTs)",
        "osm_id": 9457024630,
        "osm_type": "node",
        "metadata": {
          "addr:city": "Kabupaten Kediri",
          "addr:housenumber": "4",
          "addr:postcode": "64172",
          "addr:street": "Jalan Raya",
          "image": "http://www.smpn1kras.com/asset/foto_berita/head1.JPG",
          "name": "SMP PGRI Kras",
          "office": "educational_institution",
          "opening_hours": "Mo-Sa 07:00-13:00",
          "website": "https://www.smpn1kras.com/main"
        }
      }
    },
    {
      "type": "Feature",
      "geometry": {
        "type": "Point",
        "coordinates": [
          112.1717776,
          -8.1566166
        ]
      },
      "properties": {
        "id": "osm:node:9721973482",
        "name": "Pintu 2 Kampung Coklat Blitar",
        "category": "Lainnya",
        "osm_id": 9721973482,
        "osm_type": "node",
        "metadata": {
          "name": "Pintu 2 Kampung Coklat Blitar",
          "opening_hours": "PH,Mo-Su 08:00-16:30",
          "tourism": "theme_park"
        }
      }
    },
    {
      "type": "Feature",
      "geometry": {
        "type": "Point",
        "coordinates": [
          112.0136961,
          -8.1150486
        ]
      },
      "properties": {
        "id": "osm:node:9955797025",
        "name": "Gepreken",
        "category": "Restoran",
        "osm_id": 9955797025,
        "osm_type": "node",
        "metadata": {
          "addr:city": "Tulungagung",
          "addr:housenumber": "66",
          "addr:postcode": "66292",
          "addr:street": "Jl. Demuk",
          "amenity": "restaurant",
          "cuisine": "asian;chicken;indonesian;geprek",
          "diet:chicken": "yes",
          "diet:halal": "yes",
          "name": "Gepreken",
          "opening_hours": "Mo-Su 09:00-23:59",
          "phone": "+6285155080946",
          "website": "https://www.gepreken.com"
        }
      }
    },
    {
      "type": "Feature",
      "geometry": {
        "type": "Point",
        "coordinates": [
          112.1298674,
          -8.1360313
        ]
      },
      "properties": {
        "id": "osm:node:10181646982",
        "name": "Masjid Baiturrahman",
        "category": "Masjid & Mushola",
        "osm_id": 10181646982,
        "osm_type": "node",
        "metadata": {
          "amenity": "place_of_worship",
          "name": "Masjid Baiturrahman",
          "religion": "muslim"
        }
      }
    },
    {
      "type": "Feature",
      "geometry": {
        "type": "Point",
        "coordinates": [
          112.130278,
          -8.1381363
        ]
      },
      "properties": {
        "id": "osm:node:10181648997",
        "name": "Masjid Darussalam",
        "category": "Masjid & Mushola",
        "osm_id": 10181648997,
        "osm_type": "node",
        "metadata": {
          "amenity": "place_of_worship",
          "image": "https://",
          "name": "Masjid Darussalam",
          "opening_hours": "24/7",
          "religion": "muslim",
          "wheelchair": "limited"
        }
      }
    },
    {
      "type": "Feature",
      "geometry": {
        "type": "Point",
        "coordinates": [
          112.1294847,
          -8.1377885
        ]
      },
      "properties": {
        "id": "osm:node:10181659569",
        "name": "Toko SMJ",
        "category": "Supermarket",
        "osm_id": 10181659569,
        "osm_type": "node",
        "metadata": {
          "addr:city": "Blitar",
          "addr:street": "Jimbe",
          "name": "Toko SMJ",
          "shop": "supermarket"
        }
      }
    },
    {
      "type": "Feature",
      "geometry": {
        "type": "Point",
        "coordinates": [
          112.1445096,
          -8.1408975
        ]
      },
      "properties": {
        "id": "osm:node:10181755024",
        "name": "BRI",
        "category": "ATM / Mesin Tunai",
        "osm_id": 10181755024,
        "osm_type": "node",
        "metadata": {
          "amenity": "atm",
          "atm": "yes",
          "brand": "Bank Rakyat Indonesia",
          "brand:wikidata": "Q623042",
          "name": "BRI",
          "official_name": "Bank Rakyat Indonesia",
          "opening_hours": "24/7"
        }
      }
    },
    {
      "type": "Feature",
      "geometry": {
        "type": "Point",
        "coordinates": [
          112.1438123,
          -8.1484672
        ]
      },
      "properties": {
        "id": "osm:node:10198353070",
        "name": "Indomaret",
        "category": "Minimarket",
        "osm_id": 10198353070,
        "osm_type": "node",
        "metadata": {
          "air_conditioning": "yes",
          "brand": "Indomaret",
          "brand:wikidata": "Q4262825",
          "brand:wikipedia": "id:Indomaret",
          "name": "Indomaret",
          "name:en": "Indomaret",
          "name:id": "Indomaret",
          "name:ja": "インドマレット",
          "opening_hours": "Mo-Su 06:00-22:00",
          "operator": "PT. Indomarco Prismatama",
          "payment:cash": "yes",
          "payment:contactless": "yes",
          "payment:debit_cards": "yes",
          "payment:electronic_purses": "yes",
          "shop": "convenience",
          "surveillance:type": "camera",
          "toilets": "yes",
          "toilets:access": "permissive",
          "website": "https://www.klikindomaret.com"
        }
      }
    },
    {
      "type": "Feature",
      "geometry": {
        "type": "Point",
        "coordinates": [
          112.1440379,
          -8.1471743
        ]
      },
      "properties": {
        "id": "osm:node:10198411205",
        "name": "Alfamart",
        "category": "Minimarket",
        "osm_id": 10198411205,
        "osm_type": "node",
        "metadata": {
          "air_conditioning": "yes",
          "brand": "Alfamart",
          "brand:wikidata": "Q23745600",
          "name": "Alfamart",
          "opening_hours": "Mo-Su 06:00-22:00",
          "operator": "PT Sumber Alfaria Trijaya,Tbk",
          "payment:cash": "yes",
          "payment:contactless": "yes",
          "payment:debit_cards": "yes",
          "payment:electronic_purses": "yes",
          "shop": "convenience",
          "surveillance:type": "camera",
          "toilets": "yes",
          "toilets:access": "permissive",
          "toilets:unisex": "yes",
          "website": "https://alfamart.co.id"
        }
      }
    },
    {
      "type": "Feature",
      "geometry": {
        "type": "Point",
        "coordinates": [
          112.1436652,
          -8.1459609
        ]
      },
      "properties": {
        "id": "osm:node:10198411206",
        "name": "SDI Lukmanul Hakim",
        "category": "Sekolah (Umum)",
        "osm_id": 10198411206,
        "osm_type": "node",
        "metadata": {
          "amenity": "school",
          "name": "SDI Lukmanul Hakim"
        }
      }
    },
    {
      "type": "Feature",
      "geometry": {
        "type": "Point",
        "coordinates": [
          112.1455087,
          -8.146644
        ]
      },
      "properties": {
        "id": "osm:node:10198415098",
        "name": "MTS/SMP Darussalam",
        "category": "Sekolah Menengah Pertama (SMP/MTs)",
        "osm_id": 10198415098,
        "osm_type": "node",
        "metadata": {
          "amenity": "school",
          "name": "MTS/SMP Darussalam"
        }
      }
    },
    {
      "type": "Feature",
      "geometry": {
        "type": "Point",
        "coordinates": [
          112.1455446,
          -8.1468248
        ]
      },
      "properties": {
        "id": "osm:node:10198415099",
        "name": "MA/SMA Mandiri Darussalam",
        "category": "Sekolah Menengah Atas (SMA/SMK/MA)",
        "osm_id": 10198415099,
        "osm_type": "node",
        "metadata": {
          "amenity": "school",
          "name": "MA/SMA Mandiri Darussalam"
        }
      }
    },
    {
      "type": "Feature",
      "geometry": {
        "type": "Point",
        "coordinates": [
          112.1461505,
          -8.1475017
        ]
      },
      "properties": {
        "id": "osm:node:10198467276",
        "name": "SDN1 Kademangan",
        "category": "Sekolah (Umum)",
        "osm_id": 10198467276,
        "osm_type": "node",
        "metadata": {
          "amenity": "school",
          "name": "SDN1 Kademangan"
        }
      }
    },
    {
      "type": "Feature",
      "geometry": {
        "type": "Point",
        "coordinates": [
          112.1459353,
          -8.1483115
        ]
      },
      "properties": {
        "id": "osm:node:10198467277",
        "name": "SMAN1 Kademangan",
        "category": "Sekolah (Umum)",
        "osm_id": 10198467277,
        "osm_type": "node",
        "metadata": {
          "amenity": "school",
          "name": "SMAN1 Kademangan"
        }
      }
    },
    {
      "type": "Feature",
      "geometry": {
        "type": "Point",
        "coordinates": [
          112.1458337,
          -8.1444198
        ]
      },
      "properties": {
        "id": "osm:node:10198467278",
        "name": "Pasar Pagi Kademangan",
        "category": "Pasar Tradisional",
        "osm_id": 10198467278,
        "osm_type": "node",
        "metadata": {
          "addr:district": "Blitar",
          "addr:full": "Jl. Setyaki Kademangan",
          "addr:postcode": "66161",
          "addr:province": "Jawa Timur",
          "addr:street": "Jl.Sentiaki",
          "addr:subdistrict": "Kademangan",
          "addr:village": "Kademangan",
          "amenity": "marketplace",
          "name": "Pasar Pagi Kademangan",
          "opening_hours": "Mo-Su 00:01-08:00",
          "shop": "greengrocer",
          "wheelchair": "limited"
        }
      }
    },
    {
      "type": "Feature",
      "geometry": {
        "type": "Point",
        "coordinates": [
          112.1384224,
          -8.1430796
        ]
      },
      "properties": {
        "id": "osm:node:10198467279",
        "name": "SMPN1 Kademangan",
        "category": "Sekolah (Umum)",
        "osm_id": 10198467279,
        "osm_type": "node",
        "metadata": {
          "amenity": "school",
          "name": "SMPN1 Kademangan"
        }
      }
    },
    {
      "type": "Feature",
      "geometry": {
        "type": "Point",
        "coordinates": [
          112.1389481,
          -8.1431486
        ]
      },
      "properties": {
        "id": "osm:node:10198467280",
        "name": "SDN 05 Kademangan",
        "category": "Sekolah Dasar (SD/MI)",
        "osm_id": 10198467280,
        "osm_type": "node",
        "metadata": {
          "amenity": "school",
          "name": "SDN 05 Kademangan"
        }
      }
    },
    {
      "type": "Feature",
      "geometry": {
        "type": "Point",
        "coordinates": [
          112.1365319,
          -8.1397525
        ]
      },
      "properties": {
        "id": "osm:node:10198467283",
        "name": "Berkah Mebel",
        "category": "Toko Mebel",
        "osm_id": 10198467283,
        "osm_type": "node",
        "metadata": {
          "name": "Berkah Mebel",
          "shop": "furniture"
        }
      }
    },
    {
      "type": "Feature",
      "geometry": {
        "type": "Point",
        "coordinates": [
          112.1319354,
          -8.1420377
        ]
      },
      "properties": {
        "id": "osm:node:10198467285",
        "name": "Toko Pertanian Putri Dewi",
        "category": "Toko Retail (Umum)",
        "osm_id": 10198467285,
        "osm_type": "node",
        "metadata": {
          "name": "Toko Pertanian Putri Dewi",
          "shop": "garden_centre"
        }
      }
    },
    {
      "type": "Feature",
      "geometry": {
        "type": "Point",
        "coordinates": [
          112.1367684,
          -8.1398799
        ]
      },
      "properties": {
        "id": "osm:node:10198518211",
        "name": "Bakso Mini",
        "category": "Restoran",
        "osm_id": 10198518211,
        "osm_type": "node",
        "metadata": {
          "amenity": "restaurant",
          "name": "Bakso Mini"
        }
      }
    },
    {
      "type": "Feature",
      "geometry": {
        "type": "Point",
        "coordinates": [
          111.9614617,
          -8.1484626
        ]
      },
      "properties": {
        "id": "osm:node:10229472075",
        "name": "Laundry Karpet Express",
        "category": "Toko Retail (Umum)",
        "osm_id": 10229472075,
        "osm_type": "node",
        "metadata": {
          "contact:facebook": "https://www.facebook.com/people/Laundry-Karpet/100082552145572/",
          "contact:instagram": "https://www.instagram.com/karpet_express01/?fbclid=IwAR3Mp-XVKZfvSNzHUi0WZEzCtZ_8d-uJp6TySvGVEJDeDlTyTjd4U2LWvTI",
          "name": "Laundry Karpet Express",
          "phone": "+62 0821 3979 2326",
          "shop": "laundry"
        }
      }
    },
    {
      "type": "Feature",
      "geometry": {
        "type": "Point",
        "coordinates": [
          112.1836365,
          -8.0797103
        ]
      },
      "properties": {
        "id": "osm:node:10292565475",
        "name": "Blitar Green Park",
        "category": "Taman Kota / Terbuka",
        "osm_id": 10292565475,
        "osm_type": "node",
        "metadata": {
          "name": "Blitar Green Park",
          "tourism": "theme_park"
        }
      }
    },
    {
      "type": "Feature",
      "geometry": {
        "type": "Point",
        "coordinates": [
          112.1701315,
          -8.1561014
        ]
      },
      "properties": {
        "id": "osm:node:10292568734",
        "name": "Pintu 1 Kampung Coklat",
        "category": "Lainnya",
        "osm_id": 10292568734,
        "osm_type": "node",
        "metadata": {
          "name": "Pintu 1 Kampung Coklat",
          "opening_hours": "Mo-Su 08:00-16:30",
          "tourism": "theme_park"
        }
      }
    },
    {
      "type": "Feature",
      "geometry": {
        "type": "Point",
        "coordinates": [
          112.1701456,
          -8.1563485
        ]
      },
      "properties": {
        "id": "osm:node:10292572644",
        "name": "Parkir Pintu Utama Kampung Coklat",
        "category": "Fasilitas Parkir",
        "osm_id": 10292572644,
        "osm_type": "node",
        "metadata": {
          "access": "yes",
          "amenity": "parking",
          "fee": "yes",
          "name": "Parkir Pintu Utama Kampung Coklat",
          "parking": "surface"
        }
      }
    },
    {
      "type": "Feature",
      "geometry": {
        "type": "Point",
        "coordinates": [
          112.1835505,
          -8.0798524
        ]
      },
      "properties": {
        "id": "osm:node:10292573606",
        "name": "Parkir Blitar Green Park",
        "category": "Taman Kota / Terbuka",
        "osm_id": 10292573606,
        "osm_type": "node",
        "metadata": {
          "amenity": "parking",
          "name": "Parkir Blitar Green Park"
        }
      }
    },
    {
      "type": "Feature",
      "geometry": {
        "type": "Point",
        "coordinates": [
          112.1861081,
          -8.0718894
        ]
      },
      "properties": {
        "id": "osm:node:10292576753",
        "name": "Parkir President Lesehan 2",
        "category": "Fasilitas Parkir",
        "osm_id": 10292576753,
        "osm_type": "node",
        "metadata": {
          "amenity": "parking",
          "name": "Parkir President Lesehan 2"
        }
      }
    },
    {
      "type": "Feature",
      "geometry": {
        "type": "Point",
        "coordinates": [
          112.1821981,
          -8.1010155
        ]
      },
      "properties": {
        "id": "osm:node:10292583312",
        "name": "Parkir Bu Mamik",
        "category": "Fasilitas Parkir",
        "osm_id": 10292583312,
        "osm_type": "node",
        "metadata": {
          "amenity": "parking",
          "name": "Parkir Bu Mamik"
        }
      }
    },
    {
      "type": "Feature",
      "geometry": {
        "type": "Point",
        "coordinates": [
          112.1702118,
          -8.1548106
        ]
      },
      "properties": {
        "id": "osm:node:10292742622",
        "name": "Taman Edel Kampung Coklat",
        "category": "Taman Kota / Terbuka",
        "osm_id": 10292742622,
        "osm_type": "node",
        "metadata": {
          "name": "Taman Edel Kampung Coklat",
          "tourism": "theme_park"
        }
      }
    },
    {
      "type": "Feature",
      "geometry": {
        "type": "Point",
        "coordinates": [
          112.1720651,
          -8.1547603
        ]
      },
      "properties": {
        "id": "osm:node:10292755491",
        "name": "Gallery Kampung Coklat",
        "category": "Toko Retail (Umum)",
        "osm_id": 10292755491,
        "osm_type": "node",
        "metadata": {
          "name": "Gallery Kampung Coklat",
          "shop": "gift"
        }
      }
    },
    {
      "type": "Feature",
      "geometry": {
        "type": "Point",
        "coordinates": [
          112.171337,
          -8.0864387
        ]
      },
      "properties": {
        "id": "osm:node:10293197581",
        "name": "Parkir Lesehan d'Dadoz",
        "category": "Fasilitas Parkir",
        "osm_id": 10293197581,
        "osm_type": "node",
        "metadata": {
          "amenity": "parking",
          "name": "Parkir Lesehan d'Dadoz"
        }
      }
    },
    {
      "type": "Feature",
      "geometry": {
        "type": "Point",
        "coordinates": [
          112.1550751,
          -8.0888128
        ]
      },
      "properties": {
        "id": "osm:node:10293242222",
        "name": "SPBU Pertamina 54.661.34 Tanjungsari",
        "category": "SPBU / Stasiun Pengisian Bahan Bakar",
        "osm_id": 10293242222,
        "osm_type": "node",
        "metadata": {
          "addr:city": "Blitar City",
          "addr:postcode": "67122",
          "addr:street": "Tanjungsari, Sukorejo, Blitar City, East Java 67122",
          "amenity": "fuel",
          "brand": "Pertamina",
          "fuel:biodiesel": "yes",
          "fuel:diesel": "yes",
          "fuel:octane_90": "yes",
          "fuel:octane_92": "yes",
          "name": "SPBU Pertamina 54.661.34 Tanjungsari",
          "self_service": "no"
        }
      }
    },
    {
      "type": "Feature",
      "geometry": {
        "type": "Point",
        "coordinates": [
          112.1550376,
          -8.0890035
        ]
      },
      "properties": {
        "id": "osm:node:10294072681",
        "name": "Atm Bni",
        "category": "ATM / Mesin Tunai",
        "osm_id": 10294072681,
        "osm_type": "node",
        "metadata": {
          "amenity": "atm",
          "name": "Atm Bni"
        }
      }
    },
    {
      "type": "Feature",
      "geometry": {
        "type": "Point",
        "coordinates": [
          112.1948962,
          -8.0816098
        ]
      },
      "properties": {
        "id": "osm:node:10294541319",
        "name": "Dinas Pendidikan Kabupaten Blitar",
        "category": "Layanan Pemerintahan",
        "osm_id": 10294541319,
        "osm_type": "node",
        "metadata": {
          "name": "Dinas Pendidikan Kabupaten Blitar",
          "office": "government",
          "opening_hours": "Mo-Fr 07:00-15:30"
        }
      }
    },
    {
      "type": "Feature",
      "geometry": {
        "type": "Point",
        "coordinates": [
          112.1708705,
          -8.095609
        ]
      },
      "properties": {
        "id": "osm:node:10294591492",
        "name": "ATM BNI",
        "category": "ATM / Mesin Tunai",
        "osm_id": 10294591492,
        "osm_type": "node",
        "metadata": {
          "amenity": "atm",
          "brand": "BNI",
          "cash_in": "no",
          "currency:IDR": "yes",
          "drive_through": "no",
          "indoor": "yes",
          "lit": "yes",
          "name": "ATM BNI",
          "opening_hours": "24/7",
          "operator": "ATM BNI",
          "wheelchair": "no"
        }
      }
    },
    {
      "type": "Feature",
      "geometry": {
        "type": "Point",
        "coordinates": [
          112.166298,
          -8.0870523
        ]
      },
      "properties": {
        "id": "osm:node:10299690827",
        "name": "Sport Center Kota Blitar",
        "category": "Fasilitas Olahraga",
        "osm_id": 10299690827,
        "osm_type": "node",
        "metadata": {
          "leisure": "sports_centre",
          "name": "Sport Center Kota Blitar"
        }
      }
    },
    {
      "type": "Feature",
      "geometry": {
        "type": "Point",
        "coordinates": [
          112.1661655,
          -8.0873203
        ]
      },
      "properties": {
        "id": "osm:node:10299690828",
        "name": "Lapangan Basket Sport Center",
        "category": "Fasilitas Olahraga",
        "osm_id": 10299690828,
        "osm_type": "node",
        "metadata": {
          "leisure": "pitch",
          "name": "Lapangan Basket Sport Center",
          "sport": "basketball"
        }
      }
    },
    {
      "type": "Feature",
      "geometry": {
        "type": "Point",
        "coordinates": [
          112.1661079,
          -8.0874743
        ]
      },
      "properties": {
        "id": "osm:node:10299690829",
        "name": "Juniors Baskettball",
        "category": "Fasilitas Olahraga",
        "osm_id": 10299690829,
        "osm_type": "node",
        "metadata": {
          "leisure": "pitch",
          "name": "Juniors Baskettball",
          "sport": "basketball"
        }
      }
    },
    {
      "type": "Feature",
      "geometry": {
        "type": "Point",
        "coordinates": [
          112.1671449,
          -8.0866701
        ]
      },
      "properties": {
        "id": "osm:node:10299690830",
        "name": "PABBSI Kota Blitar",
        "category": "Perkantoran Komersial",
        "osm_id": 10299690830,
        "osm_type": "node",
        "metadata": {
          "name": "PABBSI Kota Blitar",
          "office": "company"
        }
      }
    },
    {
      "type": "Feature",
      "geometry": {
        "type": "Point",
        "coordinates": [
          112.1743929,
          -8.0961779
        ]
      },
      "properties": {
        "id": "osm:node:10796119481",
        "name": "Air Mancur Kebonrojo",
        "category": "Lainnya",
        "osm_id": 10796119481,
        "osm_type": "node",
        "metadata": {
          "access": "yes",
          "amenity": "fountain",
          "drinking_water": "no",
          "lit": "yes",
          "name": "Air Mancur Kebonrojo",
          "operator": "Pemerintah Kota Blitar",
          "smoking": "yes"
        }
      }
    },
    {
      "type": "Feature",
      "geometry": {
        "type": "Point",
        "coordinates": [
          112.178242,
          -8.0823198
        ]
      },
      "properties": {
        "id": "osm:node:10796121378",
        "name": "Parkir Warung Mak Nyak",
        "category": "Fasilitas Parkir",
        "osm_id": 10796121378,
        "osm_type": "node",
        "metadata": {
          "amenity": "parking",
          "name": "Parkir Warung Mak Nyak"
        }
      }
    },
    {
      "type": "Feature",
      "geometry": {
        "type": "Point",
        "coordinates": [
          112.164984,
          -8.0946042
        ]
      },
      "properties": {
        "id": "osm:node:10796145785",
        "name": "Atm Mandiri",
        "category": "ATM / Mesin Tunai",
        "osm_id": 10796145785,
        "osm_type": "node",
        "metadata": {
          "amenity": "atm",
          "cash_in": "no",
          "name": "Atm Mandiri"
        }
      }
    },
    {
      "type": "Feature",
      "geometry": {
        "type": "Point",
        "coordinates": [
          112.1744745,
          -8.0969275
        ]
      },
      "properties": {
        "id": "osm:node:10796154233",
        "name": "Atm BNI",
        "category": "ATM / Mesin Tunai",
        "osm_id": 10796154233,
        "osm_type": "node",
        "metadata": {
          "amenity": "atm",
          "name": "Atm BNI"
        }
      }
    },
    {
      "type": "Feature",
      "geometry": {
        "type": "Point",
        "coordinates": [
          112.1782494,
          -8.0823938
        ]
      },
      "properties": {
        "id": "osm:node:10796165439",
        "name": "Warung Mak Nyak",
        "category": "Restoran",
        "osm_id": 10796165439,
        "osm_type": "node",
        "metadata": {
          "amenity": "restaurant",
          "name": "Warung Mak Nyak"
        }
      }
    },
    {
      "type": "Feature",
      "geometry": {
        "type": "Point",
        "coordinates": [
          112.1646283,
          -8.0946995
        ]
      },
      "properties": {
        "id": "osm:node:10796182088",
        "name": "Soto Simpang Lawu",
        "category": "Cepat Saji",
        "osm_id": 10796182088,
        "osm_type": "node",
        "metadata": {
          "amenity": "fast_food",
          "name": "Soto Simpang Lawu"
        }
      }
    },
    {
      "type": "Feature",
      "geometry": {
        "type": "Point",
        "coordinates": [
          112.1645842,
          -8.0948797
        ]
      },
      "properties": {
        "id": "osm:node:10796183574",
        "name": "M2 Car Wash",
        "category": "Lainnya",
        "osm_id": 10796183574,
        "osm_type": "node",
        "metadata": {
          "amenity": "car_wash",
          "name": "M2 Car Wash"
        }
      }
    },
    {
      "type": "Feature",
      "geometry": {
        "type": "Point",
        "coordinates": [
          112.175129,
          -8.0962691
        ]
      },
      "properties": {
        "id": "osm:node:10796184624",
        "name": "Parkir Motor Taman Kebon Rojo",
        "category": "Bengkel & Otomotif",
        "osm_id": 10796184624,
        "osm_type": "node",
        "metadata": {
          "amenity": "motorcycle_parking",
          "name": "Parkir Motor Taman Kebon Rojo"
        }
      }
    },
    {
      "type": "Feature",
      "geometry": {
        "type": "Point",
        "coordinates": [
          112.1651019,
          -8.0942897
        ]
      },
      "properties": {
        "id": "osm:node:10796189720",
        "name": "Parkir Puri Perdana Hotel",
        "category": "Hotel & Penginapan",
        "osm_id": 10796189720,
        "osm_type": "node",
        "metadata": {
          "amenity": "parking",
          "name": "Parkir Puri Perdana Hotel",
          "parking": "lane"
        }
      }
    },
    {
      "type": "Feature",
      "geometry": {
        "type": "Point",
        "coordinates": [
          112.1738273,
          -8.0963326
        ]
      },
      "properties": {
        "id": "osm:node:10796189969",
        "name": "Toilet Taman Kebon Rojo",
        "category": "Lainnya",
        "osm_id": 10796189969,
        "osm_type": "node",
        "metadata": {
          "amenity": "toilets",
          "name": "Toilet Taman Kebon Rojo"
        }
      }
    },
    {
      "type": "Feature",
      "geometry": {
        "type": "Point",
        "coordinates": [
          112.1647098,
          -8.0946967
        ]
      },
      "properties": {
        "id": "osm:node:10796190115",
        "name": "Hompimpa",
        "category": "Toko Retail (Umum)",
        "osm_id": 10796190115,
        "osm_type": "node",
        "metadata": {
          "name": "Hompimpa",
          "shop": "gift"
        }
      }
    },
    {
      "type": "Feature",
      "geometry": {
        "type": "Point",
        "coordinates": [
          112.0113896,
          -8.1039446
        ]
      },
      "properties": {
        "id": "osm:node:10811637068",
        "name": "Masjid & Mushola (Tanpa Nama)",
        "category": "Masjid & Mushola",
        "osm_id": 10811637068,
        "osm_type": "node",
        "metadata": {
          "amenity": "place_of_worship",
          "religion": "muslim"
        }
      }
    },
    {
      "type": "Feature",
      "geometry": {
        "type": "Point",
        "coordinates": [
          112.03484,
          -7.9854884
        ]
      },
      "properties": {
        "id": "osm:node:10827532983",
        "name": "APOTEK SUMBER ANOM SAMBI",
        "category": "Apotek",
        "osm_id": 10827532983,
        "osm_type": "node",
        "metadata": {
          "addr:city": "Kabupaten Kediri",
          "addr:country": "ID",
          "addr:housenumber": "75B",
          "addr:postcode": "64176",
          "addr:street": "JALAN RAYA SAMBI 75B, KELURAHAN SAMBI, KECAMATAN RINGINREJO",
          "air_conditioning": "yes",
          "branch": "anom.sambi",
          "brand": "Apotek Sumber Anom",
          "check_date": "2024-01-20",
          "contact:facebook": "https://www.facebook.com/anom.smb",
          "currency:rupiah": "yes",
          "description": "Selain produk Apoteker untuk masyarakat, juga menyediakan vitamin, suplemen, OTC, PKRT, alat kesehatan, kecantikan, body care, dan kesehatan lainnya.",
          "email": "kacab.sambi@sumberanom.com",
          "image": "https://www.google.com/maps/uv?pb=!1s0x2e78fa6ff3cffeb1%3A0xdff6145df6ccb27b!5sAPOTEK%20SUMBER%20ANOM%20SAMBI!15sCgIgAQ",
          "level": "0",
          "mobile": "+6282215555457",
          "name": "APOTEK SUMBER ANOM SAMBI",
          "opening_hours": "Su-Mo 08:00-21:00",
          "operator": "PT SUMBER ANOM INDONESIA",
          "payment:app": "yes",
          "payment:cards": "yes",
          "payment:cash": "yes",
          "payment:contactless": "yes",
          "payment:credit_cards": "yes",
          "payment:debit_cards": "yes",
          "phone": "+62354412910",
          "ref:vatin": "53.812.118.7-655.003",
          "second_hand": "no",
          "shop": "nutrition_supplements",
          "source": "survey;local knowledge",
          "start_date": "2014-09-03",
          "toilets": "yes",
          "website": "https://www.sumberanom.id",
          "wheelchair": "yes"
        }
      }
    },
    {
      "type": "Feature",
      "geometry": {
        "type": "Point",
        "coordinates": [
          112.1659461,
          -8.0950592
        ]
      },
      "properties": {
        "id": "osm:node:10945169913",
        "name": "Indomaret",
        "category": "Minimarket",
        "osm_id": 10945169913,
        "osm_type": "node",
        "metadata": {
          "air_conditioning": "yes",
          "brand": "Indomaret",
          "brand:wikidata": "Q4262825",
          "brand:wikipedia": "id:Indomaret",
          "name": "Indomaret",
          "name:en": "Indomaret",
          "name:id": "Indomaret",
          "name:ja": "インドマレット",
          "operator": "PT. Indomarco Prismatama",
          "shop": "convenience",
          "toilets": "yes",
          "toilets:access": "permissive",
          "website": "https://www.klikindomaret.com"
        }
      }
    },
    {
      "type": "Feature",
      "geometry": {
        "type": "Point",
        "coordinates": [
          112.1549454,
          -8.1159017
        ]
      },
      "properties": {
        "id": "osm:node:10965040930",
        "name": "Alfamart",
        "category": "Minimarket",
        "osm_id": 10965040930,
        "osm_type": "node",
        "metadata": {
          "brand": "Alfamart",
          "brand:wikidata": "Q23745600",
          "name": "Alfamart",
          "operator": "PT Sumber Alfaria Trijaya,Tbk",
          "shop": "convenience",
          "toilets": "yes",
          "toilets:access": "permissive",
          "toilets:unisex": "yes",
          "website": "https://alfamart.co.id"
        }
      }
    },
    {
      "type": "Feature",
      "geometry": {
        "type": "Point",
        "coordinates": [
          112.1728521,
          -8.1548036
        ]
      },
      "properties": {
        "id": "osm:node:10965053651",
        "name": "Kebun Kakao Kampung Coklat",
        "category": "Toko Retail (Umum)",
        "osm_id": 10965053651,
        "osm_type": "node",
        "metadata": {
          "name": "Kebun Kakao Kampung Coklat",
          "shop": "farm"
        }
      }
    },
    {
      "type": "Feature",
      "geometry": {
        "type": "Point",
        "coordinates": [
          112.1759912,
          -8.102274
        ]
      },
      "properties": {
        "id": "osm:node:11108938086",
        "name": "Cabin15-Syariah Hotel",
        "category": "Hotel & Penginapan",
        "osm_id": 11108938086,
        "osm_type": "node",
        "metadata": {
          "addr:city": "Blitar",
          "addr:housenumber": "37",
          "addr:postcode": "66137",
          "addr:street": "Jalan Nias",
          "air_conditioning": "yes",
          "bar": "no",
          "branch": "Head Office",
          "brand": "Cabin15",
          "check_date": "2023-08-12",
          "contact:facebook": "https://www.instagram.com/cabin15official/",
          "email": "info@cabin15.id",
          "image": "https://cabin15.id/bedrooms/",
          "internet_access": "wlan",
          "internet_access:fee": "customers",
          "level": "1",
          "mobile": "+6282113408752",
          "name": "Cabin15-Syariah Hotel",
          "opening_hours": "24/7",
          "payment:app": "yes",
          "payment:cash": "yes",
          "payment:contactless": "yes",
          "payment:credit_cards": "yes",
          "payment:debit_cards": "yes",
          "phone": "+6282113408752",
          "reservation": "recommended",
          "rooms": "15",
          "smoking": "outside",
          "stars": "0",
          "start_date": "2023-01-01",
          "tourism": "hotel",
          "website": "https://www.cabin15.id/",
          "wheelchair": "limited"
        }
      }
    },
    {
      "type": "Feature",
      "geometry": {
        "type": "Point",
        "coordinates": [
          111.949633,
          -8.083029
        ]
      },
      "properties": {
        "id": "osm:node:11228248115",
        "name": "SPBU Pertamina 54.662.02",
        "category": "SPBU / Stasiun Pengisian Bahan Bakar",
        "osm_id": 11228248115,
        "osm_type": "node",
        "metadata": {
          "amenity": "fuel",
          "name": "SPBU Pertamina 54.662.02"
        }
      }
    },
    {
      "type": "Feature",
      "geometry": {
        "type": "Point",
        "coordinates": [
          111.9497162,
          -8.0832731
        ]
      },
      "properties": {
        "id": "osm:node:11228258367",
        "name": "Toilet Umum",
        "category": "Lainnya",
        "osm_id": 11228258367,
        "osm_type": "node",
        "metadata": {
          "amenity": "toilets",
          "name": "Toilet Umum"
        }
      }
    },
    {
      "type": "Feature",
      "geometry": {
        "type": "Point",
        "coordinates": [
          112.0639528,
          -8.0617304
        ]
      },
      "properties": {
        "id": "osm:node:11233482241",
        "name": "ATM / Mesin Tunai (Tanpa Nama)",
        "category": "ATM / Mesin Tunai",
        "osm_id": 11233482241,
        "osm_type": "node",
        "metadata": {
          "amenity": "atm",
          "currency:IDR": "yes",
          "currency:rupiah": "yes",
          "network": "BNI"
        }
      }
    },
    {
      "type": "Feature",
      "geometry": {
        "type": "Point",
        "coordinates": [
          112.1212616,
          -8.0830142
        ]
      },
      "properties": {
        "id": "osm:node:11233499583",
        "name": "ATM / Mesin Tunai (Tanpa Nama)",
        "category": "ATM / Mesin Tunai",
        "osm_id": 11233499583,
        "osm_type": "node",
        "metadata": {
          "amenity": "atm",
          "currency:IDR": "yes",
          "currency:rupiah": "yes",
          "network": "Mandiri"
        }
      }
    },
    {
      "type": "Feature",
      "geometry": {
        "type": "Point",
        "coordinates": [
          112.1212937,
          -8.0830044
        ]
      },
      "properties": {
        "id": "osm:node:11233499584",
        "name": "ATM / Mesin Tunai (Tanpa Nama)",
        "category": "ATM / Mesin Tunai",
        "osm_id": 11233499584,
        "osm_type": "node",
        "metadata": {
          "amenity": "atm",
          "currency:IDR": "yes",
          "currency:rupiah": "yes",
          "network": "BNI"
        }
      }
    },
    {
      "type": "Feature",
      "geometry": {
        "type": "Point",
        "coordinates": [
          112.1452446,
          -8.0981134
        ]
      },
      "properties": {
        "id": "osm:node:11233606094",
        "name": "ATM / Mesin Tunai (Tanpa Nama)",
        "category": "ATM / Mesin Tunai",
        "osm_id": 11233606094,
        "osm_type": "node",
        "metadata": {
          "amenity": "atm",
          "currency:IDR": "yes",
          "network": "Bank Mega"
        }
      }
    },
    {
      "type": "Feature",
      "geometry": {
        "type": "Point",
        "coordinates": [
          112.1450258,
          -8.0984199
        ]
      },
      "properties": {
        "id": "osm:node:11233606095",
        "name": "ATM / Mesin Tunai (Tanpa Nama)",
        "category": "ATM / Mesin Tunai",
        "osm_id": 11233606095,
        "osm_type": "node",
        "metadata": {
          "amenity": "atm",
          "currency:IDR": "yes",
          "network": "Bank CIMB Niaga"
        }
      }
    },
    {
      "type": "Feature",
      "geometry": {
        "type": "Point",
        "coordinates": [
          111.9525701,
          -8.1161948
        ]
      },
      "properties": {
        "id": "osm:node:11240201798",
        "name": "ATM / Mesin Tunai (Tanpa Nama)",
        "category": "ATM / Mesin Tunai",
        "osm_id": 11240201798,
        "osm_type": "node",
        "metadata": {
          "amenity": "atm",
          "currency:IDR": "yes",
          "drive_through": "no",
          "network": "BNI"
        }
      }
    },
    {
      "type": "Feature",
      "geometry": {
        "type": "Point",
        "coordinates": [
          112.1647534,
          -8.1311747
        ]
      },
      "properties": {
        "id": "osm:node:11333238347",
        "name": "Kolam Renang Telaga Nirmalaa",
        "category": "Kolam Renang / Rekreasi Air",
        "osm_id": 11333238347,
        "osm_type": "node",
        "metadata": {
          "leisure": "swimming_pool",
          "name": "Kolam Renang Telaga Nirmalaa"
        }
      }
    },
    {
      "type": "Feature",
      "geometry": {
        "type": "Point",
        "coordinates": [
          112.1642665,
          -8.1303557
        ]
      },
      "properties": {
        "id": "osm:node:11333238348",
        "name": "Masjid & Mushola (Tanpa Nama)",
        "category": "Masjid & Mushola",
        "osm_id": 11333238348,
        "osm_type": "node",
        "metadata": {
          "amenity": "place_of_worship",
          "religion": "muslim"
        }
      }
    },
    {
      "type": "Feature",
      "geometry": {
        "type": "Point",
        "coordinates": [
          112.1639134,
          -8.1302855
        ]
      },
      "properties": {
        "id": "osm:node:11333238360",
        "name": "Sekolah (Umum) (Tanpa Nama)",
        "category": "Sekolah (Umum)",
        "osm_id": 11333238360,
        "osm_type": "node",
        "metadata": {
          "amenity": "school"
        }
      }
    },
    {
      "type": "Feature",
      "geometry": {
        "type": "Point",
        "coordinates": [
          112.1658558,
          -8.1310704
        ]
      },
      "properties": {
        "id": "osm:node:11333289908",
        "name": "Toko Pertanian Kusuma Tani",
        "category": "Toko Bangunan",
        "osm_id": 11333289908,
        "osm_type": "node",
        "metadata": {
          "name": "Toko Pertanian Kusuma Tani",
          "shop": "doityourself"
        }
      }
    },
    {
      "type": "Feature",
      "geometry": {
        "type": "Point",
        "coordinates": [
          112.0233288,
          -8.0862613
        ]
      },
      "properties": {
        "id": "osm:node:11655125207",
        "name": "Doyan Ayam Wonodadi, Blitar",
        "category": "Restoran",
        "osm_id": 11655125207,
        "osm_type": "node",
        "metadata": {
          "addr:city": "Kabupaten Blitar",
          "addr:postcode": "66155",
          "addr:street": "Jl. Raya Kunir, Cemandi, Kunir, Kec. Wonodadi",
          "amenity": "restaurant",
          "cuisine": "chicken;indonesian",
          "name": "Doyan Ayam Wonodadi, Blitar"
        }
      }
    },
    {
      "type": "Feature",
      "geometry": {
        "type": "Point",
        "coordinates": [
          112.1841994,
          -8.0877749
        ]
      },
      "properties": {
        "id": "osm:node:11739728880",
        "name": "Candi Gedog",
        "category": "Lainnya",
        "osm_id": 11739728880,
        "osm_type": "node",
        "metadata": {
          "access": "yes",
          "historic": "archaeological_site",
          "name": "Candi Gedog"
        }
      }
    },
    {
      "type": "Feature",
      "geometry": {
        "type": "Point",
        "coordinates": [
          112.1892029,
          -8.0743017
        ]
      },
      "properties": {
        "id": "osm:node:11777726322",
        "name": "Parkir",
        "category": "Fasilitas Parkir",
        "osm_id": 11777726322,
        "osm_type": "node",
        "metadata": {
          "amenity": "parking",
          "name": "Parkir"
        }
      }
    },
    {
      "type": "Feature",
      "geometry": {
        "type": "Point",
        "coordinates": [
          112.1892953,
          -8.0743701
        ]
      },
      "properties": {
        "id": "osm:node:11777738899",
        "name": "Luweng Lempung Heritage Resto & Community Space",
        "category": "Restoran",
        "osm_id": 11777738899,
        "osm_type": "node",
        "metadata": {
          "amenity": "restaurant",
          "name": "Luweng Lempung Heritage Resto & Community Space"
        }
      }
    },
    {
      "type": "Feature",
      "geometry": {
        "type": "Point",
        "coordinates": [
          112.1650917,
          -8.0947007
        ]
      },
      "properties": {
        "id": "osm:node:11777742204",
        "name": "Kadupul 24 Cozy Cafe",
        "category": "Kafe & Kedai Kopi",
        "osm_id": 11777742204,
        "osm_type": "node",
        "metadata": {
          "amenity": "cafe",
          "name": "Kadupul 24 Cozy Cafe"
        }
      }
    },
    {
      "type": "Feature",
      "geometry": {
        "type": "Point",
        "coordinates": [
          112.165793,
          -8.0948204
        ]
      },
      "properties": {
        "id": "osm:node:11792603490",
        "name": "Ayana Family Reflexology",
        "category": "Toko Retail (Umum)",
        "osm_id": 11792603490,
        "osm_type": "node",
        "metadata": {
          "addr:housenumber": "68B",
          "addr:street": "Jalan Anjasmoro",
          "name": "Ayana Family Reflexology",
          "shop": "massage"
        }
      }
    },
    {
      "type": "Feature",
      "geometry": {
        "type": "Point",
        "coordinates": [
          112.1731714,
          -8.1012497
        ]
      },
      "properties": {
        "id": "osm:node:12142274836",
        "name": "SDN 1 Sananwetan",
        "category": "Sekolah Dasar (SD/MI)",
        "osm_id": 12142274836,
        "osm_type": "node",
        "metadata": {
          "alt_name": "SDN Sananwetan 1",
          "name": "SDN 1 Sananwetan",
          "office": "educational_institution",
          "smoking": "no",
          "wheelchair": "limited"
        }
      }
    },
    {
      "type": "Feature",
      "geometry": {
        "type": "Point",
        "coordinates": [
          112.1726476,
          -8.1007451
        ]
      },
      "properties": {
        "id": "osm:node:12142284007",
        "name": "Dinas Pekerjaan Umum dan Penataan Ruang Kota Blitar",
        "category": "Layanan Pemerintahan",
        "osm_id": 12142284007,
        "osm_type": "node",
        "metadata": {
          "government": "public_service",
          "name": "Dinas Pekerjaan Umum dan Penataan Ruang Kota Blitar",
          "office": "government"
        }
      }
    },
    {
      "type": "Feature",
      "geometry": {
        "type": "Point",
        "coordinates": [
          112.1670576,
          -8.098955
        ]
      },
      "properties": {
        "id": "osm:node:12142293284",
        "name": "Panin Bank",
        "category": "Bank & Finansial",
        "osm_id": 12142293284,
        "osm_type": "node",
        "metadata": {
          "air_conditioning": "yes",
          "amenity": "bank",
          "atm": "yes",
          "branch": "Blitar",
          "brand": "Panin Bank",
          "brand:wikidata": "Q12502751",
          "drive_through": "no",
          "name": "Panin Bank",
          "wheelchair": "limited"
        }
      }
    },
    {
      "type": "Feature",
      "geometry": {
        "type": "Point",
        "coordinates": [
          112.1669473,
          -8.0972416
        ]
      },
      "properties": {
        "id": "osm:node:12142301225",
        "name": "SDN 2 Kepanjenlor",
        "category": "Sekolah Dasar (SD/MI)",
        "osm_id": 12142301225,
        "osm_type": "node",
        "metadata": {
          "addr:city": "Blitar",
          "addr:district": "Kepanjenkidul",
          "addr:housenumber": "47",
          "addr:postcode": "66112",
          "addr:province": "Jawa Timur",
          "addr:street": "Jalan Semeru",
          "addr:subdistrict": "Kepanjenlor",
          "alt_name": "SDN Kepanjenlor 2",
          "name": "SDN 2 Kepanjenlor",
          "office": "educational_institution",
          "smoking": "no",
          "wheelchair": "limited"
        }
      }
    },
    {
      "type": "Feature",
      "geometry": {
        "type": "Point",
        "coordinates": [
          112.1651756,
          -8.0992509
        ]
      },
      "properties": {
        "id": "osm:node:12142316936",
        "name": "RTH Taman Pecut",
        "category": "Lainnya",
        "osm_id": 12142316936,
        "osm_type": "node",
        "metadata": {
          "amenity": "fountain",
          "drinking_water": "no",
          "lit": "yes",
          "name": "RTH Taman Pecut",
          "operator": "Pemerintah Kota Blitar"
        }
      }
    },
    {
      "type": "Feature",
      "geometry": {
        "type": "Point",
        "coordinates": [
          112.1743555,
          -8.0953366
        ]
      },
      "properties": {
        "id": "osm:node:12142332557",
        "name": "Balai Kota Kusuma Wicitra",
        "category": "Fasilitas Warga & Balai",
        "osm_id": 12142332557,
        "osm_type": "node",
        "metadata": {
          "amenity": "townhall",
          "name": "Balai Kota Kusuma Wicitra",
          "operator": "Pemerintah Kota Blitar",
          "smoking": "outside",
          "townhall:type": "city",
          "wheelchair": "yes"
        }
      }
    },
    {
      "type": "Feature",
      "geometry": {
        "type": "Point",
        "coordinates": [
          112.1728389,
          -8.093702
        ]
      },
      "properties": {
        "id": "osm:node:12142343728",
        "name": "Hotel Santika Blitar",
        "category": "Hotel & Penginapan",
        "osm_id": 12142343728,
        "osm_type": "node",
        "metadata": {
          "air_conditioning": "yes",
          "brand": "Santika Indonesia Hotels & Resorts",
          "brand:id": "Hotel Santika",
          "brand:wikidata": "Q7420423",
          "internet_access": "wlan",
          "internet_access:fee": "customers",
          "name": "Hotel Santika Blitar",
          "opening_hours": "24/7",
          "reservation": "recommended",
          "tourism": "hotel",
          "website": "https://mysantika.com",
          "wheelchair": "yes"
        }
      }
    },
    {
      "type": "Feature",
      "geometry": {
        "type": "Point",
        "coordinates": [
          112.1747632,
          -8.0951826
        ]
      },
      "properties": {
        "id": "osm:node:12142351409",
        "name": "Rumah Dinas Wali Kota Blitar",
        "category": "Layanan Pemerintahan",
        "osm_id": 12142351409,
        "osm_type": "node",
        "metadata": {
          "access": "permit",
          "castle_type": "stately",
          "historic": "castle",
          "name": "Rumah Dinas Wali Kota Blitar"
        }
      }
    },
    {
      "type": "Feature",
      "geometry": {
        "type": "Point",
        "coordinates": [
          112.1730361,
          -8.0909658
        ]
      },
      "properties": {
        "id": "osm:node:12142351464",
        "name": "SDN 2 Sentul",
        "category": "Sekolah Dasar (SD/MI)",
        "osm_id": 12142351464,
        "osm_type": "node",
        "metadata": {
          "alt_name": "SDN Sentul 2",
          "name": "SDN 2 Sentul",
          "office": "educational_institution",
          "smoking": "no",
          "wheelchair": "limited"
        }
      }
    },
    {
      "type": "Feature",
      "geometry": {
        "type": "Point",
        "coordinates": [
          112.1724045,
          -8.0932688
        ]
      },
      "properties": {
        "id": "osm:node:12142363020",
        "name": "Kantor Kementerian Agama Kota Blitar",
        "category": "Layanan Pemerintahan",
        "osm_id": 12142363020,
        "osm_type": "node",
        "metadata": {
          "government": "public_service",
          "name": "Kantor Kementerian Agama Kota Blitar",
          "office": "government",
          "wheelchair": "limited"
        }
      }
    },
    {
      "type": "Feature",
      "geometry": {
        "type": "Point",
        "coordinates": [
          112.1776839,
          -8.0995326
        ]
      },
      "properties": {
        "id": "osm:node:12142363059",
        "name": "Kantor Kementerian Agama Kabupaten Blitar",
        "category": "Layanan Pemerintahan",
        "osm_id": 12142363059,
        "osm_type": "node",
        "metadata": {
          "government": "public_service",
          "name": "Kantor Kementerian Agama Kabupaten Blitar",
          "office": "government",
          "wheelchair": "limited"
        }
      }
    },
    {
      "type": "Feature",
      "geometry": {
        "type": "Point",
        "coordinates": [
          112.16957,
          -8.0938515
        ]
      },
      "properties": {
        "id": "osm:node:12142369554",
        "name": "Kantor Kelurahan Kepanjenlor",
        "category": "Layanan Pemerintahan",
        "osm_id": 12142369554,
        "osm_type": "node",
        "metadata": {
          "air_conditioning": "no",
          "government": "public_service",
          "name": "Kantor Kelurahan Kepanjenlor",
          "office": "government",
          "wheelchair": "limited"
        }
      }
    },
    {
      "type": "Feature",
      "geometry": {
        "type": "Point",
        "coordinates": [
          112.1725493,
          -8.0928449
        ]
      },
      "properties": {
        "id": "osm:node:12142381930",
        "name": "Dinas Kebudayaan dan Pariwisata Kota Blitar",
        "category": "Layanan Pemerintahan",
        "osm_id": 12142381930,
        "osm_type": "node",
        "metadata": {
          "government": "public_service",
          "name": "Dinas Kebudayaan dan Pariwisata Kota Blitar",
          "office": "government",
          "wheelchair": "limited"
        }
      }
    },
    {
      "type": "Feature",
      "geometry": {
        "type": "Point",
        "coordinates": [
          112.1711098,
          -8.0956556
        ]
      },
      "properties": {
        "id": "osm:node:12142399529",
        "name": "ATM BRI",
        "category": "ATM / Mesin Tunai",
        "osm_id": 12142399529,
        "osm_type": "node",
        "metadata": {
          "amenity": "atm",
          "brand": "BRI",
          "brand:wikidata": "Q623042",
          "cash_in": "no",
          "currency:IDR": "yes",
          "drive_through": "no",
          "indoor": "yes",
          "lit": "yes",
          "name": "ATM BRI",
          "official_name": "Bank Rakyat Indonesia",
          "opening_hours": "24/7",
          "operator": "BRI",
          "operator:wikidata": "Q623042",
          "wheelchair": "no"
        }
      }
    },
    {
      "type": "Feature",
      "geometry": {
        "type": "Point",
        "coordinates": [
          112.1779817,
          -8.099753
        ]
      },
      "properties": {
        "id": "osm:node:12142402417",
        "name": "RA Perwanida",
        "category": "Lainnya",
        "osm_id": 12142402417,
        "osm_type": "node",
        "metadata": {
          "name": "RA Perwanida",
          "office": "educational_institution",
          "smoking": "no",
          "wheelchair": "limited"
        }
      }
    },
    {
      "type": "Feature",
      "geometry": {
        "type": "Point",
        "coordinates": [
          112.1693718,
          -8.0990249
        ]
      },
      "properties": {
        "id": "osm:node:12142408279",
        "name": "Bank Muamalat",
        "category": "Bank & Finansial",
        "osm_id": 12142408279,
        "osm_type": "node",
        "metadata": {
          "air_conditioning": "yes",
          "amenity": "bank",
          "atm": "yes",
          "branch": "Blitar",
          "brand": "Bank Muamalat",
          "brand:wikidata": "Q4855949",
          "currency:IDR": "yes",
          "currency:SAR": "yes",
          "currency:USD": "yes",
          "drive_through": "no",
          "name": "Bank Muamalat",
          "wheelchair": "limited"
        }
      }
    },
    {
      "type": "Feature",
      "geometry": {
        "type": "Point",
        "coordinates": [
          112.1773352,
          -8.1000504
        ]
      },
      "properties": {
        "id": "osm:node:12142408725",
        "name": "Depot Blitar Indah",
        "category": "Restoran",
        "osm_id": 12142408725,
        "osm_type": "node",
        "metadata": {
          "air_conditioning": "no",
          "amenity": "restaurant",
          "cuisine": "indonesian",
          "delivery": "no",
          "diet:halal": "yes",
          "name": "Depot Blitar Indah",
          "outdoor_seating": "no",
          "payment:cash": "yes",
          "smoking": "yes",
          "takeaway": "yes",
          "toilets": "yes",
          "wheelchair": "limited"
        }
      }
    },
    {
      "type": "Feature",
      "geometry": {
        "type": "Point",
        "coordinates": [
          112.1778851,
          -8.0989564
        ]
      },
      "properties": {
        "id": "osm:node:12142408726",
        "name": "MI Perwanida",
        "category": "Sekolah Dasar (SD/MI)",
        "osm_id": 12142408726,
        "osm_type": "node",
        "metadata": {
          "name": "MI Perwanida",
          "office": "educational_institution",
          "smoking": "no",
          "wheelchair": "limited"
        }
      }
    },
    {
      "type": "Feature",
      "geometry": {
        "type": "Point",
        "coordinates": [
          112.1721757,
          -8.0911081
        ]
      },
      "properties": {
        "id": "osm:node:12142411780",
        "name": "Dinas Komunikasi, Informatika, dan Statistik Kota Blitar",
        "category": "Layanan Pemerintahan",
        "osm_id": 12142411780,
        "osm_type": "node",
        "metadata": {
          "air_conditioning": "yes",
          "government": "public_service",
          "internet_access": "yes",
          "internet_access:fee": "no",
          "name": "Dinas Komunikasi, Informatika, dan Statistik Kota Blitar",
          "office": "government",
          "smoking": "outside",
          "wheelchair": "limited"
        }
      }
    },
    {
      "type": "Feature",
      "geometry": {
        "type": "Point",
        "coordinates": [
          112.1731269,
          -8.0912183
        ]
      },
      "properties": {
        "id": "osm:node:12142415379",
        "name": "ATM BCA",
        "category": "ATM / Mesin Tunai",
        "osm_id": 12142415379,
        "osm_type": "node",
        "metadata": {
          "amenity": "atm",
          "brand": "Bank Central Asia",
          "brand:wikidata": "Q806626",
          "cash_in": "no",
          "currency:IDR": "yes",
          "drive_through": "no",
          "indoor": "yes",
          "name": "ATM BCA",
          "opening_hours": "24/7",
          "operator": "Bank Central Asia",
          "operator:wikidata": "Q806626",
          "wheelchair": "no"
        }
      }
    },
    {
      "type": "Feature",
      "geometry": {
        "type": "Point",
        "coordinates": [
          112.1739959,
          -8.0998433
        ]
      },
      "properties": {
        "id": "osm:node:12142417115",
        "name": "Panti Sosial Bina Remaja",
        "category": "Lainnya",
        "osm_id": 12142417115,
        "osm_type": "node",
        "metadata": {
          "amenity": "community_centre",
          "community_centre": "youth_centre",
          "name": "Panti Sosial Bina Remaja",
          "operator": "Dinas Sosial Provinsi Jawa Timur",
          "operator:type": "government",
          "wheelchair": "limited"
        }
      }
    },
    {
      "type": "Feature",
      "geometry": {
        "type": "Point",
        "coordinates": [
          112.1721235,
          -8.0896092
        ]
      },
      "properties": {
        "id": "osm:node:12142417264",
        "name": "ATM Bank Jatim",
        "category": "ATM / Mesin Tunai",
        "osm_id": 12142417264,
        "osm_type": "node",
        "metadata": {
          "amenity": "atm",
          "brand": "Bank Jatim",
          "cash_in": "no",
          "currency:IDR": "yes",
          "drive_through": "no",
          "indoor": "yes",
          "lit": "yes",
          "name": "ATM Bank Jatim",
          "opening_hours": "24/7",
          "operator": "Bank Jatim",
          "wheelchair": "no"
        }
      }
    },
    {
      "type": "Feature",
      "geometry": {
        "type": "Point",
        "coordinates": [
          112.1743982,
          -8.0869827
        ]
      },
      "properties": {
        "id": "osm:node:12142420543",
        "name": "ATM BNI",
        "category": "ATM / Mesin Tunai",
        "osm_id": 12142420543,
        "osm_type": "node",
        "metadata": {
          "amenity": "atm",
          "brand": "BNI",
          "brand:wikidata": "Q2882611",
          "cash_in": "no",
          "currency:IDR": "yes",
          "drive_through": "no",
          "indoor": "yes",
          "lit": "yes",
          "name": "ATM BNI",
          "official_name": "Bank Negara Indonesia",
          "opening_hours": "24/7",
          "operator": "BNI",
          "operator:wikidata": "Q2882611",
          "wheelchair": "no"
        }
      }
    },
    {
      "type": "Feature",
      "geometry": {
        "type": "Point",
        "coordinates": [
          112.1683244,
          -8.1031793
        ]
      },
      "properties": {
        "id": "osm:node:12142426365",
        "name": "Dinas Perpustakaan dan Kearsipan Kota Blitar",
        "category": "Sekolah (Umum)",
        "osm_id": 12142426365,
        "osm_type": "node",
        "metadata": {
          "air_conditioning": "yes",
          "baby_feeding": "room",
          "government": "public_service",
          "internet_access": "yes",
          "internet_access:fee": "no",
          "name": "Dinas Perpustakaan dan Kearsipan Kota Blitar",
          "office": "government",
          "smoking": "outside",
          "wheelchair": "limited"
        }
      }
    },
    {
      "type": "Feature",
      "geometry": {
        "type": "Point",
        "coordinates": [
          112.1731752,
          -8.1040278
        ]
      },
      "properties": {
        "id": "osm:node:12142426437",
        "name": "Perpustakaan Umum Kota Blitar",
        "category": "Sekolah (Umum)",
        "osm_id": 12142426437,
        "osm_type": "node",
        "metadata": {
          "access": "yes",
          "air_conditioning": "yes",
          "amenity": "library",
          "baby_feeding": "room",
          "internet_access": "yes",
          "internet_access:fee": "no",
          "name": "Perpustakaan Umum Kota Blitar",
          "opening_hours": "Mo-Fr 08:00-20:00",
          "wheelchair": "limited"
        }
      }
    },
    {
      "type": "Feature",
      "geometry": {
        "type": "Point",
        "coordinates": [
          112.1687737,
          -8.099957
        ]
      },
      "properties": {
        "id": "osm:node:12142432541",
        "name": "Maybank",
        "category": "Bank & Finansial",
        "osm_id": 12142432541,
        "osm_type": "node",
        "metadata": {
          "air_conditioning": "yes",
          "alt_name": "BII",
          "amenity": "bank",
          "atm": "yes",
          "branch": "Blitar",
          "brand": "Maybank",
          "brand:wikidata": "Q1364018",
          "currency:IDR": "yes",
          "currency:USD": "yes",
          "drive_through": "no",
          "name": "Maybank",
          "wheelchair": "limited"
        }
      }
    },
    {
      "type": "Feature",
      "geometry": {
        "type": "Point",
        "coordinates": [
          112.1706513,
          -8.0929033
        ]
      },
      "properties": {
        "id": "osm:node:12149704176",
        "name": "Lapangan Voli Perumahan Wisma Indah",
        "category": "Hotel & Penginapan",
        "osm_id": 12149704176,
        "osm_type": "node",
        "metadata": {
          "access": "yes",
          "covered": "no",
          "fee": "no",
          "leisure": "pitch",
          "lit": "yes",
          "name": "Lapangan Voli Perumahan Wisma Indah",
          "sport": "volleyball",
          "surface": "grass"
        }
      }
    },
    {
      "type": "Feature",
      "geometry": {
        "type": "Point",
        "coordinates": [
          112.1676752,
          -8.0916465
        ]
      },
      "properties": {
        "id": "osm:node:12149717464",
        "name": "Masjid Ar-Rahman",
        "category": "Masjid & Mushola",
        "osm_id": 12149717464,
        "osm_type": "node",
        "metadata": {
          "air_conditioning": "yes",
          "amenity": "place_of_worship",
          "name": "Masjid Ar-Rahman",
          "religion": "muslim",
          "wheelchair": "yes"
        }
      }
    },
    {
      "type": "Feature",
      "geometry": {
        "type": "Point",
        "coordinates": [
          112.1726744,
          -8.0840545
        ]
      },
      "properties": {
        "id": "osm:node:12149768593",
        "name": "Taman Sentul",
        "category": "Taman Kota / Terbuka",
        "osm_id": 12149768593,
        "osm_type": "node",
        "metadata": {
          "access": "yes",
          "leisure": "park",
          "name": "Taman Sentul",
          "operator": "Pemerintah Kota Blitar",
          "operator:type": "government",
          "smoking": "yes"
        }
      }
    },
    {
      "type": "Feature",
      "geometry": {
        "type": "Point",
        "coordinates": [
          112.1710754,
          -8.0895178
        ]
      },
      "properties": {
        "id": "osm:node:12149775855",
        "name": "SPBU Shell",
        "category": "SPBU / Stasiun Pengisian Bahan Bakar",
        "osm_id": 12149775855,
        "osm_type": "node",
        "metadata": {
          "amenity": "fuel",
          "brand": "Shell",
          "brand:wikidata": "Q110716465",
          "fuel:octane_92": "yes",
          "fuel:octane_95": "yes",
          "name": "SPBU Shell",
          "payment:cards": "yes",
          "payment:cash": "yes",
          "payment:contactless": "yes",
          "payment:credit_cards": "yes",
          "payment:debit_cards": "yes",
          "self_service": "no",
          "wheelchair": "limited"
        }
      }
    },
    {
      "type": "Feature",
      "geometry": {
        "type": "Point",
        "coordinates": [
          112.1626541,
          -8.0906985
        ]
      },
      "properties": {
        "id": "osm:node:12149776562",
        "name": "Soto Mbah Bari",
        "category": "Restoran",
        "osm_id": 12149776562,
        "osm_type": "node",
        "metadata": {
          "air_conditioning": "no",
          "amenity": "restaurant",
          "cuisine": "indonesian",
          "diet:halal": "yes",
          "name": "Soto Mbah Bari",
          "outdoor_seating": "no",
          "payment:cash": "yes",
          "smoking": "yes",
          "takeaway": "yes"
        }
      }
    },
    {
      "type": "Feature",
      "geometry": {
        "type": "Point",
        "coordinates": [
          112.1716292,
          -8.0938924
        ]
      },
      "properties": {
        "id": "osm:node:12149776569",
        "name": "Lapangan Bulu Tangkis Perumahan Wisma Indah",
        "category": "Hotel & Penginapan",
        "osm_id": 12149776569,
        "osm_type": "node",
        "metadata": {
          "access": "yes",
          "covered": "no",
          "fee": "no",
          "leisure": "pitch",
          "lit": "yes",
          "name": "Lapangan Bulu Tangkis Perumahan Wisma Indah",
          "sport": "badminton",
          "surface": "concrete"
        }
      }
    },
    {
      "type": "Feature",
      "geometry": {
        "type": "Point",
        "coordinates": [
          112.1676061,
          -8.089408
        ]
      },
      "properties": {
        "id": "osm:node:12149779856",
        "name": "Kantor Kecamatan Kepanjenkidul",
        "category": "Layanan Pemerintahan",
        "osm_id": 12149779856,
        "osm_type": "node",
        "metadata": {
          "air_conditioning": "yes",
          "government": "administrative",
          "internet_access": "yes",
          "internet_access:fee": "no",
          "name": "Kantor Kecamatan Kepanjenkidul",
          "office": "government",
          "smoking": "outside",
          "wheelchair": "limited"
        }
      }
    },
    {
      "type": "Feature",
      "geometry": {
        "type": "Point",
        "coordinates": [
          112.1705976,
          -8.0931449
        ]
      },
      "properties": {
        "id": "osm:node:12149791107",
        "name": "Masjid Miftakhul Huda",
        "category": "Masjid & Mushola",
        "osm_id": 12149791107,
        "osm_type": "node",
        "metadata": {
          "air_conditioning": "yes",
          "amenity": "place_of_worship",
          "name": "Masjid Miftakhul Huda",
          "religion": "muslim",
          "wheelchair": "limited"
        }
      }
    },
    {
      "type": "Feature",
      "geometry": {
        "type": "Point",
        "coordinates": [
          112.1704447,
          -8.0933467
        ]
      },
      "properties": {
        "id": "osm:node:12149792109",
        "name": "Balai RW 06 Perumahan Wisma Indah",
        "category": "Fasilitas Warga & Balai",
        "osm_id": 12149792109,
        "osm_type": "node",
        "metadata": {
          "air_conditioning": "no",
          "amenity": "community_centre",
          "community_centre": "community_hall",
          "name": "Balai RW 06 Perumahan Wisma Indah",
          "polling_station": "yes",
          "wheelchair": "limited"
        }
      }
    },
    {
      "type": "Feature",
      "geometry": {
        "type": "Point",
        "coordinates": [
          112.1723571,
          -8.0781824
        ]
      },
      "properties": {
        "id": "osm:node:12149792132",
        "name": "Puskesmas Kepanjenkidul",
        "category": "Klinik & Puskesmas",
        "osm_id": 12149792132,
        "osm_type": "node",
        "metadata": {
          "air_conditioning": "no",
          "amenity": "clinic",
          "healthcare": "clinic",
          "name": "Puskesmas Kepanjenkidul",
          "operator": "Ministry of Health",
          "operator:en": "Ministry of Health",
          "operator:id": "Kementerian Kesehatan",
          "operator:type": "public",
          "operator:wikidata": "Q12490745",
          "payment:cash": "yes",
          "wheelchair": "yes"
        }
      }
    },
    {
      "type": "Feature",
      "geometry": {
        "type": "Point",
        "coordinates": [
          112.1703236,
          -8.0832187
        ]
      },
      "properties": {
        "id": "osm:node:12149792133",
        "name": "SDN 1 Bendo",
        "category": "Sekolah Dasar (SD/MI)",
        "osm_id": 12149792133,
        "osm_type": "node",
        "metadata": {
          "air_conditioning": "no",
          "alt_name": "SDN Bendo 1",
          "internet_access": "yes",
          "internet_access:fee": "no",
          "name": "SDN 1 Bendo",
          "office": "educational_institution",
          "smoking": "no",
          "wheelchair": "limited"
        }
      }
    },
    {
      "type": "Feature",
      "geometry": {
        "type": "Point",
        "coordinates": [
          112.1701634,
          -8.0835634
        ]
      },
      "properties": {
        "id": "osm:node:12149793990",
        "name": "MTs Negeri 2 Kota Blitar",
        "category": "Sekolah Menengah Pertama (SMP/MTs)",
        "osm_id": 12149793990,
        "osm_type": "node",
        "metadata": {
          "air_conditioning": "no",
          "alt_name": "MTsN Kepanjenkidul",
          "internet_access": "yes",
          "internet_access:fee": "no",
          "name": "MTs Negeri 2 Kota Blitar",
          "office": "educational_institution",
          "smoking": "no",
          "wheelchair": "limited"
        }
      }
    },
    {
      "type": "Feature",
      "geometry": {
        "type": "Point",
        "coordinates": [
          112.1732691,
          -8.0833864
        ]
      },
      "properties": {
        "id": "osm:node:12149801558",
        "name": "TPU Blumbangsari",
        "category": "Pemakaman",
        "osm_id": 12149801558,
        "osm_type": "node",
        "metadata": {
          "landuse": "cemetery",
          "name": "TPU Blumbangsari"
        }
      }
    },
    {
      "type": "Feature",
      "geometry": {
        "type": "Point",
        "coordinates": [
          112.1720675,
          -8.0786796
        ]
      },
      "properties": {
        "id": "osm:node:12149806703",
        "name": "SMP Negeri 3 Blitar",
        "category": "Sekolah Menengah Pertama (SMP/MTs)",
        "osm_id": 12149806703,
        "osm_type": "node",
        "metadata": {
          "air_conditioning": "no",
          "internet_access": "yes",
          "internet_access:fee": "no",
          "name": "SMP Negeri 3 Blitar",
          "office": "educational_institution",
          "smoking": "no",
          "wheelchair": "limited"
        }
      }
    },
    {
      "type": "Feature",
      "geometry": {
        "type": "Point",
        "coordinates": [
          112.1654987,
          -8.0971559
        ]
      },
      "properties": {
        "id": "osm:node:12149814485",
        "name": "Patung Supriyadi",
        "category": "Lainnya",
        "osm_id": 12149814485,
        "osm_type": "node",
        "metadata": {
          "artwork_type": "statue",
          "name": "Patung Supriyadi",
          "tourism": "artwork"
        }
      }
    },
    {
      "type": "Feature",
      "geometry": {
        "type": "Point",
        "coordinates": [
          112.1809471,
          -8.0923333
        ]
      },
      "properties": {
        "id": "osm:node:12149818186",
        "name": "KFC",
        "category": "Cepat Saji",
        "osm_id": 12149818186,
        "osm_type": "node",
        "metadata": {
          "air_conditioning": "yes",
          "alt_name": "Kentucky Fried Chicken",
          "amenity": "fast_food",
          "branch": "Blitar",
          "brand": "KFC",
          "brand:wikidata": "Q524757",
          "cuisine": "chicken",
          "delivery": "no",
          "diet:halal": "yes",
          "drive_through": "yes",
          "highchair": "yes",
          "name": "KFC",
          "outdoor_seating": "yes",
          "payment:cash": "yes",
          "payment:contactless": "yes",
          "payment:credit_cards": "yes",
          "payment:debit_cards": "yes",
          "smoking": "outside",
          "takeaway": "yes",
          "wheelchair": "yes"
        }
      }
    },
    {
      "type": "Feature",
      "geometry": {
        "type": "Point",
        "coordinates": [
          112.1773361,
          -8.0924156
        ]
      },
      "properties": {
        "id": "osm:node:12149823943",
        "name": "SDN 1 Bendogerit",
        "category": "Sekolah Dasar (SD/MI)",
        "osm_id": 12149823943,
        "osm_type": "node",
        "metadata": {
          "air_conditioning": "no",
          "alt_name": "SDN Bendogerit 1",
          "amenity": "school",
          "internet_access": "yes",
          "internet_access:fee": "no",
          "name": "SDN 1 Bendogerit",
          "office": "educational_institution",
          "smoking": "no",
          "wheelchair": "limited"
        }
      }
    },
    {
      "type": "Feature",
      "geometry": {
        "type": "Point",
        "coordinates": [
          112.1836738,
          -8.0910796
        ]
      },
      "properties": {
        "id": "osm:node:12149825819",
        "name": "Patung Bung Karno",
        "category": "Lainnya",
        "osm_id": 12149825819,
        "osm_type": "node",
        "metadata": {
          "artwork_type": "statue",
          "material": "bronze",
          "name": "Patung Bung Karno",
          "tourism": "artwork"
        }
      }
    },
    {
      "type": "Feature",
      "geometry": {
        "type": "Point",
        "coordinates": [
          112.1773083,
          -8.0934009
        ]
      },
      "properties": {
        "id": "osm:node:12149825841",
        "name": "Monumen Potlot",
        "category": "Lainnya",
        "osm_id": 12149825841,
        "osm_type": "node",
        "metadata": {
          "historic": "monument",
          "man_made": "obelisk",
          "material": "concrete",
          "name": "Monumen Potlot"
        }
      }
    },
    {
      "type": "Feature",
      "geometry": {
        "type": "Point",
        "coordinates": [
          112.1806821,
          -8.0925651
        ]
      },
      "properties": {
        "id": "osm:node:12149834926",
        "name": "Bea Cukai Blitar",
        "category": "Layanan Pemerintahan",
        "osm_id": 12149834926,
        "osm_type": "node",
        "metadata": {
          "air_conditioning": "yes",
          "government": "customs",
          "internet_access": "yes",
          "internet_access:fee": "no",
          "name": "Bea Cukai Blitar",
          "office": "government",
          "smoking": "outside",
          "wheelchair": "limited"
        }
      }
    },
    {
      "type": "Feature",
      "geometry": {
        "type": "Point",
        "coordinates": [
          112.1799149,
          -8.092739
        ]
      },
      "properties": {
        "id": "osm:node:12149838041",
        "name": "Kejaksaan Negeri Blitar",
        "category": "Layanan Pemerintahan",
        "osm_id": 12149838041,
        "osm_type": "node",
        "metadata": {
          "air_conditioning": "yes",
          "government": "prosecutor",
          "internet_access": "yes",
          "internet_access:fee": "no",
          "name": "Kejaksaan Negeri Blitar",
          "office": "government",
          "smoking": "outside",
          "wheelchair": "limited"
        }
      }
    },
    {
      "type": "Feature",
      "geometry": {
        "type": "Point",
        "coordinates": [
          112.1648362,
          -8.0970827
        ]
      },
      "properties": {
        "id": "osm:node:12149843711",
        "name": "Dinas Kesehatan Kabupaten Blitar",
        "category": "Layanan Pemerintahan",
        "osm_id": 12149843711,
        "osm_type": "node",
        "metadata": {
          "air_conditioning": "no",
          "government": "public_service",
          "internet_access": "yes",
          "internet_access:fee": "no",
          "name": "Dinas Kesehatan Kabupaten Blitar",
          "office": "government",
          "smoking": "outside",
          "wheelchair": "limited"
        }
      }
    },
    {
      "type": "Feature",
      "geometry": {
        "type": "Point",
        "coordinates": [
          112.1755598,
          -8.089514
        ]
      },
      "properties": {
        "id": "osm:node:12149873833",
        "name": "Masjid Darussalam",
        "category": "Masjid & Mushola",
        "osm_id": 12149873833,
        "osm_type": "node",
        "metadata": {
          "air_conditioning": "no",
          "amenity": "place_of_worship",
          "name": "Masjid Darussalam",
          "religion": "muslim",
          "wheelchair": "no"
        }
      }
    },
    {
      "type": "Feature",
      "geometry": {
        "type": "Point",
        "coordinates": [
          112.1738671,
          -8.0877506
        ]
      },
      "properties": {
        "id": "osm:node:12155259648",
        "name": "Vihara Samaggi Jaya",
        "category": "Vihara",
        "osm_id": 12155259648,
        "osm_type": "node",
        "metadata": {
          "air_conditioning": "no",
          "amenity": "place_of_worship",
          "name": "Vihara Samaggi Jaya",
          "religion": "buddhist",
          "wheelchair": "limited"
        }
      }
    },
    {
      "type": "Feature",
      "geometry": {
        "type": "Point",
        "coordinates": [
          112.1763763,
          -8.0850635
        ]
      },
      "properties": {
        "id": "osm:node:12155268752",
        "name": "TPU Mardi Mulyo",
        "category": "Pemakaman",
        "osm_id": 12155268752,
        "osm_type": "node",
        "metadata": {
          "landuse": "cemetery",
          "name": "TPU Mardi Mulyo"
        }
      }
    },
    {
      "type": "Feature",
      "geometry": {
        "type": "Point",
        "coordinates": [
          112.176786,
          -8.083279
        ]
      },
      "properties": {
        "id": "osm:node:12155271322",
        "name": "Kantor Kelurahan Sentul",
        "category": "Layanan Pemerintahan",
        "osm_id": 12155271322,
        "osm_type": "node",
        "metadata": {
          "air_conditioning": "no",
          "government": "administrative",
          "internet_access": "yes",
          "internet_access:fee": "no",
          "name": "Kantor Kelurahan Sentul",
          "office": "government",
          "wheelchair": "limited"
        }
      }
    },
    {
      "type": "Feature",
      "geometry": {
        "type": "Point",
        "coordinates": [
          112.1740726,
          -8.0871311
        ]
      },
      "properties": {
        "id": "osm:node:12155272445",
        "name": "Hotel Saptra Mandala",
        "category": "Hotel & Penginapan",
        "osm_id": 12155272445,
        "osm_type": "node",
        "metadata": {
          "name": "Hotel Saptra Mandala",
          "opening_hours": "24/7",
          "reservation": "yes",
          "tourism": "hotel"
        }
      }
    },
    {
      "type": "Feature",
      "geometry": {
        "type": "Point",
        "coordinates": [
          112.1817253,
          -8.0915428
        ]
      },
      "properties": {
        "id": "osm:node:12155273454",
        "name": "Indomaret",
        "category": "Minimarket",
        "osm_id": 12155273454,
        "osm_type": "node",
        "metadata": {
          "air_conditioning": "yes",
          "brand": "Indomaret",
          "brand:wikidata": "Q4262825",
          "brand:wikipedia": "id:Indomaret",
          "currency:IDR": "yes",
          "name": "Indomaret",
          "name:en": "Indomaret",
          "name:id": "Indomaret",
          "name:ja": "インドマレット",
          "operator": "PT. Indomarco Prismatama",
          "payment:cards": "yes",
          "payment:cash": "yes",
          "payment:contactless": "yes",
          "payment:credit_cards": "yes",
          "payment:debit_cards": "yes",
          "shop": "convenience",
          "toilets": "yes",
          "toilets:access": "permissive",
          "website": "https://www.klikindomaret.com",
          "wheelchair": "limited"
        }
      }
    },
    {
      "type": "Feature",
      "geometry": {
        "type": "Point",
        "coordinates": [
          112.1793226,
          -8.0925993
        ]
      },
      "properties": {
        "id": "osm:node:12155273734",
        "name": "Alfamidi",
        "category": "Minimarket",
        "osm_id": 12155273734,
        "osm_type": "node",
        "metadata": {
          "air_conditioning": "yes",
          "brand": "Alfamidi",
          "brand:wikidata": "Q12471462",
          "currency:IDR": "yes",
          "name": "Alfamidi",
          "opening_hours": "Mo-Su 06:00-24:00",
          "payment:cards": "yes",
          "payment:cash": "yes",
          "payment:contactless": "yes",
          "payment:credit_cards": "yes",
          "payment:debit_cards": "yes",
          "shop": "convenience",
          "toilets": "yes",
          "wheelchair": "limited"
        }
      }
    },
    {
      "type": "Feature",
      "geometry": {
        "type": "Point",
        "coordinates": [
          112.1725245,
          -8.0897388
        ]
      },
      "properties": {
        "id": "osm:node:12155282730",
        "name": "Puskesmas Pembantu Sentul Pariwisata",
        "category": "Klinik & Puskesmas",
        "osm_id": 12155282730,
        "osm_type": "node",
        "metadata": {
          "air_conditioning": "no",
          "amenity": "clinic",
          "healthcare": "clinic",
          "name": "Puskesmas Pembantu Sentul Pariwisata",
          "operator": "Ministry of Health",
          "operator:en": "Ministry of Health",
          "operator:id": "Kementerian Kesehatan",
          "operator:type": "government",
          "operator:wikidata": "Q12490745",
          "wheelchair": "limited"
        }
      }
    },
    {
      "type": "Feature",
      "geometry": {
        "type": "Point",
        "coordinates": [
          112.1706396,
          -8.1023526
        ]
      },
      "properties": {
        "id": "osm:node:12155283988",
        "name": "Monumen TRIP",
        "category": "Lainnya",
        "osm_id": 12155283988,
        "osm_type": "node",
        "metadata": {
          "access": "yes",
          "historic": "monument",
          "material": "concrete",
          "name": "Monumen TRIP"
        }
      }
    },
    {
      "type": "Feature",
      "geometry": {
        "type": "Point",
        "coordinates": [
          112.1728747,
          -8.0898821
        ]
      },
      "properties": {
        "id": "osm:node:12155284808",
        "name": "Hotel Maerokoco",
        "category": "Hotel & Penginapan",
        "osm_id": 12155284808,
        "osm_type": "node",
        "metadata": {
          "name": "Hotel Maerokoco",
          "opening_hours": "24/7",
          "reservation": "yes",
          "tourism": "hotel"
        }
      }
    },
    {
      "type": "Feature",
      "geometry": {
        "type": "Point",
        "coordinates": [
          112.1708784,
          -8.1019575
        ]
      },
      "properties": {
        "id": "osm:node:12155297744",
        "name": "BTPN",
        "category": "Bank & Finansial",
        "osm_id": 12155297744,
        "osm_type": "node",
        "metadata": {
          "air_conditioning": "yes",
          "amenity": "bank",
          "atm": "yes",
          "branch": "Blitar",
          "brand": "BTPN",
          "brand:en": "BTPN",
          "brand:id": "BTPN",
          "brand:wikidata": "Q12474535",
          "currency:IDR": "yes",
          "drive_through": "no",
          "name": "BTPN",
          "official_name": "Bank BTPN",
          "wheelchair": "limited"
        }
      }
    },
    {
      "type": "Feature",
      "geometry": {
        "type": "Point",
        "coordinates": [
          112.1683162,
          -8.1030232
        ]
      },
      "properties": {
        "id": "osm:node:12155304628",
        "name": "BTN",
        "category": "Bank & Finansial",
        "osm_id": 12155304628,
        "osm_type": "node",
        "metadata": {
          "air_conditioning": "yes",
          "amenity": "bank",
          "atm": "yes",
          "branch": "Blitar",
          "brand": "BTN",
          "brand:en": "BTN",
          "brand:id": "BTN",
          "brand:wikidata": "Q12474534",
          "currency:IDR": "yes",
          "drive_through": "no",
          "name": "BTN",
          "official_name": "Bank Tabungan Negara",
          "wheelchair": "limited"
        }
      }
    },
    {
      "type": "Feature",
      "geometry": {
        "type": "Point",
        "coordinates": [
          112.1799613,
          -8.0999809
        ]
      },
      "properties": {
        "id": "osm:node:12155312528",
        "name": "Indomaret",
        "category": "Minimarket",
        "osm_id": 12155312528,
        "osm_type": "node",
        "metadata": {
          "air_conditioning": "yes",
          "brand": "Indomaret",
          "brand:wikidata": "Q4262825",
          "brand:wikipedia": "id:Indomaret",
          "currency:IDR": "yes",
          "name": "Indomaret",
          "name:en": "Indomaret",
          "name:id": "Indomaret",
          "name:ja": "インドマレット",
          "operator": "PT. Indomarco Prismatama",
          "payment:cards": "yes",
          "payment:cash": "yes",
          "payment:contactless": "yes",
          "payment:credit_cards": "yes",
          "payment:debit_cards": "yes",
          "shop": "convenience",
          "toilets": "yes",
          "toilets:access": "permissive",
          "website": "https://www.klikindomaret.com",
          "wheelchair": "limited"
        }
      }
    },
    {
      "type": "Feature",
      "geometry": {
        "type": "Point",
        "coordinates": [
          112.1677542,
          -8.1041376
        ]
      },
      "properties": {
        "id": "osm:node:12155316503",
        "name": "Indomaret",
        "category": "Minimarket",
        "osm_id": 12155316503,
        "osm_type": "node",
        "metadata": {
          "air_conditioning": "yes",
          "brand": "Indomaret",
          "brand:wikidata": "Q4262825",
          "brand:wikipedia": "id:Indomaret",
          "currency:IDR": "yes",
          "name": "Indomaret",
          "name:en": "Indomaret",
          "name:id": "Indomaret",
          "name:ja": "インドマレット",
          "operator": "PT. Indomarco Prismatama",
          "payment:cards": "yes",
          "payment:cash": "yes",
          "payment:contactless": "yes",
          "payment:credit_cards": "yes",
          "payment:debit_cards": "yes",
          "shop": "convenience",
          "toilets": "yes",
          "toilets:access": "permissive",
          "website": "https://www.klikindomaret.com",
          "wheelchair": "limited"
        }
      }
    },
    {
      "type": "Feature",
      "geometry": {
        "type": "Point",
        "coordinates": [
          112.1641065,
          -8.1040606
        ]
      },
      "properties": {
        "id": "osm:node:12155316771",
        "name": "SMA Negeri 4 Blitar",
        "category": "Sekolah Menengah Atas (SMA/SMK/MA)",
        "osm_id": 12155316771,
        "osm_type": "node",
        "metadata": {
          "air_conditioning": "no",
          "alt_name": "SMAN 4 Blitar",
          "name": "SMA Negeri 4 Blitar",
          "office": "educational_institution",
          "smoking": "no",
          "wheelchair": "limited"
        }
      }
    },
    {
      "type": "Feature",
      "geometry": {
        "type": "Point",
        "coordinates": [
          112.1737195,
          -8.0888022
        ]
      },
      "properties": {
        "id": "osm:node:12155326768",
        "name": "ATM BCA",
        "category": "ATM / Mesin Tunai",
        "osm_id": 12155326768,
        "osm_type": "node",
        "metadata": {
          "amenity": "atm",
          "brand": "Bank Central Asia",
          "brand:wikidata": "Q806626",
          "cash_in": "no",
          "currency:IDR": "yes",
          "drive_through": "no",
          "indoor": "yes",
          "lit": "yes",
          "name": "ATM BCA",
          "opening_hours": "24/7",
          "operator": "Bank Central Asia",
          "operator:wikidata": "Q806626",
          "wheelchair": "limited"
        }
      }
    },
    {
      "type": "Feature",
      "geometry": {
        "type": "Point",
        "coordinates": [
          112.1676738,
          -8.0935901
        ]
      },
      "properties": {
        "id": "osm:node:12155327022",
        "name": "Alfamart",
        "category": "Minimarket",
        "osm_id": 12155327022,
        "osm_type": "node",
        "metadata": {
          "air_conditioning": "yes",
          "brand": "Alfamart",
          "brand:wikidata": "Q23745600",
          "currency:IDR": "yes",
          "name": "Alfamart",
          "opening_hours": "24/7",
          "operator": "PT Sumber Alfaria Trijaya,Tbk",
          "payment:cards": "yes",
          "payment:cash": "yes",
          "payment:contactless": "yes",
          "payment:credit_cards": "yes",
          "payment:debit_cards": "yes",
          "shop": "convenience",
          "toilets": "yes",
          "toilets:access": "permissive",
          "toilets:unisex": "yes",
          "website": "https://alfamart.co.id",
          "wheelchair": "limited"
        }
      }
    },
    {
      "type": "Feature",
      "geometry": {
        "type": "Point",
        "coordinates": [
          112.1636665,
          -8.0971856
        ]
      },
      "properties": {
        "id": "osm:node:12155330305",
        "name": "Point Coffee",
        "category": "Kafe & Kedai Kopi",
        "osm_id": 12155330305,
        "osm_type": "node",
        "metadata": {
          "air_conditioning": "yes",
          "alt_name": "Indomaret Point",
          "amenity": "cafe",
          "brand": "Point Coffee",
          "brand:wikidata": "Q124651558",
          "cuisine": "coffee_shop",
          "drive_through": "no",
          "internet_access": "yes",
          "internet_access:fee": "customers",
          "name": "Point Coffee",
          "opening_hours": "24/7",
          "outdoor_seating": "yes",
          "takeaway": "yes"
        }
      }
    },
    {
      "type": "Feature",
      "geometry": {
        "type": "Point",
        "coordinates": [
          112.1737624,
          -8.0888261
        ]
      },
      "properties": {
        "id": "osm:node:12155354388",
        "name": "Alfamart",
        "category": "Minimarket",
        "osm_id": 12155354388,
        "osm_type": "node",
        "metadata": {
          "air_conditioning": "yes",
          "brand": "Alfamart",
          "brand:wikidata": "Q23745600",
          "currency:IDR": "yes",
          "name": "Alfamart",
          "opening_hours": "24/7",
          "operator": "PT Sumber Alfaria Trijaya,Tbk",
          "payment:cards": "yes",
          "payment:cash": "yes",
          "payment:contactless": "yes",
          "payment:credit_cards": "yes",
          "payment:debit_cards": "yes",
          "shop": "convenience",
          "toilets": "yes",
          "toilets:access": "permissive",
          "toilets:unisex": "yes",
          "website": "https://alfamart.co.id",
          "wheelchair": "limited"
        }
      }
    },
    {
      "type": "Feature",
      "geometry": {
        "type": "Point",
        "coordinates": [
          112.1716515,
          -8.0989329
        ]
      },
      "properties": {
        "id": "osm:node:12157866921",
        "name": "GPIB Jemaat Eben Haezer Blitar",
        "category": "Gereja",
        "osm_id": 12157866921,
        "osm_type": "node",
        "metadata": {
          "air_conditioning": "no",
          "amenity": "place_of_worship",
          "denomination": "protestant",
          "name": "GPIB Jemaat Eben Haezer Blitar",
          "religion": "christian",
          "wheelchair": "limited"
        }
      }
    },
    {
      "type": "Feature",
      "geometry": {
        "type": "Point",
        "coordinates": [
          112.1694118,
          -8.0994269
        ]
      },
      "properties": {
        "id": "osm:node:12157872201",
        "name": "Ramen Master",
        "category": "Restoran",
        "osm_id": 12157872201,
        "osm_type": "node",
        "metadata": {
          "air_conditioning": "no",
          "amenity": "restaurant",
          "cuisine": "ramen",
          "delivery": "no",
          "diet:halal": "yes",
          "name": "Ramen Master",
          "outdoor_seating": "yes",
          "payment:cards": "yes",
          "payment:cash": "yes",
          "payment:contactless": "yes",
          "payment:credit_cards": "yes",
          "payment:debit_cards": "yes",
          "smoking": "yes",
          "takeaway": "yes",
          "toilets": "yes",
          "toilets:wheelchair": "no",
          "wheelchair": "limited"
        }
      }
    },
    {
      "type": "Feature",
      "geometry": {
        "type": "Point",
        "coordinates": [
          112.1756158,
          -8.0963571
        ]
      },
      "properties": {
        "id": "osm:node:12157878179",
        "name": "Gereja Katolik Santo Yusup Blitar",
        "category": "Gereja",
        "osm_id": 12157878179,
        "osm_type": "node",
        "metadata": {
          "air_conditioning": "no",
          "amenity": "place_of_worship",
          "denomination": "roman_catholic",
          "name": "Gereja Katolik Santo Yusup Blitar",
          "religion": "christian",
          "wheelchair": "limited"
        }
      }
    },
    {
      "type": "Feature",
      "geometry": {
        "type": "Point",
        "coordinates": [
          112.1723515,
          -8.0992728
        ]
      },
      "properties": {
        "id": "osm:node:12157878180",
        "name": "Dinas Ketahanan Pangan dan Pertanian Kabupaten Blitar",
        "category": "Layanan Pemerintahan",
        "osm_id": 12157878180,
        "osm_type": "node",
        "metadata": {
          "air_conditioning": "yes",
          "government": "public_service",
          "internet_access": "yes",
          "name": "Dinas Ketahanan Pangan dan Pertanian Kabupaten Blitar",
          "office": "government",
          "wheelchair": "limited"
        }
      }
    },
    {
      "type": "Feature",
      "geometry": {
        "type": "Point",
        "coordinates": [
          112.1724857,
          -8.0996048
        ]
      },
      "properties": {
        "id": "osm:node:12157878181",
        "name": "ATM BNI",
        "category": "ATM / Mesin Tunai",
        "osm_id": 12157878181,
        "osm_type": "node",
        "metadata": {
          "amenity": "atm",
          "brand": "BNI",
          "brand:wikidata": "Q2882611",
          "cash_in": "no",
          "currency:IDR": "yes",
          "drive_through": "no",
          "indoor": "yes",
          "lit": "yes",
          "name": "ATM BNI",
          "official_name": "Bank Negara Indonesia",
          "opening_hours": "24/7",
          "operator": "BNI",
          "operator:wikidata": "Q2882611",
          "wheelchair": "no"
        }
      }
    },
    {
      "type": "Feature",
      "geometry": {
        "type": "Point",
        "coordinates": [
          112.1637417,
          -8.0990445
        ]
      },
      "properties": {
        "id": "osm:node:12157878182",
        "name": "CIMB Niaga",
        "category": "Bank & Finansial",
        "osm_id": 12157878182,
        "osm_type": "node",
        "metadata": {
          "air_conditioning": "yes",
          "amenity": "bank",
          "atm": "yes",
          "branch": "Blitar",
          "brand": "CIMB Niaga",
          "brand:wikidata": "Q5011747",
          "currency:IDR": "yes",
          "currency:USD": "yes",
          "drive_through": "no",
          "internet_access": "yes",
          "name": "CIMB Niaga",
          "wheelchair": "limited"
        }
      }
    },
    {
      "type": "Feature",
      "geometry": {
        "type": "Point",
        "coordinates": [
          112.1574194,
          -8.1024837
        ]
      },
      "properties": {
        "id": "osm:node:12157878183",
        "name": "Bank Mandiri",
        "category": "Bank & Finansial",
        "osm_id": 12157878183,
        "osm_type": "node",
        "metadata": {
          "air_conditioning": "yes",
          "amenity": "bank",
          "atm": "yes",
          "branch": "Blitar",
          "brand": "Bank Mandiri",
          "brand:wikidata": "Q806639",
          "currency:IDR": "yes",
          "currency:USD": "yes",
          "drive_through": "no",
          "internet_access": "yes",
          "name": "Bank Mandiri",
          "wheelchair": "limited"
        }
      }
    },
    {
      "type": "Feature",
      "geometry": {
        "type": "Point",
        "coordinates": [
          112.1699047,
          -8.0981053
        ]
      },
      "properties": {
        "id": "osm:node:12157878184",
        "name": "Bank Syariah Indonesia",
        "category": "Hotel & Penginapan",
        "osm_id": 12157878184,
        "osm_type": "node",
        "metadata": {
          "air_conditioning": "yes",
          "amenity": "bank",
          "atm": "yes",
          "branch": "Blitar",
          "brand": "Bank Syariah Indonesia",
          "brand:wikidata": "Q105574200",
          "currency:IDR": "yes",
          "currency:USD": "yes",
          "drive_through": "no",
          "internet_access": "yes",
          "name": "Bank Syariah Indonesia",
          "short_name": "BSI",
          "wheelchair": "limited"
        }
      }
    },
    {
      "type": "Feature",
      "geometry": {
        "type": "Point",
        "coordinates": [
          112.1537406,
          -8.0762718
        ]
      },
      "properties": {
        "id": "osm:node:12158496251",
        "name": "Fotocopy Mekar",
        "category": "Toko Retail (Umum)",
        "osm_id": 12158496251,
        "osm_type": "node",
        "metadata": {
          "name": "Fotocopy Mekar",
          "shop": "copyshop"
        }
      }
    },
    {
      "type": "Feature",
      "geometry": {
        "type": "Point",
        "coordinates": [
          112.1537334,
          -8.0764179
        ]
      },
      "properties": {
        "id": "osm:node:12158512649",
        "name": "Begeng Cell",
        "category": "Toko HP & Gadget",
        "osm_id": 12158512649,
        "osm_type": "node",
        "metadata": {
          "name": "Begeng Cell",
          "shop": "mobile_phone"
        }
      }
    },
    {
      "type": "Feature",
      "geometry": {
        "type": "Point",
        "coordinates": [
          112.1537184,
          -8.0763771
        ]
      },
      "properties": {
        "id": "osm:node:12158514943",
        "name": "Aneka Jus",
        "category": "Lainnya",
        "osm_id": 12158514943,
        "osm_type": "node",
        "metadata": {
          "amenity": "drinking_water",
          "name": "Aneka Jus"
        }
      }
    },
    {
      "type": "Feature",
      "geometry": {
        "type": "Point",
        "coordinates": [
          112.1805197,
          -8.0560232
        ]
      },
      "properties": {
        "id": "osm:node:12164370079",
        "name": "SPBU 54.661.36 Bangsri Nglegok",
        "category": "SPBU / Stasiun Pengisian Bahan Bakar",
        "osm_id": 12164370079,
        "osm_type": "node",
        "metadata": {
          "amenity": "fuel",
          "name": "SPBU 54.661.36 Bangsri Nglegok"
        }
      }
    },
    {
      "type": "Feature",
      "geometry": {
        "type": "Point",
        "coordinates": [
          112.1615988,
          -8.092846
        ]
      },
      "properties": {
        "id": "osm:node:12233255241",
        "name": "Kantor Maxim Indonesia - Blitar",
        "category": "Layanan Pemerintahan",
        "osm_id": 12233255241,
        "osm_type": "node",
        "metadata": {
          "addr:city": "Kota Blitar",
          "addr:district": "Kepanjenkidul",
          "addr:housenumber": "17-21",
          "addr:postcode": "66117",
          "addr:province": "Jawa Timur",
          "addr:street": "Jalan Barito",
          "addr:subdistrict": "Kauman",
          "air_conditioning": "yes",
          "branch": "Blitar",
          "building": "yes",
          "email": "blitar@taximaxim.com",
          "name": "Kantor Maxim Indonesia - Blitar",
          "name:en": "Maxim Indonesia Office - Blitar",
          "office": "company",
          "official_name": "Maxim Indonesia",
          "opening_hours": "Mo-Fr 09:00-18:00",
          "operator:type": "private",
          "website": "https://id.taximaxim.com",
          "wikidata": "Q109455511",
          "wikipedia": "id:Taxi Maxim"
        }
      }
    },
    {
      "type": "Feature",
      "geometry": {
        "type": "Point",
        "coordinates": [
          112.169647,
          -8.098971
        ]
      },
      "properties": {
        "id": "osm:node:12397886754",
        "name": "UDD PMI Kabupaten Kota Blitar",
        "category": "Klinik & Puskesmas",
        "osm_id": 12397886754,
        "osm_type": "node",
        "metadata": {
          "addr:district": "Kota Blitar",
          "addr:province": "Jawa Timur",
          "addr:street": "Jl. A. Yani no 9 kota Blitar",
          "addr:subdistrict": "Kepanjenkidul",
          "addr:village": "Kepanjenlor",
          "amenity": "blood_bank",
          "email": "pmikabupatenblitar@yahoo.co.id",
          "name": "UDD PMI Kabupaten Kota Blitar",
          "operator": "Palang Merah Indonesia",
          "operator:short": "PMI",
          "phone": "342812180.0"
        }
      }
    },
    {
      "type": "Feature",
      "geometry": {
        "type": "Point",
        "coordinates": [
          112.171576,
          -8.097969
        ]
      },
      "properties": {
        "id": "osm:node:12397886779",
        "name": "UDD PMI Kota Blitar",
        "category": "Klinik & Puskesmas",
        "osm_id": 12397886779,
        "osm_type": "node",
        "metadata": {
          "addr:district": "Kota Blitar",
          "addr:province": "Jawa Timur",
          "addr:street": "Jl. Panglima Sudirman Nomor 28 Kota Blitar",
          "addr:subdistrict": "Kepanjenkidul",
          "addr:village": "Kepanjenlor",
          "amenity": "blood_bank",
          "email": "pmikotablitar@yahoo.co.id",
          "name": "UDD PMI Kota Blitar",
          "operator": "Palang Merah Indonesia",
          "operator:short": "PMI",
          "phone": "342805657.0"
        }
      }
    },
    {
      "type": "Feature",
      "geometry": {
        "type": "Point",
        "coordinates": [
          112.168725,
          -8.110418
        ]
      },
      "properties": {
        "id": "osm:node:12397893544",
        "name": "PMI Kota Blitar",
        "category": "Klinik & Puskesmas",
        "osm_id": 12397893544,
        "osm_type": "node",
        "metadata": {
          "addr:district": "Kota Blitar",
          "addr:province": "Jawa Timur",
          "addr:street": "Jl. Bali Nomor 32 Kelurahan Karangtengah Kecamatan Sananwetan Kota Blitar Provinsi jawa Timur",
          "addr:subdistrict": "Sananwetan",
          "addr:village": "Karangtengah",
          "amenity": "social_facility",
          "email": "pmikotablitar@yahoo.co.id",
          "name": "PMI Kota Blitar",
          "operator": "Palang Merah Indonesia",
          "operator:short": "PMI",
          "phone": "342801825",
          "social_facility": "office"
        }
      }
    },
    {
      "type": "Feature",
      "geometry": {
        "type": "Point",
        "coordinates": [
          112.169669,
          -8.098692
        ]
      },
      "properties": {
        "id": "osm:node:12397893564",
        "name": "KSR PMI Kabupaten Kota Blitar",
        "category": "Klinik & Puskesmas",
        "osm_id": 12397893564,
        "osm_type": "node",
        "metadata": {
          "addr:district": "Kota Blitar",
          "addr:province": "Jawa Timur",
          "addr:street": "Jl ahmad yani no 9",
          "addr:subdistrict": "Kepanjenkidul",
          "addr:village": "Kepanjenlor",
          "amenity": "social_facility",
          "email": "pmikabupatenblitar@yahoo.co.id",
          "name": "KSR PMI Kabupaten Kota Blitar",
          "operator": "Palang Merah Indonesia",
          "operator:short": "PMI",
          "phone": "342802307",
          "social_facility": "ksr_district_office"
        }
      }
    },
    {
      "type": "Feature",
      "geometry": {
        "type": "Point",
        "coordinates": [
          112.1343856,
          -8.1356499
        ]
      },
      "properties": {
        "id": "osm:node:12648510364",
        "name": "Indomaret",
        "category": "Minimarket",
        "osm_id": 12648510364,
        "osm_type": "node",
        "metadata": {
          "air_conditioning": "yes",
          "brand": "Indomaret",
          "brand:wikidata": "Q4262825",
          "brand:wikipedia": "id:Indomaret",
          "name": "Indomaret",
          "name:en": "Indomaret",
          "name:id": "Indomaret",
          "name:ja": "インドマレット",
          "opening_hours": "Mo-Su 06:00-22:00",
          "operator": "PT. Indomarco Prismatama",
          "payment:cash": "yes",
          "payment:contactless": "yes",
          "payment:debit_cards": "yes",
          "payment:electronic_purses": "yes",
          "shop": "convenience",
          "surveillance:type": "camera",
          "toilets": "yes",
          "toilets:access": "permissive",
          "website": "https://www.klikindomaret.com"
        }
      }
    },
    {
      "type": "Feature",
      "geometry": {
        "type": "Point",
        "coordinates": [
          112.134068,
          -8.1348859
        ]
      },
      "properties": {
        "id": "osm:node:12648524734",
        "name": "SPBU Jimbe",
        "category": "SPBU / Stasiun Pengisian Bahan Bakar",
        "osm_id": 12648524734,
        "osm_type": "node",
        "metadata": {
          "amenity": "fuel",
          "brand": "Pertamina",
          "brand:wikidata": "Q1641044",
          "brand:wikipedia": "en:Pertamina",
          "fuel:biodiesel": "yes",
          "fuel:diesel": "yes",
          "fuel:octane_91": "yes",
          "fuel:octane_92": "yes",
          "fuel:octane_95": "yes",
          "name": "SPBU Jimbe",
          "payment:cash": "yes",
          "self_service": "no"
        }
      }
    },
    {
      "type": "Feature",
      "geometry": {
        "type": "Point",
        "coordinates": [
          112.1447998,
          -8.1440955
        ]
      },
      "properties": {
        "id": "osm:node:12648541228",
        "name": "Pasar Kademangan",
        "category": "Pasar Tradisional",
        "osm_id": 12648541228,
        "osm_type": "node",
        "metadata": {
          "addr:district": "Blitar",
          "addr:full": "Jl. Setyaki Kademangan",
          "addr:postcode": "66161",
          "addr:province": "Jawa Timur",
          "addr:street": "Jl.Sentiaki",
          "addr:subdistrict": "Kademangan",
          "addr:village": "Kademangan",
          "amenity": "marketplace",
          "name": "Pasar Kademangan",
          "opening_hours": "Mo-Su 06:00-14:00",
          "shop": "greengrocer",
          "wheelchair": "limited"
        }
      }
    },
    {
      "type": "Feature",
      "geometry": {
        "type": "Point",
        "coordinates": [
          112.1461388,
          -8.1640797
        ]
      },
      "properties": {
        "id": "osm:node:12655705422",
        "name": "Candi Simping",
        "category": "Lainnya",
        "osm_id": 12655705422,
        "osm_type": "node",
        "metadata": {
          "historic": "archaeological_site",
          "name": "Candi Simping",
          "type": "Candi Peninggalan Majapahit"
        }
      }
    },
    {
      "type": "Feature",
      "geometry": {
        "type": "Point",
        "coordinates": [
          112.1666926,
          -8.098778
        ]
      },
      "properties": {
        "id": "osm:node:12658078614",
        "name": "CGV Cinemas Blitar Square",
        "category": "Lainnya",
        "osm_id": 12658078614,
        "osm_type": "node",
        "metadata": {
          "amenity": "cinema",
          "name": "CGV Cinemas Blitar Square"
        }
      }
    },
    {
      "type": "Feature",
      "geometry": {
        "type": "Point",
        "coordinates": [
          112.131667,
          -8.1385096
        ]
      },
      "properties": {
        "id": "osm:node:12658126895",
        "name": "Toko Zuma Jaya",
        "category": "Toko Retail (Umum)",
        "osm_id": 12658126895,
        "osm_type": "node",
        "metadata": {
          "addr:city": "Blitar",
          "addr:full": "Gulungan Jimbe Kademangan",
          "name": "Toko Zuma Jaya",
          "shop": "variety_store"
        }
      }
    },
    {
      "type": "Feature",
      "geometry": {
        "type": "Point",
        "coordinates": [
          112.1263146,
          -8.1350087
        ]
      },
      "properties": {
        "id": "osm:node:12658168754",
        "name": "Kekunaan Jimbe",
        "category": "Lainnya",
        "osm_id": 12658168754,
        "osm_type": "node",
        "metadata": {
          "historic": "archaeological_site",
          "name": "Kekunaan Jimbe"
        }
      }
    },
    {
      "type": "Feature",
      "geometry": {
        "type": "Point",
        "coordinates": [
          112.1681142,
          -8.1018118
        ]
      },
      "properties": {
        "id": "osm:node:12669489111",
        "name": "Masjid Al-Idris",
        "category": "Masjid & Mushola",
        "osm_id": 12669489111,
        "osm_type": "node",
        "metadata": {
          "amenity": "place_of_worship",
          "name": "Masjid Al-Idris",
          "religion": "muslim"
        }
      }
    },
    {
      "type": "Feature",
      "geometry": {
        "type": "Point",
        "coordinates": [
          112.1689966,
          -8.1014533
        ]
      },
      "properties": {
        "id": "osm:node:12669489112",
        "name": "Parkiran RSU Aminah",
        "category": "Rumah Sakit",
        "osm_id": 12669489112,
        "osm_type": "node",
        "metadata": {
          "amenity": "parking",
          "name": "Parkiran RSU Aminah",
          "parking": "surface"
        }
      }
    },
    {
      "type": "Feature",
      "geometry": {
        "type": "Point",
        "coordinates": [
          112.1711665,
          -8.100832
        ]
      },
      "properties": {
        "id": "osm:node:12669489113",
        "name": "Parkiran Hotel Sri Rejeki",
        "category": "Hotel & Penginapan",
        "osm_id": 12669489113,
        "osm_type": "node",
        "metadata": {
          "amenity": "parking",
          "name": "Parkiran Hotel Sri Rejeki",
          "parking": "surface"
        }
      }
    },
    {
      "type": "Feature",
      "geometry": {
        "type": "Point",
        "coordinates": [
          112.1721999,
          -8.0996291
        ]
      },
      "properties": {
        "id": "osm:node:12669489114",
        "name": "Parkiran RSK Budi Rahayu",
        "category": "Fasilitas Parkir",
        "osm_id": 12669489114,
        "osm_type": "node",
        "metadata": {
          "amenity": "parking",
          "name": "Parkiran RSK Budi Rahayu",
          "parking": "surface"
        }
      }
    },
    {
      "type": "Feature",
      "geometry": {
        "type": "Point",
        "coordinates": [
          112.162566,
          -8.1145139
        ]
      },
      "properties": {
        "id": "osm:node:12669489119",
        "name": "Parkiran RSI Aminah",
        "category": "Fasilitas Parkir",
        "osm_id": 12669489119,
        "osm_type": "node",
        "metadata": {
          "amenity": "parking",
          "name": "Parkiran RSI Aminah",
          "parking": "surface"
        }
      }
    },
    {
      "type": "Feature",
      "geometry": {
        "type": "Point",
        "coordinates": [
          112.180557,
          -8.1099792
        ]
      },
      "properties": {
        "id": "osm:node:12669553748",
        "name": "Parkiran RSUD Mardi Waluyo",
        "category": "Rumah Sakit",
        "osm_id": 12669553748,
        "osm_type": "node",
        "metadata": {
          "amenity": "parking",
          "name": "Parkiran RSUD Mardi Waluyo",
          "parking": "surface"
        }
      }
    },
    {
      "type": "Feature",
      "geometry": {
        "type": "Point",
        "coordinates": [
          112.1795619,
          -8.1100436
        ]
      },
      "properties": {
        "id": "osm:node:12669553749",
        "name": "Parkiran RSUD Mardi Waluyo",
        "category": "Rumah Sakit",
        "osm_id": 12669553749,
        "osm_type": "node",
        "metadata": {
          "amenity": "parking",
          "name": "Parkiran RSUD Mardi Waluyo",
          "parking": "surface"
        }
      }
    },
    {
      "type": "Feature",
      "geometry": {
        "type": "Point",
        "coordinates": [
          112.1806321,
          -8.1089814
        ]
      },
      "properties": {
        "id": "osm:node:12669553750",
        "name": "Parkiran RSUD Mardi Waluyo",
        "category": "Rumah Sakit",
        "osm_id": 12669553750,
        "osm_type": "node",
        "metadata": {
          "amenity": "parking",
          "name": "Parkiran RSUD Mardi Waluyo",
          "parking": "surface"
        }
      }
    },
    {
      "type": "Feature",
      "geometry": {
        "type": "Point",
        "coordinates": [
          112.1740652,
          -8.095327
        ]
      },
      "properties": {
        "id": "osm:node:12762279573",
        "name": "Parkir Mobil Kebonrojo",
        "category": "Fasilitas Parkir",
        "osm_id": 12762279573,
        "osm_type": "node",
        "metadata": {
          "amenity": "parking",
          "name": "Parkir Mobil Kebonrojo",
          "parking": "surface"
        }
      }
    },
    {
      "type": "Feature",
      "geometry": {
        "type": "Point",
        "coordinates": [
          112.1738531,
          -8.0954613
        ]
      },
      "properties": {
        "id": "osm:node:12762415381",
        "name": "Masjid Syuhada Haji",
        "category": "Masjid & Mushola",
        "osm_id": 12762415381,
        "osm_type": "node",
        "metadata": {
          "amenity": "place_of_worship",
          "building": "mosque",
          "name": "Masjid Syuhada Haji",
          "opening_hours": "24/7",
          "religion": "muslim",
          "wheelchair": "limited"
        }
      }
    },
    {
      "type": "Feature",
      "geometry": {
        "type": "Point",
        "coordinates": [
          112.166993,
          -8.1045708
        ]
      },
      "properties": {
        "id": "osm:node:12770580427",
        "name": "SMK Dr.Ismangil",
        "category": "Klinik & Puskesmas",
        "osm_id": 12770580427,
        "osm_type": "node",
        "metadata": {
          "amenity": "school",
          "name": "SMK Dr.Ismangil"
        }
      }
    },
    {
      "type": "Feature",
      "geometry": {
        "type": "Point",
        "coordinates": [
          112.1670155,
          -8.1587141
        ]
      },
      "properties": {
        "id": "osm:node:12774303804",
        "name": "Masjid Darus Sholihin",
        "category": "Masjid & Mushola",
        "osm_id": 12774303804,
        "osm_type": "node",
        "metadata": {
          "amenity": "place_of_worship",
          "name": "Masjid Darus Sholihin",
          "opening_hours": "24/7",
          "religion": "muslim"
        }
      }
    },
    {
      "type": "Feature",
      "geometry": {
        "type": "Point",
        "coordinates": [
          112.1861158,
          -8.1046319
        ]
      },
      "properties": {
        "id": "osm:node:12774402613",
        "name": "Masjid Baiturrahman",
        "category": "Masjid & Mushola",
        "osm_id": 12774402613,
        "osm_type": "node",
        "metadata": {
          "amenity": "place_of_worship",
          "name": "Masjid Baiturrahman",
          "religion": "muslim"
        }
      }
    },
    {
      "type": "Feature",
      "geometry": {
        "type": "Point",
        "coordinates": [
          111.9635911,
          -7.9543738
        ]
      },
      "properties": {
        "id": "osm:node:12774405578",
        "name": "Namera Nasi Kebuli Kras",
        "category": "Cepat Saji",
        "osm_id": 12774405578,
        "osm_type": "node",
        "metadata": {
          "addr:city": "Kabupaten Kediri",
          "addr:district": "Kras",
          "addr:postcode": "64172",
          "addr:province": "Jawa Timur",
          "addr:street": "Jalan Raya Kras-Sumberjo",
          "addr:subdistrict": "Kras",
          "amenity": "fast_food",
          "cuisine": "middle_eastern;kebuli;biryani;nasi_kebuli",
          "diet:halal": "yes",
          "drive_through": "yes",
          "name": "Namera Nasi Kebuli Kras",
          "phone": "+6283151068008",
          "website": "namera.biz.id"
        }
      }
    },
    {
      "type": "Feature",
      "geometry": {
        "type": "Point",
        "coordinates": [
          112.1878235,
          -7.9815022
        ]
      },
      "properties": {
        "id": "osm:node:12811297436",
        "name": "Kantor Desa Sumberasri",
        "category": "Layanan Pemerintahan",
        "osm_id": 12811297436,
        "osm_type": "node",
        "metadata": {
          "addr:district": "Blitar",
          "addr:province": "Jawa Timur",
          "addr:subdistrict": "Nglegok",
          "addr:village": "Sumberasri",
          "admin_level": "7",
          "amenity": "townhall",
          "government": "administrative",
          "name": "Kantor Desa Sumberasri",
          "office": "government"
        }
      }
    },
    {
      "type": "Feature",
      "geometry": {
        "type": "Point",
        "coordinates": [
          112.1882693,
          -7.9817261
        ]
      },
      "properties": {
        "id": "osm:node:12811297437",
        "name": "Indomaret",
        "category": "Minimarket",
        "osm_id": 12811297437,
        "osm_type": "node",
        "metadata": {
          "addr:district": "Blitar",
          "addr:province": "Jawa Timur",
          "addr:subdistrict": "Nglegok",
          "addr:village": "Sumberasri",
          "air_conditioning": "yes",
          "brand": "Indomaret",
          "brand:wikidata": "Q4262825",
          "brand:wikipedia": "id:Indomaret",
          "name": "Indomaret",
          "name:en": "Indomaret",
          "name:id": "Indomaret",
          "name:ja": "インドマレット",
          "operator": "PT. Indomarco Prismatama",
          "shop": "convenience",
          "toilets": "yes",
          "toilets:access": "permissive",
          "website": "https://www.klikindomaret.com"
        }
      }
    },
    {
      "type": "Feature",
      "geometry": {
        "type": "Point",
        "coordinates": [
          112.181626,
          -8.0346173
        ]
      },
      "properties": {
        "id": "osm:node:12811950749",
        "name": "Indomaret",
        "category": "Minimarket",
        "osm_id": 12811950749,
        "osm_type": "node",
        "metadata": {
          "addr:district": "Blitar",
          "addr:province": "JawaTimur",
          "addr:subdistrict": "Nglegok",
          "addr:village": "Bangsri",
          "air_conditioning": "yes",
          "brand": "Indomaret",
          "brand:wikidata": "Q4262825",
          "brand:wikipedia": "id:Indomaret",
          "name": "Indomaret",
          "name:en": "Indomaret",
          "name:id": "Indomaret",
          "name:ja": "インドマレット",
          "operator": "PT. Indomarco Prismatama",
          "shop": "convenience",
          "toilets": "yes",
          "toilets:access": "permissive",
          "website": "https://www.klikindomaret.com"
        }
      }
    },
    {
      "type": "Feature",
      "geometry": {
        "type": "Point",
        "coordinates": [
          112.1310104,
          -8.1391875
        ]
      },
      "properties": {
        "id": "osm:node:12841667630",
        "name": "Pion Studio Photo",
        "category": "Studio & Fotografi",
        "osm_id": 12841667630,
        "osm_type": "node",
        "metadata": {
          "addr:country": "ID",
          "addr:district": "Blitar",
          "addr:hamlet": "Gulungan",
          "addr:postcode": "66161",
          "addr:province": "Jawa Timur",
          "addr:subdistrict": "Kademangan",
          "addr:village": "Jimbe",
          "name": "Pion Studio Photo",
          "opening_hours": "24/7",
          "shop": "photo"
        }
      }
    },
    {
      "type": "Feature",
      "geometry": {
        "type": "Point",
        "coordinates": [
          112.1588466,
          -8.102956
        ]
      },
      "properties": {
        "id": "osm:node:12866324385",
        "name": "Nice So",
        "category": "Supermarket",
        "osm_id": 12866324385,
        "osm_type": "node",
        "metadata": {
          "name": "Nice So",
          "shop": "supermarket"
        }
      }
    },
    {
      "type": "Feature",
      "geometry": {
        "type": "Point",
        "coordinates": [
          112.1584451,
          -8.1026766
        ]
      },
      "properties": {
        "id": "osm:node:12866324386",
        "name": "TK SD Yos Sudarso",
        "category": "Tempat Ibadah (Lainnya)",
        "osm_id": 12866324386,
        "osm_type": "node",
        "metadata": {
          "amenity": "place_of_worship",
          "name": "TK SD Yos Sudarso"
        }
      }
    },
    {
      "type": "Feature",
      "geometry": {
        "type": "Point",
        "coordinates": [
          112.1592426,
          -8.1027671
        ]
      },
      "properties": {
        "id": "osm:node:12866324391",
        "name": "Tomoro",
        "category": "Kafe & Kedai Kopi",
        "osm_id": 12866324391,
        "osm_type": "node",
        "metadata": {
          "amenity": "cafe",
          "name": "Tomoro"
        }
      }
    },
    {
      "type": "Feature",
      "geometry": {
        "type": "Point",
        "coordinates": [
          112.0211318,
          -7.9506404
        ]
      },
      "properties": {
        "id": "osm:node:12902465775",
        "name": "TPQ DANMADINALHIDAYAH",
        "category": "Masjid & Mushola",
        "osm_id": 12902465775,
        "osm_type": "node",
        "metadata": {
          "addr:city": "kediri",
          "addr:district": "kandat",
          "addr:housename": "madin AL hidayah",
          "addr:postcode": "64173",
          "addr:province": "jatim",
          "addr:street": "nusa indah",
          "addr:subdistrict": "sumberjo",
          "addr:unit": "tpq",
          "amenity": "place_of_worship",
          "denomination": "sunni",
          "email": "17alhadi@gmail.com",
          "mobile": "+6285868288000",
          "name": "TPQ DANMADINALHIDAYAH",
          "opening_hours": "Mo-Su 09:00-21:00",
          "religion": "muslim",
          "service_times": "07,00- 24.00"
        }
      }
    },
    {
      "type": "Feature",
      "geometry": {
        "type": "Point",
        "coordinates": [
          112.1635732,
          -8.115229
        ]
      },
      "properties": {
        "id": "osm:node:13410100640",
        "name": "Apotek Panggung Farma Blitar",
        "category": "Apotek",
        "osm_id": 13410100640,
        "osm_type": "node",
        "metadata": {
          "amenity": "pharmacy",
          "name": "Apotek Panggung Farma Blitar"
        }
      }
    },
    {
      "type": "Feature",
      "geometry": {
        "type": "Point",
        "coordinates": [
          111.9468484,
          -8.0322836
        ]
      },
      "properties": {
        "id": "osm:node:13410108329",
        "name": "SPBU Pertamina 54.662.20 Pinggirsari",
        "category": "SPBU / Stasiun Pengisian Bahan Bakar",
        "osm_id": 13410108329,
        "osm_type": "node",
        "metadata": {
          "amenity": "fuel",
          "name": "SPBU Pertamina 54.662.20 Pinggirsari"
        }
      }
    },
    {
      "type": "Feature",
      "geometry": {
        "type": "Point",
        "coordinates": [
          112.1496546,
          -8.0872221
        ]
      },
      "properties": {
        "id": "osm:node:13410115243",
        "name": "Apotek Surya Sehat",
        "category": "Apotek",
        "osm_id": 13410115243,
        "osm_type": "node",
        "metadata": {
          "amenity": "pharmacy",
          "name": "Apotek Surya Sehat"
        }
      }
    },
    {
      "type": "Feature",
      "geometry": {
        "type": "Point",
        "coordinates": [
          112.1740477,
          -8.0888529
        ]
      },
      "properties": {
        "id": "osm:node:13568852279",
        "name": "Apotek Prapatan Kota Bendogerit",
        "category": "Apotek",
        "osm_id": 13568852279,
        "osm_type": "node",
        "metadata": {
          "amenity": "pharmacy",
          "name": "Apotek Prapatan Kota Bendogerit"
        }
      }
    },
    {
      "type": "Feature",
      "geometry": {
        "type": "Point",
        "coordinates": [
          112.1701512,
          -8.1553723
        ]
      },
      "properties": {
        "id": "osm:node:13869683268",
        "name": "Kebun Coklat Kampung Coklat",
        "category": "Toko Retail (Umum)",
        "osm_id": 13869683268,
        "osm_type": "node",
        "metadata": {
          "name": "Kebun Coklat Kampung Coklat",
          "shop": "farm"
        }
      }
    },
    {
      "type": "Feature",
      "geometry": {
        "type": "Point",
        "coordinates": [
          112.1702561,
          -8.1561114
        ]
      },
      "properties": {
        "id": "osm:node:13869844877",
        "name": "Toko Oleh Oleh Souvenir Kampung Coklat",
        "category": "Toko Retail (Umum)",
        "osm_id": 13869844877,
        "osm_type": "node",
        "metadata": {
          "name": "Toko Oleh Oleh Souvenir Kampung Coklat",
          "shop": "gift"
        }
      }
    },
    {
      "type": "Feature",
      "geometry": {
        "type": "Point",
        "coordinates": [
          112.1663771,
          -8.0863383
        ]
      },
      "properties": {
        "id": "osm:node:13869857592",
        "name": "Pujasera Sport Center",
        "category": "Food Court",
        "osm_id": 13869857592,
        "osm_type": "node",
        "metadata": {
          "amenity": "food_court",
          "name": "Pujasera Sport Center"
        }
      }
    },
    {
      "type": "Feature",
      "geometry": {
        "type": "Point",
        "coordinates": [
          112.1703646,
          -8.1559373
        ]
      },
      "properties": {
        "id": "osm:node:13869857593",
        "name": "Playground Kampung Coklat",
        "category": "Lainnya",
        "osm_id": 13869857593,
        "osm_type": "node",
        "metadata": {
          "leisure": "playground",
          "name": "Playground Kampung Coklat"
        }
      }
    },
    {
      "type": "Feature",
      "geometry": {
        "type": "Point",
        "coordinates": [
          112.1651861,
          -8.098078
        ]
      },
      "properties": {
        "id": "osm:way:96322130",
        "name": "Alun-Alun Blitar",
        "category": "Taman Kota / Terbuka",
        "osm_id": 96322130,
        "osm_type": "way",
        "metadata": {
          "leisure": "park",
          "name": "Alun-Alun Blitar",
          "source": "Bing"
        }
      }
    },
    {
      "type": "Feature",
      "geometry": {
        "type": "Point",
        "coordinates": [
          112.1746017,
          -8.09616
        ]
      },
      "properties": {
        "id": "osm:way:96322138",
        "name": "Taman Kebonrojo",
        "category": "Taman Kota / Terbuka",
        "osm_id": 96322138,
        "osm_type": "way",
        "metadata": {
          "access": "yes",
          "alt_name": "Kebon Rojo",
          "leisure": "park",
          "name": "Taman Kebonrojo",
          "operator": "Pemerintah Kota Blitar",
          "smoking": "yes",
          "source": "Bing"
        }
      }
    },
    {
      "type": "Feature",
      "geometry": {
        "type": "Point",
        "coordinates": [
          112.157616,
          -8.098977
        ]
      },
      "properties": {
        "id": "osm:way:149948778",
        "name": "Pasar Legi",
        "category": "Supermarket",
        "osm_id": 149948778,
        "osm_type": "way",
        "metadata": {
          "amenity": "marketplace",
          "name": "Pasar Legi",
          "shop": "supermarket"
        }
      }
    },
    {
      "type": "Feature",
      "geometry": {
        "type": "Point",
        "coordinates": [
          112.1635703,
          -8.1033293
        ]
      },
      "properties": {
        "id": "osm:way:149948779",
        "name": "Fasilitas Olahraga (Tanpa Nama)",
        "category": "Fasilitas Olahraga",
        "osm_id": 149948779,
        "osm_type": "way",
        "metadata": {
          "leisure": "sports_centre",
          "sport": "tennis"
        }
      }
    },
    {
      "type": "Feature",
      "geometry": {
        "type": "Point",
        "coordinates": [
          112.1744599,
          -8.0939458
        ]
      },
      "properties": {
        "id": "osm:way:149950469",
        "name": "Kantor Pemkab Blitar (BPKAD, Kominfo, Inspektorat, Dinas Perpustakaan & Arsip)",
        "category": "Sekolah (Umum)",
        "osm_id": 149950469,
        "osm_type": "way",
        "metadata": {
          "admin_level": "5",
          "name": "Kantor Pemkab Blitar (BPKAD, Kominfo, Inspektorat, Dinas Perpustakaan & Arsip)",
          "office": "government"
        }
      }
    },
    {
      "type": "Feature",
      "geometry": {
        "type": "Point",
        "coordinates": [
          112.1662254,
          -8.0984144
        ]
      },
      "properties": {
        "id": "osm:way:149950473",
        "name": "Lembaga Pemasyarakatan Kelas II-A Blitar",
        "category": "Layanan Pemerintahan",
        "osm_id": 149950473,
        "osm_type": "way",
        "metadata": {
          "amenity": "prison",
          "name": "Lembaga Pemasyarakatan Kelas II-A Blitar",
          "operator": "Kementerian Hukum dan Hak Asasi Manusia",
          "operator:type": "government"
        }
      }
    },
    {
      "type": "Feature",
      "geometry": {
        "type": "Point",
        "coordinates": [
          112.0721521,
          -8.0601368
        ]
      },
      "properties": {
        "id": "osm:way:149953698",
        "name": "Stadion Srengat",
        "category": "Fasilitas Olahraga",
        "osm_id": 149953698,
        "osm_type": "way",
        "metadata": {
          "leisure": "sports_centre",
          "name": "Stadion Srengat",
          "wikidata": "Q8243953"
        }
      }
    },
    {
      "type": "Feature",
      "geometry": {
        "type": "Point",
        "coordinates": [
          112.0820226,
          -8.0931916
        ]
      },
      "properties": {
        "id": "osm:way:150082295",
        "name": "Kantor Desa Maron",
        "category": "Layanan Pemerintahan",
        "osm_id": 150082295,
        "osm_type": "way",
        "metadata": {
          "amenity": "townhall",
          "building": "office",
          "government": "administrative",
          "name": "Kantor Desa Maron",
          "office": "government",
          "townhall:type": "village"
        }
      }
    },
    {
      "type": "Feature",
      "geometry": {
        "type": "Point",
        "coordinates": [
          112.0825081,
          -8.0924409
        ]
      },
      "properties": {
        "id": "osm:way:150082297",
        "name": "Sekolah (Umum) (Tanpa Nama)",
        "category": "Sekolah (Umum)",
        "osm_id": 150082297,
        "osm_type": "way",
        "metadata": {
          "amenity": "school"
        }
      }
    },
    {
      "type": "Feature",
      "geometry": {
        "type": "Point",
        "coordinates": [
          112.0824466,
          -8.0927512
        ]
      },
      "properties": {
        "id": "osm:way:150082302",
        "name": "Sekolah (Umum) (Tanpa Nama)",
        "category": "Sekolah (Umum)",
        "osm_id": 150082302,
        "osm_type": "way",
        "metadata": {
          "amenity": "school"
        }
      }
    },
    {
      "type": "Feature",
      "geometry": {
        "type": "Point",
        "coordinates": [
          112.0704895,
          -8.0625911
        ]
      },
      "properties": {
        "id": "osm:way:150186301",
        "name": "Kantor Imigrasi Srengat",
        "category": "Layanan Pemerintahan",
        "osm_id": 150186301,
        "osm_type": "way",
        "metadata": {
          "building": "public",
          "government": "migration",
          "name": "Kantor Imigrasi Srengat",
          "office": "government"
        }
      }
    },
    {
      "type": "Feature",
      "geometry": {
        "type": "Point",
        "coordinates": [
          112.0624391,
          -8.0618371
        ]
      },
      "properties": {
        "id": "osm:way:150186302",
        "name": "Puskesmas Srengat",
        "category": "Rumah Sakit",
        "osm_id": 150186302,
        "osm_type": "way",
        "metadata": {
          "amenity": "hospital",
          "emergency": "yes",
          "name": "Puskesmas Srengat"
        }
      }
    },
    {
      "type": "Feature",
      "geometry": {
        "type": "Point",
        "coordinates": [
          112.1714813,
          -8.0947817
        ]
      },
      "properties": {
        "id": "osm:way:165067183",
        "name": "Kampus III UM",
        "category": "Perguruan Tinggi",
        "osm_id": 165067183,
        "osm_type": "way",
        "metadata": {
          "amenity": "university",
          "name": "Kampus III UM"
        }
      }
    },
    {
      "type": "Feature",
      "geometry": {
        "type": "Point",
        "coordinates": [
          112.1804175,
          -8.1078355
        ]
      },
      "properties": {
        "id": "osm:way:165067184",
        "name": "STKIP",
        "category": "Perguruan Tinggi",
        "osm_id": 165067184,
        "osm_type": "way",
        "metadata": {
          "amenity": "college",
          "name": "STKIP"
        }
      }
    },
    {
      "type": "Feature",
      "geometry": {
        "type": "Point",
        "coordinates": [
          112.1769884,
          -8.0929986
        ]
      },
      "properties": {
        "id": "osm:way:165067185",
        "name": "Taman Makam Pahlawan Raden Wijaya",
        "category": "Taman Kota / Terbuka",
        "osm_id": 165067185,
        "osm_type": "way",
        "metadata": {
          "landuse": "cemetery",
          "name": "Taman Makam Pahlawan Raden Wijaya"
        }
      }
    },
    {
      "type": "Feature",
      "geometry": {
        "type": "Point",
        "coordinates": [
          112.1714463,
          -8.111827
        ]
      },
      "properties": {
        "id": "osm:way:165173819",
        "name": "Rumah Tahanan Anak Blitar",
        "category": "Lainnya",
        "osm_id": 165173819,
        "osm_type": "way",
        "metadata": {
          "amenity": "prison",
          "name": "Rumah Tahanan Anak Blitar"
        }
      }
    },
    {
      "type": "Feature",
      "geometry": {
        "type": "Point",
        "coordinates": [
          112.1762799,
          -8.0980819
        ]
      },
      "properties": {
        "id": "osm:way:171012874",
        "name": "Istana Gebang",
        "category": "Lainnya",
        "osm_id": 171012874,
        "osm_type": "way",
        "metadata": {
          "amenity": "historical",
          "building": "yes",
          "museum": "history",
          "name": "Istana Gebang",
          "operator": "Pemerintah Kota Blitar",
          "tourism": "museum"
        }
      }
    },
    {
      "type": "Feature",
      "geometry": {
        "type": "Point",
        "coordinates": [
          112.1760972,
          -8.0845992
        ]
      },
      "properties": {
        "id": "osm:way:171999453",
        "name": "Makam Soekarno",
        "category": "Pemakaman",
        "osm_id": 171999453,
        "osm_type": "way",
        "metadata": {
          "addr:street": "Jalan Ir.Soekarno",
          "building": "yes",
          "historic": "memorial",
          "name": "Makam Soekarno"
        }
      }
    },
    {
      "type": "Feature",
      "geometry": {
        "type": "Point",
        "coordinates": [
          112.1537947,
          -8.0950354
        ]
      },
      "properties": {
        "id": "osm:way:171999523",
        "name": "Pemakaman (Tanpa Nama)",
        "category": "Pemakaman",
        "osm_id": 171999523,
        "osm_type": "way",
        "metadata": {
          "landuse": "cemetery"
        }
      }
    },
    {
      "type": "Feature",
      "geometry": {
        "type": "Point",
        "coordinates": [
          112.1552166,
          -8.0967647
        ]
      },
      "properties": {
        "id": "osm:way:181687004",
        "name": "makam",
        "category": "Pemakaman",
        "osm_id": 181687004,
        "osm_type": "way",
        "metadata": {
          "landuse": "cemetery",
          "name": "makam"
        }
      }
    },
    {
      "type": "Feature",
      "geometry": {
        "type": "Point",
        "coordinates": [
          112.0997054,
          -8.0367504
        ]
      },
      "properties": {
        "id": "osm:way:295771958",
        "name": "Tempat Ibadah (Lainnya) (Tanpa Nama)",
        "category": "Tempat Ibadah (Lainnya)",
        "osm_id": 295771958,
        "osm_type": "way",
        "metadata": {
          "amenity": "place_of_worship",
          "building": "yes"
        }
      }
    },
    {
      "type": "Feature",
      "geometry": {
        "type": "Point",
        "coordinates": [
          112.1018275,
          -8.0415742
        ]
      },
      "properties": {
        "id": "osm:way:295776687",
        "name": "Musholla",
        "category": "Masjid & Mushola",
        "osm_id": 295776687,
        "osm_type": "way",
        "metadata": {
          "addr:city": "Blitar",
          "addr:postcode": "64153",
          "addr:street": "Jendral Sudirman",
          "amenity": "place_of_worship",
          "building": "yes",
          "name": "Musholla",
          "religion": "muslim"
        }
      }
    },
    {
      "type": "Feature",
      "geometry": {
        "type": "Point",
        "coordinates": [
          112.1020403,
          -8.0432425
        ]
      },
      "properties": {
        "id": "osm:way:295778675",
        "name": "Pure",
        "category": "Pura",
        "osm_id": 295778675,
        "osm_type": "way",
        "metadata": {
          "amenity": "place_of_worship",
          "building": "yes",
          "name": "Pure",
          "religion": "hindu"
        }
      }
    },
    {
      "type": "Feature",
      "geometry": {
        "type": "Point",
        "coordinates": [
          112.1581943,
          -8.1232391
        ]
      },
      "properties": {
        "id": "osm:way:296779373",
        "name": "Terminal Patria",
        "category": "Stasiun Kereta Api",
        "osm_id": 296779373,
        "osm_type": "way",
        "metadata": {
          "amenity": "bus_station",
          "bus": "yes",
          "name": "Terminal Patria",
          "operator": "BPTD Wilayah IX Jawa Timur",
          "public_transport": "station"
        }
      }
    },
    {
      "type": "Feature",
      "geometry": {
        "type": "Point",
        "coordinates": [
          112.1643947,
          -8.1042371
        ]
      },
      "properties": {
        "id": "osm:way:297713659",
        "name": "Masjid Agung Kepanjen Kidul",
        "category": "Masjid & Mushola",
        "osm_id": 297713659,
        "osm_type": "way",
        "metadata": {
          "addr:city": "Blitar",
          "addr:street": "Jalan Melati",
          "amenity": "place_of_worship",
          "building": "mosque",
          "name": "Masjid Agung Kepanjen Kidul",
          "religion": "muslim"
        }
      }
    },
    {
      "type": "Feature",
      "geometry": {
        "type": "Point",
        "coordinates": [
          112.1634579,
          -8.1122787
        ]
      },
      "properties": {
        "id": "osm:way:308208300",
        "name": "SMKN 1 Blitar",
        "category": "Sekolah Menengah Atas (SMA/SMK/MA)",
        "osm_id": 308208300,
        "osm_type": "way",
        "metadata": {
          "access:roof": "yes",
          "addr:full": "Jalan Kenari",
          "amenity": "school",
          "building:levels": "1",
          "building:roof": "tile",
          "building:structure": "reinforced_masonry",
          "building:walls": "brick",
          "capacity:persons": "2800",
          "name": "SMKN 1 Blitar",
          "type:id": "SMK"
        }
      }
    },
    {
      "type": "Feature",
      "geometry": {
        "type": "Point",
        "coordinates": [
          112.162874,
          -8.1126226
        ]
      },
      "properties": {
        "id": "osm:way:308233865",
        "name": "Lapangan Basket",
        "category": "Fasilitas Olahraga",
        "osm_id": 308233865,
        "osm_type": "way",
        "metadata": {
          "building": "yes",
          "leisure": "pitch",
          "name": "Lapangan Basket",
          "sport": "basketball"
        }
      }
    },
    {
      "type": "Feature",
      "geometry": {
        "type": "Point",
        "coordinates": [
          112.162685,
          -8.111893
        ]
      },
      "properties": {
        "id": "osm:way:308233867",
        "name": "Lapangan Sepak Bola",
        "category": "Fasilitas Olahraga",
        "osm_id": 308233867,
        "osm_type": "way",
        "metadata": {
          "leisure": "pitch",
          "name": "Lapangan Sepak Bola",
          "sport": "soccer"
        }
      }
    },
    {
      "type": "Feature",
      "geometry": {
        "type": "Point",
        "coordinates": [
          112.1625786,
          -8.1124731
        ]
      },
      "properties": {
        "id": "osm:way:308233869",
        "name": "Fasilitas Olahraga (Tanpa Nama)",
        "category": "Fasilitas Olahraga",
        "osm_id": 308233869,
        "osm_type": "way",
        "metadata": {
          "leisure": "pitch",
          "sport": "volleyball"
        }
      }
    },
    {
      "type": "Feature",
      "geometry": {
        "type": "Point",
        "coordinates": [
          112.1632707,
          -8.1128358
        ]
      },
      "properties": {
        "id": "osm:way:308233870",
        "name": "Masjid & Mushola (Tanpa Nama)",
        "category": "Masjid & Mushola",
        "osm_id": 308233870,
        "osm_type": "way",
        "metadata": {
          "access:roof": "yes",
          "amenity": "place_of_worship",
          "building": "yes",
          "building:levels": "1",
          "building:roof": "tile",
          "building:structure": "reinforced_masonry",
          "building:walls": "brick",
          "capacity:persons": "50",
          "religion": "muslim"
        }
      }
    },
    {
      "type": "Feature",
      "geometry": {
        "type": "Point",
        "coordinates": [
          112.164157,
          -8.1124426
        ]
      },
      "properties": {
        "id": "osm:way:308233872",
        "name": "Perpustakaan",
        "category": "Sekolah (Umum)",
        "osm_id": 308233872,
        "osm_type": "way",
        "metadata": {
          "access:roof": "yes",
          "amenity": "library",
          "building": "yes",
          "building:levels": "1",
          "building:roof": "tile",
          "building:structure": "reinforced_masonry",
          "building:walls": "brick",
          "capacity:persons": "70",
          "name": "Perpustakaan"
        }
      }
    },
    {
      "type": "Feature",
      "geometry": {
        "type": "Point",
        "coordinates": [
          112.1644567,
          -8.1131379
        ]
      },
      "properties": {
        "id": "osm:way:308233876",
        "name": "Security",
        "category": "Bank & Finansial",
        "osm_id": 308233876,
        "osm_type": "way",
        "metadata": {
          "amenity": "bank",
          "building": "yes",
          "name": "Security"
        }
      }
    },
    {
      "type": "Feature",
      "geometry": {
        "type": "Point",
        "coordinates": [
          112.1629932,
          -8.1124252
        ]
      },
      "properties": {
        "id": "osm:way:308233883",
        "name": "Pusat Olah Raga",
        "category": "Fasilitas Olahraga",
        "osm_id": 308233883,
        "osm_type": "way",
        "metadata": {
          "leisure": "sports_centre",
          "name": "Pusat Olah Raga"
        }
      }
    },
    {
      "type": "Feature",
      "geometry": {
        "type": "Point",
        "coordinates": [
          112.1629568,
          -8.1127378
        ]
      },
      "properties": {
        "id": "osm:way:308233885",
        "name": "Kantin",
        "category": "Restoran",
        "osm_id": 308233885,
        "osm_type": "way",
        "metadata": {
          "amenity": "restaurant",
          "building": "yes",
          "name": "Kantin"
        }
      }
    },
    {
      "type": "Feature",
      "geometry": {
        "type": "Point",
        "coordinates": [
          112.1646053,
          -8.1128746
        ]
      },
      "properties": {
        "id": "osm:way:308235937",
        "name": "Fasilitas Parkir (Tanpa Nama)",
        "category": "Fasilitas Parkir",
        "osm_id": 308235937,
        "osm_type": "way",
        "metadata": {
          "amenity": "parking"
        }
      }
    },
    {
      "type": "Feature",
      "geometry": {
        "type": "Point",
        "coordinates": [
          112.1798439,
          -7.9660688
        ]
      },
      "properties": {
        "id": "osm:way:311494774",
        "name": "Taman Kota / Terbuka (Tanpa Nama)",
        "category": "Taman Kota / Terbuka",
        "osm_id": 311494774,
        "osm_type": "way",
        "metadata": {
          "leisure": "garden"
        }
      }
    },
    {
      "type": "Feature",
      "geometry": {
        "type": "Point",
        "coordinates": [
          112.1797524,
          -7.9661775
        ]
      },
      "properties": {
        "id": "osm:way:311494779",
        "name": "Taman Kota / Terbuka (Tanpa Nama)",
        "category": "Taman Kota / Terbuka",
        "osm_id": 311494779,
        "osm_type": "way",
        "metadata": {
          "leisure": "garden"
        }
      }
    },
    {
      "type": "Feature",
      "geometry": {
        "type": "Point",
        "coordinates": [
          112.1797204,
          -7.9662573
        ]
      },
      "properties": {
        "id": "osm:way:311494780",
        "name": "Taman Kota / Terbuka (Tanpa Nama)",
        "category": "Taman Kota / Terbuka",
        "osm_id": 311494780,
        "osm_type": "way",
        "metadata": {
          "leisure": "garden"
        }
      }
    },
    {
      "type": "Feature",
      "geometry": {
        "type": "Point",
        "coordinates": [
          112.1890877,
          -7.9824541
        ]
      },
      "properties": {
        "id": "osm:way:316967432",
        "name": "Lapangan Sumberasri",
        "category": "Fasilitas Olahraga",
        "osm_id": 316967432,
        "osm_type": "way",
        "metadata": {
          "leisure": "pitch",
          "name": "Lapangan Sumberasri",
          "sport": "soccer"
        }
      }
    },
    {
      "type": "Feature",
      "geometry": {
        "type": "Point",
        "coordinates": [
          112.1767601,
          -7.9403265
        ]
      },
      "properties": {
        "id": "osm:way:334766404",
        "name": "Masjid & Mushola (Tanpa Nama)",
        "category": "Masjid & Mushola",
        "osm_id": 334766404,
        "osm_type": "way",
        "metadata": {
          "amenity": "place_of_worship",
          "building": "mosque",
          "religion": "muslim"
        }
      }
    },
    {
      "type": "Feature",
      "geometry": {
        "type": "Point",
        "coordinates": [
          112.1913129,
          -7.9834176
        ]
      },
      "properties": {
        "id": "osm:way:335119904",
        "name": "Kolam Renang / Rekreasi Air (Tanpa Nama)",
        "category": "Kolam Renang / Rekreasi Air",
        "osm_id": 335119904,
        "osm_type": "way",
        "metadata": {
          "leisure": "swimming_pool"
        }
      }
    },
    {
      "type": "Feature",
      "geometry": {
        "type": "Point",
        "coordinates": [
          112.1212673,
          -8.0827729
        ]
      },
      "properties": {
        "id": "osm:way:355376240",
        "name": "SPBU 54.661.20 Bendo–Ponggok",
        "category": "SPBU / Stasiun Pengisian Bahan Bakar",
        "osm_id": 355376240,
        "osm_type": "way",
        "metadata": {
          "addr:city": "Kabupaten Blitar",
          "addr:postcode": "67122",
          "addr:street": "Jalan Raya Kediri - Blitar, Bendo, Sukorejo, Bendo, Kec. Ponggok, Kabupaten Blitar, Jawa Timur 67122",
          "amenity": "fuel",
          "brand": "Pertamina",
          "building": "yes",
          "fuel:biodiesel": "yes",
          "fuel:diesel": "yes",
          "fuel:octane_90": "yes",
          "fuel:octane_92": "yes",
          "name": "SPBU 54.661.20 Bendo–Ponggok",
          "self_service": "no"
        }
      }
    },
    {
      "type": "Feature",
      "geometry": {
        "type": "Point",
        "coordinates": [
          112.1365145,
          -8.0920023
        ]
      },
      "properties": {
        "id": "osm:way:359277244",
        "name": "Gaplek Santoso",
        "category": "Toko Retail (Umum)",
        "osm_id": 359277244,
        "osm_type": "way",
        "metadata": {
          "addr:housenumber": "14",
          "addr:street": "Jalan Dahlia",
          "brand": "Polygon",
          "building": "yes",
          "name": "Gaplek Santoso",
          "phone": "+62342803657",
          "service:bicycle:repair": "yes",
          "service:bicycle:retail": "yes",
          "shop": "bicycle"
        }
      }
    },
    {
      "type": "Feature",
      "geometry": {
        "type": "Point",
        "coordinates": [
          112.1568235,
          -8.1008366
        ]
      },
      "properties": {
        "id": "osm:way:359277245",
        "name": "Mawar",
        "category": "Toko Retail (Umum)",
        "osm_id": 359277245,
        "osm_type": "way",
        "metadata": {
          "addr:housenumber": "71",
          "addr:street": "Jalan Mawar",
          "brand": "Polygon",
          "building": "yes",
          "name": "Mawar",
          "phone": "+62342812932",
          "service:bicycle:repair": "yes",
          "service:bicycle:retail": "yes",
          "shop": "bicycle"
        }
      }
    },
    {
      "type": "Feature",
      "geometry": {
        "type": "Point",
        "coordinates": [
          112.1553152,
          -8.1144439
        ]
      },
      "properties": {
        "id": "osm:way:359277246",
        "name": "Phoenix",
        "category": "Toko Retail (Umum)",
        "osm_id": 359277246,
        "osm_type": "way",
        "metadata": {
          "addr:housenumber": "94",
          "addr:street": "Jalan Cemara",
          "brand": "Polygon",
          "building": "yes",
          "name": "Phoenix",
          "phone": "+62342804453",
          "service:bicycle:repair": "yes",
          "service:bicycle:retail": "yes",
          "shop": "bicycle"
        }
      }
    },
    {
      "type": "Feature",
      "geometry": {
        "type": "Point",
        "coordinates": [
          112.1796247,
          -8.0999881
        ]
      },
      "properties": {
        "id": "osm:way:367361071",
        "name": "wijaya coffe",
        "category": "Kafe & Kedai Kopi",
        "osm_id": 367361071,
        "osm_type": "way",
        "metadata": {
          "addr:city": "Blitar",
          "addr:housenumber": "-",
          "addr:postcode": "66131",
          "addr:street": "Jalan Jenderal Achmad Yani",
          "amenity": "cafe",
          "building": "yes",
          "cuisine": "regional",
          "internet_access": "yes",
          "name": "wijaya coffe"
        }
      }
    },
    {
      "type": "Feature",
      "geometry": {
        "type": "Point",
        "coordinates": [
          112.1769767,
          -8.0945251
        ]
      },
      "properties": {
        "id": "osm:way:367361731",
        "name": "Eks-Markas Tentara PETA Blitar",
        "category": "Lainnya",
        "osm_id": 367361731,
        "osm_type": "way",
        "metadata": {
          "building": "yes",
          "layer": "1",
          "museum": "history",
          "name": "Eks-Markas Tentara PETA Blitar",
          "tourism": "museum"
        }
      }
    },
    {
      "type": "Feature",
      "geometry": {
        "type": "Point",
        "coordinates": [
          112.171632,
          -8.0899619
        ]
      },
      "properties": {
        "id": "osm:way:367361801",
        "name": "Pusat Informasi Pariwisata dan Pelataran Parkir Makam Bung Karno",
        "category": "Fasilitas Parkir",
        "osm_id": 367361801,
        "osm_type": "way",
        "metadata": {
          "access": "yes",
          "amenity": "parking",
          "covered": "no",
          "fee": "yes",
          "name": "Pusat Informasi Pariwisata dan Pelataran Parkir Makam Bung Karno",
          "opening_hours": "24/7",
          "operator": "Pemerintah Kota Blitar",
          "operator:type": "government",
          "parking": "surface",
          "payment:cash": "yes",
          "supervised": "yes",
          "surface": "asphalt",
          "wheelchair": "limited"
        }
      }
    },
    {
      "type": "Feature",
      "geometry": {
        "type": "Point",
        "coordinates": [
          112.1828529,
          -8.1002964
        ]
      },
      "properties": {
        "id": "osm:way:367362151",
        "name": "Polsekta Sananwetan",
        "category": "Layanan Pemerintahan",
        "osm_id": 367362151,
        "osm_type": "way",
        "metadata": {
          "amenity": "police",
          "name": "Polsekta Sananwetan"
        }
      }
    },
    {
      "type": "Feature",
      "geometry": {
        "type": "Point",
        "coordinates": [
          112.1612406,
          -8.1133642
        ]
      },
      "properties": {
        "id": "osm:way:367366127",
        "name": "makam Karangsari",
        "category": "Pemakaman",
        "osm_id": 367366127,
        "osm_type": "way",
        "metadata": {
          "landuse": "cemetery",
          "name": "makam Karangsari"
        }
      }
    },
    {
      "type": "Feature",
      "geometry": {
        "type": "Point",
        "coordinates": [
          112.1524361,
          -8.1279567
        ]
      },
      "properties": {
        "id": "osm:way:367368085",
        "name": "Hotel Gita Puri",
        "category": "Hotel & Penginapan",
        "osm_id": 367368085,
        "osm_type": "way",
        "metadata": {
          "building": "yes",
          "name": "Hotel Gita Puri",
          "tourism": "hotel"
        }
      }
    },
    {
      "type": "Feature",
      "geometry": {
        "type": "Point",
        "coordinates": [
          112.1484411,
          -8.0912807
        ]
      },
      "properties": {
        "id": "osm:way:367805233",
        "name": "Lapangan Sukorejo",
        "category": "Fasilitas Olahraga",
        "osm_id": 367805233,
        "osm_type": "way",
        "metadata": {
          "building": "yes",
          "leisure": "sports_centre",
          "name": "Lapangan Sukorejo"
        }
      }
    },
    {
      "type": "Feature",
      "geometry": {
        "type": "Point",
        "coordinates": [
          112.1012349,
          -8.0442527
        ]
      },
      "properties": {
        "id": "osm:way:380707216",
        "name": "Musholla",
        "category": "Masjid & Mushola",
        "osm_id": 380707216,
        "osm_type": "way",
        "metadata": {
          "amenity": "place_of_worship",
          "building": "yes",
          "name": "Musholla",
          "religion": "muslim"
        }
      }
    },
    {
      "type": "Feature",
      "geometry": {
        "type": "Point",
        "coordinates": [
          112.0175956,
          -8.1266759
        ]
      },
      "properties": {
        "id": "osm:way:380709214",
        "name": "Galipat-Mbahman-Kalangan",
        "category": "Masjid & Mushola",
        "osm_id": 380709214,
        "osm_type": "way",
        "metadata": {
          "addr:city": "Tulungagung",
          "amenity": "place_of_worship",
          "building": "yes",
          "name": "Galipat-Mbahman-Kalangan",
          "religion": "muslim"
        }
      }
    },
    {
      "type": "Feature",
      "geometry": {
        "type": "Point",
        "coordinates": [
          112.1649677,
          -8.1014671
        ]
      },
      "properties": {
        "id": "osm:way:430187898",
        "name": "Musholla Al Fattaah",
        "category": "Masjid & Mushola",
        "osm_id": 430187898,
        "osm_type": "way",
        "metadata": {
          "addr:city": "Blitar",
          "addr:housenumber": "59",
          "addr:postcode": "66111",
          "addr:street": "Jalan Mastrip",
          "amenity": "place_of_worship",
          "building": "musalla",
          "denomination": "sunni",
          "description": "Musholla Al Fattaah is a little mosque inside STIEKEN Blitar area.",
          "name": "Musholla Al Fattaah",
          "place_of_worship": "musalla",
          "religion": "muslim"
        }
      }
    },
    {
      "type": "Feature",
      "geometry": {
        "type": "Point",
        "coordinates": [
          112.1645751,
          -8.1008832
        ]
      },
      "properties": {
        "id": "osm:way:430789175",
        "name": "Tempat Parkir Kampus",
        "category": "Perguruan Tinggi",
        "osm_id": 430789175,
        "osm_type": "way",
        "metadata": {
          "amenity": "parking",
          "capacity": "50",
          "name": "Tempat Parkir Kampus"
        }
      }
    },
    {
      "type": "Feature",
      "geometry": {
        "type": "Point",
        "coordinates": [
          112.1648258,
          -8.1009966
        ]
      },
      "properties": {
        "id": "osm:way:430789177",
        "name": "STIE Kesuma Negara",
        "category": "Perguruan Tinggi",
        "osm_id": 430789177,
        "osm_type": "way",
        "metadata": {
          "addr:city": "Blitar",
          "addr:housenumber": "59",
          "addr:postcode": "66111",
          "addr:street": "Jalan Mastrip",
          "amenity": "university",
          "name": "STIE Kesuma Negara",
          "operator": "STIEKEN Blitar"
        }
      }
    },
    {
      "type": "Feature",
      "geometry": {
        "type": "Point",
        "coordinates": [
          112.00289,
          -8.0274437
        ]
      },
      "properties": {
        "id": "osm:way:452466073",
        "name": "Masjid & Mushola (Tanpa Nama)",
        "category": "Masjid & Mushola",
        "osm_id": 452466073,
        "osm_type": "way",
        "metadata": {
          "amenity": "place_of_worship",
          "building": "yes",
          "religion": "muslim"
        }
      }
    },
    {
      "type": "Feature",
      "geometry": {
        "type": "Point",
        "coordinates": [
          112.0044403,
          -8.0127987
        ]
      },
      "properties": {
        "id": "osm:way:452466074",
        "name": "Masjid & Mushola (Tanpa Nama)",
        "category": "Masjid & Mushola",
        "osm_id": 452466074,
        "osm_type": "way",
        "metadata": {
          "amenity": "place_of_worship",
          "building": "yes",
          "religion": "muslim"
        }
      }
    },
    {
      "type": "Feature",
      "geometry": {
        "type": "Point",
        "coordinates": [
          112.0197077,
          -8.0517511
        ]
      },
      "properties": {
        "id": "osm:way:454284744",
        "name": "Kuburan",
        "category": "Pemakaman",
        "osm_id": 454284744,
        "osm_type": "way",
        "metadata": {
          "amenity": "grave_yard",
          "name": "Kuburan"
        }
      }
    },
    {
      "type": "Feature",
      "geometry": {
        "type": "Point",
        "coordinates": [
          112.0178004,
          -8.0517625
        ]
      },
      "properties": {
        "id": "osm:way:454284745",
        "name": "Sekolah (Umum) (Tanpa Nama)",
        "category": "Sekolah (Umum)",
        "osm_id": 454284745,
        "osm_type": "way",
        "metadata": {
          "amenity": "school"
        }
      }
    },
    {
      "type": "Feature",
      "geometry": {
        "type": "Point",
        "coordinates": [
          112.0073423,
          -8.050191
        ]
      },
      "properties": {
        "id": "osm:way:454284747",
        "name": "Stadion",
        "category": "Fasilitas Olahraga",
        "osm_id": 454284747,
        "osm_type": "way",
        "metadata": {
          "leisure": "stadium",
          "name": "Stadion"
        }
      }
    },
    {
      "type": "Feature",
      "geometry": {
        "type": "Point",
        "coordinates": [
          112.164161,
          -8.098159
        ]
      },
      "properties": {
        "id": "osm:way:504638421",
        "name": "Masjid Agung Kota Blitar",
        "category": "Masjid & Mushola",
        "osm_id": 504638421,
        "osm_type": "way",
        "metadata": {
          "amenity": "place_of_worship",
          "building": "yes",
          "name": "Masjid Agung Kota Blitar",
          "opening_hours": "24/7",
          "religion": "muslim",
          "wheelchair": "limited"
        }
      }
    },
    {
      "type": "Feature",
      "geometry": {
        "type": "Point",
        "coordinates": [
          111.9600563,
          -8.113911
        ]
      },
      "properties": {
        "id": "osm:way:586150286",
        "name": "sandy",
        "category": "Taman Kota / Terbuka",
        "osm_id": 586150286,
        "osm_type": "way",
        "metadata": {
          "leisure": "park",
          "name": "sandy"
        }
      }
    },
    {
      "type": "Feature",
      "geometry": {
        "type": "Point",
        "coordinates": [
          112.1667909,
          -8.0987159
        ]
      },
      "properties": {
        "id": "osm:way:630137506",
        "name": "Blitar Square",
        "category": "Toko Retail (Umum)",
        "osm_id": 630137506,
        "osm_type": "way",
        "metadata": {
          "addr:city": "Blitar",
          "addr:full": "Jl. Merdeka No.30, Kepanjen Lor, Kec. Kepanjenkidul, Kota Blitar, Jawa Timur 66117",
          "addr:province": "Jawa Timur",
          "addr:street": "Jl.Merdeka",
          "addr:subdistrict": "Kepanjenkidul",
          "addr:village": "Kepanjenlor",
          "air_conditioning": "yes",
          "building": "yes",
          "building:condition": "good",
          "building:floor": "ceramics",
          "building:roof": "metal",
          "building:structure": "reinforced_masonry",
          "building:use": "commercial",
          "building:walls": "brick",
          "name": "Blitar Square",
          "opening_hours": "08:00-22:00",
          "shop": "department_store",
          "toilets": "yes"
        }
      }
    },
    {
      "type": "Feature",
      "geometry": {
        "type": "Point",
        "coordinates": [
          112.1632638,
          -8.153964
        ]
      },
      "properties": {
        "id": "osm:way:637415720",
        "name": "Taman Kota / Terbuka (Tanpa Nama)",
        "category": "Taman Kota / Terbuka",
        "osm_id": 637415720,
        "osm_type": "way",
        "metadata": {
          "building": "yes",
          "leisure": "park"
        }
      }
    },
    {
      "type": "Feature",
      "geometry": {
        "type": "Point",
        "coordinates": [
          112.1628701,
          -8.1571057
        ]
      },
      "properties": {
        "id": "osm:way:637415777",
        "name": "Fasilitas Olahraga (Tanpa Nama)",
        "category": "Fasilitas Olahraga",
        "osm_id": 637415777,
        "osm_type": "way",
        "metadata": {
          "building": "yes",
          "leisure": "pitch",
          "sport": "multi"
        }
      }
    },
    {
      "type": "Feature",
      "geometry": {
        "type": "Point",
        "coordinates": [
          112.163551,
          -8.1551184
        ]
      },
      "properties": {
        "id": "osm:way:637427751",
        "name": "Masjid & Mushola (Tanpa Nama)",
        "category": "Masjid & Mushola",
        "osm_id": 637427751,
        "osm_type": "way",
        "metadata": {
          "amenity": "place_of_worship",
          "building": "yes",
          "religion": "muslim"
        }
      }
    },
    {
      "type": "Feature",
      "geometry": {
        "type": "Point",
        "coordinates": [
          112.166424,
          -8.1092022
        ]
      },
      "properties": {
        "id": "osm:way:655520320",
        "name": "Masjid & Mushola (Tanpa Nama)",
        "category": "Masjid & Mushola",
        "osm_id": 655520320,
        "osm_type": "way",
        "metadata": {
          "amenity": "place_of_worship",
          "building": "yes",
          "religion": "muslim"
        }
      }
    },
    {
      "type": "Feature",
      "geometry": {
        "type": "Point",
        "coordinates": [
          112.1932012,
          -8.1817809
        ]
      },
      "properties": {
        "id": "osm:way:720132670",
        "name": "KANTOR DESA PANDANARUM",
        "category": "Layanan Pemerintahan",
        "osm_id": 720132670,
        "osm_type": "way",
        "metadata": {
          "admin_level": "7",
          "building": "yes",
          "name": "KANTOR DESA PANDANARUM",
          "office": "government"
        }
      }
    },
    {
      "type": "Feature",
      "geometry": {
        "type": "Point",
        "coordinates": [
          112.1855584,
          -8.0898652
        ]
      },
      "properties": {
        "id": "osm:way:723904035",
        "name": "SPBU Pertamina 54.661.06 Gedog",
        "category": "SPBU / Stasiun Pengisian Bahan Bakar",
        "osm_id": 723904035,
        "osm_type": "way",
        "metadata": {
          "addr:city": "Blitar",
          "addr:street": "Jalan Letjend. S. Parman",
          "amenity": "fuel",
          "brand": "Pertamina",
          "brand:wikidata": "Q1641044",
          "brand:wikipedia": "en:Pertamina",
          "fuel:octane_90": "yes",
          "fuel:octane_92": "yes",
          "fuel:octane_95": "yes",
          "name": "SPBU Pertamina 54.661.06 Gedog",
          "payment:cash": "yes",
          "self_service": "no",
          "wheelchair": "limited"
        }
      }
    },
    {
      "type": "Feature",
      "geometry": {
        "type": "Point",
        "coordinates": [
          112.1754931,
          -8.0947332
        ]
      },
      "properties": {
        "id": "osm:way:723904036",
        "name": "SPBU 54.661.04 Kebonrojo",
        "category": "SPBU / Stasiun Pengisian Bahan Bakar",
        "osm_id": 723904036,
        "osm_type": "way",
        "metadata": {
          "addr:city": "Blitar",
          "amenity": "fuel",
          "brand": "Pertamina",
          "brand:wikidata": "Q1641044",
          "brand:wikipedia": "en:Pertamina",
          "fuel:diesel": "yes",
          "fuel:lpg": "yes",
          "fuel:octane_90": "yes",
          "fuel:octane_92": "yes",
          "fuel:octane_95": "yes",
          "name": "SPBU 54.661.04 Kebonrojo",
          "opening_hours": "24/7",
          "payment:cash": "yes",
          "self_service": "no"
        }
      }
    },
    {
      "type": "Feature",
      "geometry": {
        "type": "Point",
        "coordinates": [
          112.1755868,
          -8.0945819
        ]
      },
      "properties": {
        "id": "osm:way:723904037",
        "name": "Taman Kota / Terbuka (Tanpa Nama)",
        "category": "Taman Kota / Terbuka",
        "osm_id": 723904037,
        "osm_type": "way",
        "metadata": {
          "leisure": "park"
        }
      }
    },
    {
      "type": "Feature",
      "geometry": {
        "type": "Point",
        "coordinates": [
          112.1731813,
          -8.1037938
        ]
      },
      "properties": {
        "id": "osm:way:754354055",
        "name": "Kampung Tualang",
        "category": "Taman Kota / Terbuka",
        "osm_id": 754354055,
        "osm_type": "way",
        "metadata": {
          "addr:city": "Blitar",
          "addr:postcode": "66137",
          "addr:street": "Jalan P Ambalat",
          "leisure": "park",
          "name": "Kampung Tualang"
        }
      }
    },
    {
      "type": "Feature",
      "geometry": {
        "type": "Point",
        "coordinates": [
          111.9523476,
          -8.1332779
        ]
      },
      "properties": {
        "id": "osm:way:793468426",
        "name": "pancasila park",
        "category": "Taman Kota / Terbuka",
        "osm_id": 793468426,
        "osm_type": "way",
        "metadata": {
          "leisure": "park",
          "name": "pancasila park"
        }
      }
    },
    {
      "type": "Feature",
      "geometry": {
        "type": "Point",
        "coordinates": [
          112.1684872,
          -8.1008462
        ]
      },
      "properties": {
        "id": "osm:way:794234599",
        "name": "Apotek Jaya Sehat",
        "category": "Apotek",
        "osm_id": 794234599,
        "osm_type": "way",
        "metadata": {
          "addr:full": "Jalan Veteran No. 20, Blitar, Jawa Timur",
          "amenity": "pharmacy",
          "building": "pharmacy",
          "healthcare": "pharmacy",
          "name": "Apotek Jaya Sehat"
        }
      }
    },
    {
      "type": "Feature",
      "geometry": {
        "type": "Point",
        "coordinates": [
          112.1687989,
          -8.1003652
        ]
      },
      "properties": {
        "id": "osm:way:794234600",
        "name": "Apotik Punden Sehat",
        "category": "Apotek",
        "osm_id": 794234600,
        "osm_type": "way",
        "metadata": {
          "addr:full": "Jalan Irian No. 7, Blitar, Jawa Timur",
          "amenity": "pharmacy",
          "building": "pharmacy",
          "healthcare": "pharmacy",
          "name": "Apotik Punden Sehat"
        }
      }
    },
    {
      "type": "Feature",
      "geometry": {
        "type": "Point",
        "coordinates": [
          112.1683819,
          -8.0990989
        ]
      },
      "properties": {
        "id": "osm:way:794234601",
        "name": "Apotek dr. Ismangil",
        "category": "Apotek",
        "osm_id": 794234601,
        "osm_type": "way",
        "metadata": {
          "amenity": "pharmacy",
          "building": "pharmacy",
          "healthcare": "pharmacy",
          "name": "Apotek dr. Ismangil"
        }
      }
    },
    {
      "type": "Feature",
      "geometry": {
        "type": "Point",
        "coordinates": [
          112.1673244,
          -8.1006071
        ]
      },
      "properties": {
        "id": "osm:way:794234602",
        "name": "Apotek Blitar",
        "category": "Apotek",
        "osm_id": 794234602,
        "osm_type": "way",
        "metadata": {
          "addr:full": "Jalan Seruni No. 43, Blitar, Jawa Timur",
          "amenity": "pharmacy",
          "building": "pharmacy",
          "healthcare": "pharmacy",
          "name": "Apotek Blitar"
        }
      }
    },
    {
      "type": "Feature",
      "geometry": {
        "type": "Point",
        "coordinates": [
          112.1672339,
          -8.099751
        ]
      },
      "properties": {
        "id": "osm:way:794234603",
        "name": "Apotek Sumber Waras",
        "category": "Apotek",
        "osm_id": 794234603,
        "osm_type": "way",
        "metadata": {
          "addr:full": "Jalan Seruni No. 14, Blitar, Jawa Timur",
          "amenity": "pharmacy",
          "building": "pharmacy",
          "healthcare": "pharmacy",
          "name": "Apotek Sumber Waras"
        }
      }
    },
    {
      "type": "Feature",
      "geometry": {
        "type": "Point",
        "coordinates": [
          112.1671769,
          -8.1001646
        ]
      },
      "properties": {
        "id": "osm:way:794234604",
        "name": "Apotek Patria Farma",
        "category": "Apotek",
        "osm_id": 794234604,
        "osm_type": "way",
        "metadata": {
          "addr:full": "Jalan Seruni No. 20, Blitar, Jawa Timur",
          "amenity": "pharmacy",
          "building": "pharmacy",
          "healthcare": "pharmacy",
          "name": "Apotek Patria Farma"
        }
      }
    },
    {
      "type": "Feature",
      "geometry": {
        "type": "Point",
        "coordinates": [
          112.1560784,
          -8.1019891
        ]
      },
      "properties": {
        "id": "osm:way:794234605",
        "name": "Apotek Griya Sehat",
        "category": "Apotek",
        "osm_id": 794234605,
        "osm_type": "way",
        "metadata": {
          "amenity": "pharmacy",
          "building": "pharmacy",
          "healthcare": "pharmacy",
          "name": "Apotek Griya Sehat"
        }
      }
    },
    {
      "type": "Feature",
      "geometry": {
        "type": "Point",
        "coordinates": [
          112.1563517,
          -8.1015634
        ]
      },
      "properties": {
        "id": "osm:way:794234606",
        "name": "Kimia Farma",
        "category": "Apotek",
        "osm_id": 794234606,
        "osm_type": "way",
        "metadata": {
          "amenity": "pharmacy",
          "brand": "Kimia Farma",
          "brand:wikidata": "Q11264892",
          "building": "pharmacy",
          "healthcare": "pharmacy",
          "name": "Kimia Farma"
        }
      }
    },
    {
      "type": "Feature",
      "geometry": {
        "type": "Point",
        "coordinates": [
          112.179311,
          -8.1089239
        ]
      },
      "properties": {
        "id": "osm:way:794292653",
        "name": "Apotek Ben Waras",
        "category": "Apotek",
        "osm_id": 794292653,
        "osm_type": "way",
        "metadata": {
          "amenity": "pharmacy",
          "building": "pharmacy",
          "healthcare": "pharmacy",
          "name": "Apotek Ben Waras"
        }
      }
    },
    {
      "type": "Feature",
      "geometry": {
        "type": "Point",
        "coordinates": [
          111.9759543,
          -8.1341345
        ]
      },
      "properties": {
        "id": "osm:way:846734055",
        "name": "Candi Mirigambar",
        "category": "Lainnya",
        "osm_id": 846734055,
        "osm_type": "way",
        "metadata": {
          "historic": "archaeological_site",
          "name": "Candi Mirigambar"
        }
      }
    },
    {
      "type": "Feature",
      "geometry": {
        "type": "Point",
        "coordinates": [
          111.9456708,
          -8.1180775
        ]
      },
      "properties": {
        "id": "osm:way:854485982",
        "name": "SMPN 2 Sumbergempol",
        "category": "Sekolah Menengah Pertama (SMP/MTs)",
        "osm_id": 854485982,
        "osm_type": "way",
        "metadata": {
          "addr:city": "Tulungagung",
          "addr:postcode": "66291",
          "addr:street": "Jl. Raya Pasir",
          "amenity": "school",
          "grades": "7-9",
          "name": "SMPN 2 Sumbergempol"
        }
      }
    },
    {
      "type": "Feature",
      "geometry": {
        "type": "Point",
        "coordinates": [
          112.0696784,
          -8.0597701
        ]
      },
      "properties": {
        "id": "osm:way:874643391",
        "name": "SMPN 1 Srengat",
        "category": "Sekolah Menengah Pertama (SMP/MTs)",
        "osm_id": 874643391,
        "osm_type": "way",
        "metadata": {
          "amenity": "school",
          "name": "SMPN 1 Srengat"
        }
      }
    },
    {
      "type": "Feature",
      "geometry": {
        "type": "Point",
        "coordinates": [
          112.173877,
          -8.0969976
        ]
      },
      "properties": {
        "id": "osm:way:954031896",
        "name": "Fasilitas Olahraga (Tanpa Nama)",
        "category": "Fasilitas Olahraga",
        "osm_id": 954031896,
        "osm_type": "way",
        "metadata": {
          "leisure": "pitch",
          "sport": "tennis"
        }
      }
    },
    {
      "type": "Feature",
      "geometry": {
        "type": "Point",
        "coordinates": [
          112.1704047,
          -8.0948532
        ]
      },
      "properties": {
        "id": "osm:way:957724512",
        "name": "Pasar Pon",
        "category": "Pasar Tradisional",
        "osm_id": 957724512,
        "osm_type": "way",
        "metadata": {
          "amenity": "marketplace",
          "building": "yes",
          "building:floor": "ceramics",
          "building:roof": "metal",
          "building:use": "public",
          "name": "Pasar Pon",
          "shop": "greengrocer"
        }
      }
    },
    {
      "type": "Feature",
      "geometry": {
        "type": "Point",
        "coordinates": [
          112.183431,
          -8.0986718
        ]
      },
      "properties": {
        "id": "osm:way:985450081",
        "name": "Unisba",
        "category": "Perguruan Tinggi",
        "osm_id": 985450081,
        "osm_type": "way",
        "metadata": {
          "amenity": "college",
          "name": "Unisba"
        }
      }
    },
    {
      "type": "Feature",
      "geometry": {
        "type": "Point",
        "coordinates": [
          112.1560204,
          -8.112524
        ]
      },
      "properties": {
        "id": "osm:way:1017759321",
        "name": "SPBU Pertamina 54.661.07",
        "category": "SPBU / Stasiun Pengisian Bahan Bakar",
        "osm_id": 1017759321,
        "osm_type": "way",
        "metadata": {
          "addr:city": "Kota Blitar",
          "addr:postcode": "67125",
          "addr:street": "Jl. Cemara No.221, Karangsari, Kec. Sukorejo, Kota Blitar, Jawa Timur 67125",
          "amenity": "fuel",
          "brand": "Pertamina",
          "building": "yes",
          "fuel:biodiesel": "yes",
          "fuel:diesel": "yes",
          "fuel:octane_90": "yes",
          "fuel:octane_92": "yes",
          "name": "SPBU Pertamina 54.661.07",
          "self_service": "no"
        }
      }
    },
    {
      "type": "Feature",
      "geometry": {
        "type": "Point",
        "coordinates": [
          112.1632705,
          -8.1161035
        ]
      },
      "properties": {
        "id": "osm:way:1018439742",
        "name": "Smart.Com",
        "category": "Toko Elektronik",
        "osm_id": 1018439742,
        "osm_type": "way",
        "metadata": {
          "name": "Smart.Com",
          "shop": "electronics"
        }
      }
    },
    {
      "type": "Feature",
      "geometry": {
        "type": "Point",
        "coordinates": [
          112.1600565,
          -8.1015592
        ]
      },
      "properties": {
        "id": "osm:way:1018934538",
        "name": "Pasar Templek",
        "category": "Pasar Tradisional",
        "osm_id": 1018934538,
        "osm_type": "way",
        "metadata": {
          "amenity": "marketplace",
          "building": "yes",
          "name": "Pasar Templek",
          "shop": "greengrocer"
        }
      }
    },
    {
      "type": "Feature",
      "geometry": {
        "type": "Point",
        "coordinates": [
          112.1631967,
          -8.1149176
        ]
      },
      "properties": {
        "id": "osm:way:1018988163",
        "name": "RSI Aminah Blitar",
        "category": "Rumah Sakit",
        "osm_id": 1018988163,
        "osm_type": "way",
        "metadata": {
          "amenity": "hospital",
          "healthcare": "hospital",
          "name": "RSI Aminah Blitar"
        }
      }
    },
    {
      "type": "Feature",
      "geometry": {
        "type": "Point",
        "coordinates": [
          112.1743953,
          -8.1009501
        ]
      },
      "properties": {
        "id": "osm:way:1020166395",
        "name": "Kopi Rakjat 1961",
        "category": "Kafe & Kedai Kopi",
        "osm_id": 1020166395,
        "osm_type": "way",
        "metadata": {
          "addr:city": "Blitar",
          "addr:housename": "Kopi Rakjat 1961",
          "addr:housenumber": "11",
          "addr:postcode": "66137",
          "addr:province": "Jawa Timur",
          "addr:street": "Jalan Sumatra",
          "addr:subdistrict": "Sanan Wetan",
          "amenity": "cafe",
          "building": "yes",
          "building:levels": "1",
          "height": "3",
          "internet_access": "yes",
          "internet_access:fee": "no",
          "name": "Kopi Rakjat 1961",
          "opening_hours": "09:00-22:00"
        }
      }
    },
    {
      "type": "Feature",
      "geometry": {
        "type": "Point",
        "coordinates": [
          112.1568288,
          -8.1183468
        ]
      },
      "properties": {
        "id": "osm:way:1020177518",
        "name": "PT Putra Jaya Patria Transport",
        "category": "Perkantoran Komersial",
        "osm_id": 1020177518,
        "osm_type": "way",
        "metadata": {
          "amenity": "car_rental",
          "name": "PT Putra Jaya Patria Transport"
        }
      }
    },
    {
      "type": "Feature",
      "geometry": {
        "type": "Point",
        "coordinates": [
          112.1605,
          -8.1524736
        ]
      },
      "properties": {
        "id": "osm:way:1020213648",
        "name": "SPBU 55.661.44 Plosorejo",
        "category": "SPBU / Stasiun Pengisian Bahan Bakar",
        "osm_id": 1020213648,
        "osm_type": "way",
        "metadata": {
          "addr:country": "ID",
          "addr:district": "Blitar",
          "addr:full": "Jl. Banteng Blorok, Plosorejo, Kec. Kademangan, Kabupaten Blitar, Jawa Timur 66161",
          "addr:postcode": "66161",
          "addr:province": "Jawa Timur",
          "addr:street": "Jl. Banteng Blorok",
          "addr:subdistrict": "Kademangan",
          "addr:village": "Plosorejo",
          "amenity": "fuel",
          "brand": "Pertamina",
          "brand:wikidata": "Q1641044",
          "brand:wikipedia": "en:Pertamina",
          "building": "yes",
          "fuel:octane_91": "yes",
          "fuel:octane_92": "yes",
          "name": "SPBU 55.661.44 Plosorejo"
        }
      }
    },
    {
      "type": "Feature",
      "geometry": {
        "type": "Point",
        "coordinates": [
          112.0707214,
          -8.0628709
        ]
      },
      "properties": {
        "id": "osm:way:1061615397",
        "name": "Kantor Imigrasi Srengat",
        "category": "Layanan Pemerintahan",
        "osm_id": 1061615397,
        "osm_type": "way",
        "metadata": {
          "building": "public",
          "government": "migration",
          "name": "Kantor Imigrasi Srengat",
          "office": "government"
        }
      }
    },
    {
      "type": "Feature",
      "geometry": {
        "type": "Point",
        "coordinates": [
          112.0704916,
          -8.0628263
        ]
      },
      "properties": {
        "id": "osm:way:1061615399",
        "name": "Kantor Imigrasi Srengat",
        "category": "Layanan Pemerintahan",
        "osm_id": 1061615399,
        "osm_type": "way",
        "metadata": {
          "building": "public",
          "government": "migration",
          "name": "Kantor Imigrasi Srengat",
          "office": "government"
        }
      }
    },
    {
      "type": "Feature",
      "geometry": {
        "type": "Point",
        "coordinates": [
          112.0700093,
          -8.0642187
        ]
      },
      "properties": {
        "id": "osm:way:1061930291",
        "name": "Masjid Jami Srengat",
        "category": "Masjid & Mushola",
        "osm_id": 1061930291,
        "osm_type": "way",
        "metadata": {
          "amenity": "place_of_worship",
          "building": "mosque",
          "name": "Masjid Jami Srengat",
          "religion": "muslim",
          "source": "microsoft/BuildingFootprints"
        }
      }
    },
    {
      "type": "Feature",
      "geometry": {
        "type": "Point",
        "coordinates": [
          111.996645,
          -8.1382129
        ]
      },
      "properties": {
        "id": "osm:way:1063096592",
        "name": "SPBU Pertamina 54.662.29",
        "category": "SPBU / Stasiun Pengisian Bahan Bakar",
        "osm_id": 1063096592,
        "osm_type": "way",
        "metadata": {
          "amenity": "fuel",
          "brand": "Pertamina",
          "building": "yes",
          "fuel:biodiesel": "yes",
          "fuel:diesel": "yes",
          "fuel:lpg": "yes",
          "fuel:octane_90": "yes",
          "fuel:octane_92": "yes",
          "fuel:octane_98": "yes",
          "name": "SPBU Pertamina 54.662.29",
          "self_service": "no"
        }
      }
    },
    {
      "type": "Feature",
      "geometry": {
        "type": "Point",
        "coordinates": [
          112.0803277,
          -8.0648506
        ]
      },
      "properties": {
        "id": "osm:way:1065399072",
        "name": "RSUD Srengat Kabupaten Blitar",
        "category": "Rumah Sakit",
        "osm_id": 1065399072,
        "osm_type": "way",
        "metadata": {
          "amenity": "hospital",
          "emergency": "yes",
          "healthcare": "hospital",
          "name": "RSUD Srengat Kabupaten Blitar"
        }
      }
    },
    {
      "type": "Feature",
      "geometry": {
        "type": "Point",
        "coordinates": [
          112.077748,
          -8.0681953
        ]
      },
      "properties": {
        "id": "osm:way:1066035909",
        "name": "Masjid & Mushola (Tanpa Nama)",
        "category": "Masjid & Mushola",
        "osm_id": 1066035909,
        "osm_type": "way",
        "metadata": {
          "amenity": "place_of_worship",
          "building": "mosque",
          "religion": "muslim"
        }
      }
    },
    {
      "type": "Feature",
      "geometry": {
        "type": "Point",
        "coordinates": [
          112.1873688,
          -8.0744107
        ]
      },
      "properties": {
        "id": "osm:way:1068127443",
        "name": "Lapangan Sentul",
        "category": "Fasilitas Olahraga",
        "osm_id": 1068127443,
        "osm_type": "way",
        "metadata": {
          "access": "yes",
          "covered": "no",
          "fee": "no",
          "indoor": "no",
          "leisure": "pitch",
          "lit": "no",
          "name": "Lapangan Sentul",
          "sport": "soccer",
          "surface": "grass"
        }
      }
    },
    {
      "type": "Feature",
      "geometry": {
        "type": "Point",
        "coordinates": [
          111.9956725,
          -8.095629
        ]
      },
      "properties": {
        "id": "osm:way:1100864838",
        "name": "Lapangan Pulosari",
        "category": "Fasilitas Olahraga",
        "osm_id": 1100864838,
        "osm_type": "way",
        "metadata": {
          "leisure": "pitch",
          "name": "Lapangan Pulosari",
          "sport": "soccer"
        }
      }
    },
    {
      "type": "Feature",
      "geometry": {
        "type": "Point",
        "coordinates": [
          112.1449936,
          -8.1430661
        ]
      },
      "properties": {
        "id": "osm:way:1101624868",
        "name": "Polsek Lodoyo Barat",
        "category": "Layanan Pemerintahan",
        "osm_id": 1101624868,
        "osm_type": "way",
        "metadata": {
          "addr:district": "Blitar",
          "addr:full": "Jl.Trisula Kademangan",
          "addr:postcode": "66161",
          "addr:province": "Jawa Timur",
          "addr:street": "Jl.Trisula",
          "addr:subdistrict": "Kademangan",
          "addr:village": "Kademangan",
          "amenity": "police",
          "building": "yes",
          "building:floor": "ceramics",
          "building:roof": "tile",
          "building:use": "accommodation",
          "building:walls": "brick",
          "government": "public_service",
          "name": "Polsek Lodoyo Barat",
          "office": "government",
          "opening_hours": "24/7"
        }
      }
    },
    {
      "type": "Feature",
      "geometry": {
        "type": "Point",
        "coordinates": [
          111.9699758,
          -8.1785994
        ]
      },
      "properties": {
        "id": "osm:way:1101894726",
        "name": "Makam Desa Karangtalun",
        "category": "Pemakaman",
        "osm_id": 1101894726,
        "osm_type": "way",
        "metadata": {
          "landuse": "cemetery",
          "name": "Makam Desa Karangtalun"
        }
      }
    },
    {
      "type": "Feature",
      "geometry": {
        "type": "Point",
        "coordinates": [
          111.9691732,
          -8.1787601
        ]
      },
      "properties": {
        "id": "osm:way:1101895130",
        "name": "Pasar Karangtalun",
        "category": "Pasar Tradisional",
        "osm_id": 1101895130,
        "osm_type": "way",
        "metadata": {
          "amenity": "marketplace",
          "name": "Pasar Karangtalun"
        }
      }
    },
    {
      "type": "Feature",
      "geometry": {
        "type": "Point",
        "coordinates": [
          112.0151329,
          -8.1352025
        ]
      },
      "properties": {
        "id": "osm:way:1101931642",
        "name": "Pasar Panjerejo",
        "category": "Pasar Tradisional",
        "osm_id": 1101931642,
        "osm_type": "way",
        "metadata": {
          "amenity": "marketplace",
          "name": "Pasar Panjerejo"
        }
      }
    },
    {
      "type": "Feature",
      "geometry": {
        "type": "Point",
        "coordinates": [
          111.9686732,
          -8.175101
        ]
      },
      "properties": {
        "id": "osm:way:1101932568",
        "name": "SPBU Pertamina 54.662.27",
        "category": "SPBU / Stasiun Pengisian Bahan Bakar",
        "osm_id": 1101932568,
        "osm_type": "way",
        "metadata": {
          "addr:city": "Kabupaten Tulungagung",
          "addr:postcode": "66281",
          "addr:street": "Jl. Raya Jabon, Karangsono, Karangtalun, Kec. Kalidawir, Kabupaten Tulungagung, Jawa Timur 66281",
          "amenity": "fuel",
          "brand": "Pertamina",
          "fuel:biodiesel": "yes",
          "fuel:diesel": "yes",
          "fuel:octane_90": "yes",
          "fuel:octane_92": "yes",
          "name": "SPBU Pertamina 54.662.27",
          "self_service": "no"
        }
      }
    },
    {
      "type": "Feature",
      "geometry": {
        "type": "Point",
        "coordinates": [
          111.9720499,
          -8.1801796
        ]
      },
      "properties": {
        "id": "osm:way:1101932805",
        "name": "Fasilitas Olahraga (Tanpa Nama)",
        "category": "Fasilitas Olahraga",
        "osm_id": 1101932805,
        "osm_type": "way",
        "metadata": {
          "leisure": "pitch",
          "sport": "tennis"
        }
      }
    },
    {
      "type": "Feature",
      "geometry": {
        "type": "Point",
        "coordinates": [
          111.9838925,
          -8.1809244
        ]
      },
      "properties": {
        "id": "osm:way:1102256884",
        "name": "SMP Negeri 1 Kalidawir",
        "category": "Sekolah Menengah Pertama (SMP/MTs)",
        "osm_id": 1102256884,
        "osm_type": "way",
        "metadata": {
          "amenity": "school",
          "name": "SMP Negeri 1 Kalidawir"
        }
      }
    },
    {
      "type": "Feature",
      "geometry": {
        "type": "Point",
        "coordinates": [
          111.9829514,
          -8.1807828
        ]
      },
      "properties": {
        "id": "osm:way:1102256918",
        "name": "Lapangan Kalidawir",
        "category": "Fasilitas Olahraga",
        "osm_id": 1102256918,
        "osm_type": "way",
        "metadata": {
          "leisure": "pitch",
          "name": "Lapangan Kalidawir",
          "surface": "grass"
        }
      }
    },
    {
      "type": "Feature",
      "geometry": {
        "type": "Point",
        "coordinates": [
          111.9830222,
          -8.1814913
        ]
      },
      "properties": {
        "id": "osm:way:1102257092",
        "name": "SD Negeri 3 Kalidawir",
        "category": "Sekolah Dasar (SD/MI)",
        "osm_id": 1102257092,
        "osm_type": "way",
        "metadata": {
          "amenity": "school",
          "name": "SD Negeri 3 Kalidawir"
        }
      }
    },
    {
      "type": "Feature",
      "geometry": {
        "type": "Point",
        "coordinates": [
          111.9702322,
          -8.1770284
        ]
      },
      "properties": {
        "id": "osm:way:1102347474",
        "name": "Lapangan Karangtalun",
        "category": "Fasilitas Olahraga",
        "osm_id": 1102347474,
        "osm_type": "way",
        "metadata": {
          "leisure": "pitch",
          "name": "Lapangan Karangtalun"
        }
      }
    },
    {
      "type": "Feature",
      "geometry": {
        "type": "Point",
        "coordinates": [
          111.9708303,
          -8.1801605
        ]
      },
      "properties": {
        "id": "osm:way:1102403075",
        "name": "Masjid & Mushola (Tanpa Nama)",
        "category": "Masjid & Mushola",
        "osm_id": 1102403075,
        "osm_type": "way",
        "metadata": {
          "amenity": "place_of_worship",
          "building": "yes",
          "religion": "muslim"
        }
      }
    },
    {
      "type": "Feature",
      "geometry": {
        "type": "Point",
        "coordinates": [
          112.1440815,
          -8.141597
        ]
      },
      "properties": {
        "id": "osm:way:1112817370",
        "name": "Lapangan Kademangan",
        "category": "Fasilitas Olahraga",
        "osm_id": 1112817370,
        "osm_type": "way",
        "metadata": {
          "leisure": "pitch",
          "name": "Lapangan Kademangan",
          "sport": "soccer",
          "surface": "grass"
        }
      }
    },
    {
      "type": "Feature",
      "geometry": {
        "type": "Point",
        "coordinates": [
          112.1389794,
          -8.1423105
        ]
      },
      "properties": {
        "id": "osm:way:1115082207",
        "name": "SMK Kademangan",
        "category": "Sekolah Menengah Atas (SMA/SMK/MA)",
        "osm_id": 1115082207,
        "osm_type": "way",
        "metadata": {
          "amenity": "school",
          "name": "SMK Kademangan"
        }
      }
    },
    {
      "type": "Feature",
      "geometry": {
        "type": "Point",
        "coordinates": [
          112.1687064,
          -8.0931106
        ]
      },
      "properties": {
        "id": "osm:way:1145130556",
        "name": "Fasilitas Olahraga (Tanpa Nama)",
        "category": "Fasilitas Olahraga",
        "osm_id": 1145130556,
        "osm_type": "way",
        "metadata": {
          "leisure": "pitch",
          "sport": "soccer"
        }
      }
    },
    {
      "type": "Feature",
      "geometry": {
        "type": "Point",
        "coordinates": [
          112.0151474,
          -8.1275047
        ]
      },
      "properties": {
        "id": "osm:way:1159800569",
        "name": "SPBU Pertamina 54.662.14",
        "category": "SPBU / Stasiun Pengisian Bahan Bakar",
        "osm_id": 1159800569,
        "osm_type": "way",
        "metadata": {
          "addr:city": "Kabupaten Tulungagung",
          "addr:postcode": "66292",
          "addr:street": "Jl. Demuk No.37, Kalangan, Kec. Ngunut, Kabupaten Tulungagung, Jawa Timur 66292",
          "amenity": "fuel",
          "brand": "Pertamina",
          "building": "yes",
          "fuel:biodiesel": "yes",
          "fuel:diesel": "yes",
          "fuel:octane_90": "yes",
          "fuel:octane_92": "yes",
          "name": "SPBU Pertamina 54.662.14",
          "self_service": "no",
          "source": "microsoft/BuildingFootprints"
        }
      }
    },
    {
      "type": "Feature",
      "geometry": {
        "type": "Point",
        "coordinates": [
          111.9525388,
          -8.1159194
        ]
      },
      "properties": {
        "id": "osm:way:1161237336",
        "name": "SPBU Pertamina 54.662.28 Podorejo",
        "category": "SPBU / Stasiun Pengisian Bahan Bakar",
        "osm_id": 1161237336,
        "osm_type": "way",
        "metadata": {
          "addr:city": "Tulungagung",
          "addr:postcode": "66291",
          "addr:street": "Jl. Raya Podorejo",
          "amenity": "fuel",
          "brand": "Pertamina",
          "building": "yes",
          "fuel:diesel": "yes",
          "fuel:pertalite": "yes",
          "fuel:pertamax": "yes",
          "fuel:pertamax_plus": "yes",
          "fuel:premium": "yes",
          "fuel:solar": "yes",
          "name": "SPBU Pertamina 54.662.28 Podorejo",
          "self_service": "no",
          "source": "microsoft/BuildingFootprints;aerial imagery"
        }
      }
    },
    {
      "type": "Feature",
      "geometry": {
        "type": "Point",
        "coordinates": [
          111.9601779,
          -8.1356831
        ]
      },
      "properties": {
        "id": "osm:way:1161552945",
        "name": "SPBU Pertamina 54.662.18",
        "category": "SPBU / Stasiun Pengisian Bahan Bakar",
        "osm_id": 1161552945,
        "osm_type": "way",
        "metadata": {
          "addr:city": "Tulungagung Regency",
          "addr:postcode": "66291",
          "addr:street": "Duwet, Wates, Sumbergempol, Tulungagung Regency, East Java 66291",
          "amenity": "fuel",
          "brand": "Pertamina",
          "building": "yes",
          "fuel:biodiesel": "yes",
          "fuel:diesel": "yes",
          "fuel:octane_90": "yes",
          "fuel:octane_92": "yes",
          "name": "SPBU Pertamina 54.662.18",
          "self_service": "no",
          "source": "microsoft/BuildingFootprints;aerial imagery"
        }
      }
    },
    {
      "type": "Feature",
      "geometry": {
        "type": "Point",
        "coordinates": [
          112.1280665,
          -8.1441027
        ]
      },
      "properties": {
        "id": "osm:way:1161976506",
        "name": "Msjid Baitul Muttagin",
        "category": "Masjid & Mushola",
        "osm_id": 1161976506,
        "osm_type": "way",
        "metadata": {
          "addr:district": "Blitar",
          "addr:postcode": "66161",
          "addr:province": "Jawa Timur",
          "addr:subdistrict": "Kademangan",
          "addr:village": "Jimbe",
          "amenity": "place_of_worship",
          "building": "yes",
          "name": "Msjid Baitul Muttagin",
          "opening_hours": "24/7",
          "religion": "muslim",
          "source": "microsoft/BuildingFootprints"
        }
      }
    },
    {
      "type": "Feature",
      "geometry": {
        "type": "Point",
        "coordinates": [
          112.13319,
          -8.1482835
        ]
      },
      "properties": {
        "id": "osm:way:1162301242",
        "name": "Masjid Baitus Sholikhin",
        "category": "Masjid & Mushola",
        "osm_id": 1162301242,
        "osm_type": "way",
        "metadata": {
          "addr:country": "ID",
          "addr:district": "Blitar",
          "addr:hamlet": "Precet",
          "addr:postcode": "66161",
          "addr:province": "Jawa Timur",
          "addr:subdistrict": "Kademangan",
          "addr:village": "Kademangan",
          "amenity": "place_of_worship",
          "building": "yes",
          "name": "Masjid Baitus Sholikhin",
          "religion": "muslim",
          "source": "microsoft/BuildingFootprints"
        }
      }
    },
    {
      "type": "Feature",
      "geometry": {
        "type": "Point",
        "coordinates": [
          112.1347844,
          -8.1523617
        ]
      },
      "properties": {
        "id": "osm:way:1162308929",
        "name": "Masjid Baitul Mujahiddin",
        "category": "Masjid & Mushola",
        "osm_id": 1162308929,
        "osm_type": "way",
        "metadata": {
          "addr:country": "ID",
          "addr:district": "Blitar",
          "addr:full": "Jl. raya Tenggong Plumpungrejo Kec. Kademangan Kabupaten Blitar Jawa Timur 66161",
          "addr:hamlet": "Tenggong",
          "addr:postcode": "66161",
          "addr:province": "Jawa Timur",
          "addr:subdistrict": "Kademangan",
          "addr:village": "Plumpungrejo",
          "amenity": "place_of_worship",
          "building": "yes",
          "name": "Masjid Baitul Mujahiddin",
          "religion": "muslim",
          "source": "microsoft/BuildingFootprints"
        }
      }
    },
    {
      "type": "Feature",
      "geometry": {
        "type": "Point",
        "coordinates": [
          112.1442842,
          -8.1463499
        ]
      },
      "properties": {
        "id": "osm:way:1162313994",
        "name": "Kantor Desa Kademangan",
        "category": "Layanan Pemerintahan",
        "osm_id": 1162313994,
        "osm_type": "way",
        "metadata": {
          "admin_level": "7",
          "amenity": "townhall",
          "building": "yes",
          "government": "administrative",
          "name": "Kantor Desa Kademangan",
          "office": "government",
          "source": "microsoft/BuildingFootprints"
        }
      }
    },
    {
      "type": "Feature",
      "geometry": {
        "type": "Point",
        "coordinates": [
          112.1427751,
          -8.1469882
        ]
      },
      "properties": {
        "id": "osm:way:1162314022",
        "name": "Masjid Jami At-Taqwa",
        "category": "Masjid & Mushola",
        "osm_id": 1162314022,
        "osm_type": "way",
        "metadata": {
          "addr:country": "ID",
          "addr:district": "Blitar",
          "addr:postcode": "66161",
          "addr:province": "Jawa Timur",
          "addr:street": "Jl. Raya Trisula",
          "addr:subdistrict": "Kademangan",
          "addr:village": "Kademangan",
          "amenity": "place_of_worship",
          "building": "yes",
          "name": "Masjid Jami At-Taqwa",
          "religion": "muslim",
          "source": "microsoft/BuildingFootprints"
        }
      }
    },
    {
      "type": "Feature",
      "geometry": {
        "type": "Point",
        "coordinates": [
          112.136861,
          -8.1371034
        ]
      },
      "properties": {
        "id": "osm:way:1162315349",
        "name": "Masjid Baitul Muttaqin",
        "category": "Masjid & Mushola",
        "osm_id": 1162315349,
        "osm_type": "way",
        "metadata": {
          "addr:country": "ID",
          "addr:district": "Blitar",
          "addr:hamlet": "Kayen",
          "addr:postcode": "66161",
          "addr:province": "Jawa Timur",
          "addr:subdistrict": "Kademangan",
          "addr:village": "Kademangan",
          "amenity": "place_of_worship",
          "building": "yes",
          "name": "Masjid Baitul Muttaqin",
          "religion": "muslim",
          "source": "microsoft/BuildingFootprints"
        }
      }
    },
    {
      "type": "Feature",
      "geometry": {
        "type": "Point",
        "coordinates": [
          112.1446284,
          -8.1424485
        ]
      },
      "properties": {
        "id": "osm:way:1162333796",
        "name": "Joy Swalayan",
        "category": "Supermarket",
        "osm_id": 1162333796,
        "osm_type": "way",
        "metadata": {
          "addr:district": "Blitar",
          "addr:full": "Jl.Trisula Kademangan Blitar",
          "addr:postcode": "66161",
          "addr:province": "Jawa Timur",
          "addr:street": "Jl.Trisula",
          "addr:subdistrict": "Kademangan",
          "addr:village": "Kademangan",
          "building": "yes",
          "name": "Joy Swalayan",
          "opening_hours": "Mo-Su 06:00-22:00",
          "payment:cash": "yes",
          "payment:debit_cards": "yes",
          "payment:gpn_debit": "yes",
          "payment:maestro": "yes",
          "shop": "supermarket",
          "source": "microsoft/BuildingFootprints"
        }
      }
    },
    {
      "type": "Feature",
      "geometry": {
        "type": "Point",
        "coordinates": [
          112.1452071,
          -8.1417091
        ]
      },
      "properties": {
        "id": "osm:way:1162383632",
        "name": "Puskesmas Kademangan",
        "category": "Rumah Sakit",
        "osm_id": 1162383632,
        "osm_type": "way",
        "metadata": {
          "amenity": "hospital",
          "building": "yes",
          "building:condition": "good",
          "building:floor": "ceramics",
          "building:roof": "tile",
          "building:structure": "reinforced_masonry",
          "building:use": "medical",
          "building:walls": "brick",
          "healthcare": "hospital",
          "name": "Puskesmas Kademangan",
          "source": "microsoft/BuildingFootprints",
          "toilets": "yes"
        }
      }
    },
    {
      "type": "Feature",
      "geometry": {
        "type": "Point",
        "coordinates": [
          112.145052,
          -8.14218
        ]
      },
      "properties": {
        "id": "osm:way:1162383640",
        "name": "Trisula Ps",
        "category": "Toko Retail (Umum)",
        "osm_id": 1162383640,
        "osm_type": "way",
        "metadata": {
          "addr:district": "Blitar",
          "addr:full": "Jl.Trisula Kademangan Blitar",
          "addr:postcode": "66161",
          "addr:province": "Jawa Timur",
          "addr:street": "Jl.Trisula",
          "addr:subdistrict": "Kademangan",
          "addr:village": "Kademangan",
          "building": "yes",
          "name": "Trisula Ps",
          "opening_hours": "Mo-Su 07:00-15:00",
          "payment:cash": "yes",
          "shop": "pet",
          "source": "microsoft/BuildingFootprints"
        }
      }
    },
    {
      "type": "Feature",
      "geometry": {
        "type": "Point",
        "coordinates": [
          112.1444274,
          -8.1410699
        ]
      },
      "properties": {
        "id": "osm:way:1162383643",
        "name": "Bank BRI",
        "category": "Bank & Finansial",
        "osm_id": 1162383643,
        "osm_type": "way",
        "metadata": {
          "addr:district": "Blitar",
          "addr:postcode": "66161",
          "addr:province": "Jawa Timur",
          "addr:subdistrict": "Kademangan",
          "addr:village": "Kademangan",
          "air_conditioning": "yes",
          "amenity": "bank",
          "atm": "yes",
          "brand": "Bank Rakyat Indonesia",
          "brand:wikidata": "Q623042",
          "building": "yes",
          "name": "Bank BRI",
          "opening_hours": "Mo-Su 06:00-16:00",
          "operator": "Bank Rakyat Indonesia",
          "source": "microsoft/BuildingFootprints",
          "toilets": "yes",
          "wheelchair": "limited"
        }
      }
    },
    {
      "type": "Feature",
      "geometry": {
        "type": "Point",
        "coordinates": [
          112.1261782,
          -8.1320399
        ]
      },
      "properties": {
        "id": "osm:way:1162393266",
        "name": "Kantor Desa Jimbe",
        "category": "Layanan Pemerintahan",
        "osm_id": 1162393266,
        "osm_type": "way",
        "metadata": {
          "admin_level": "7",
          "amenity": "townhall",
          "building": "yes",
          "government": "administrative",
          "name": "Kantor Desa Jimbe",
          "office": "government",
          "source": "microsoft/BuildingFootprints"
        }
      }
    },
    {
      "type": "Feature",
      "geometry": {
        "type": "Point",
        "coordinates": [
          112.1223708,
          -8.1296402
        ]
      },
      "properties": {
        "id": "osm:way:1166016322",
        "name": "Masjid Nurul Muhtadin",
        "category": "Masjid & Mushola",
        "osm_id": 1166016322,
        "osm_type": "way",
        "metadata": {
          "amenity": "place_of_worship",
          "building": "yes",
          "name": "Masjid Nurul Muhtadin",
          "religion": "muslim",
          "source": "microsoft/BuildingFootprints"
        }
      }
    },
    {
      "type": "Feature",
      "geometry": {
        "type": "Point",
        "coordinates": [
          112.1453364,
          -8.134476
        ]
      },
      "properties": {
        "id": "osm:way:1166033951",
        "name": "rumah mas e mb anis",
        "category": "Hotel & Penginapan",
        "osm_id": 1166033951,
        "osm_type": "way",
        "metadata": {
          "addr:street": "terminal baru blitar",
          "building": "yes",
          "name": "rumah mas e mb anis",
          "source": "microsoft/BuildingFootprints",
          "tourism": "guest_house"
        }
      }
    },
    {
      "type": "Feature",
      "geometry": {
        "type": "Point",
        "coordinates": [
          111.9566123,
          -8.0615614
        ]
      },
      "properties": {
        "id": "osm:way:1168162536",
        "name": "Masjid & Mushola (Tanpa Nama)",
        "category": "Masjid & Mushola",
        "osm_id": 1168162536,
        "osm_type": "way",
        "metadata": {
          "amenity": "place_of_worship",
          "building": "mosque",
          "religion": "muslim"
        }
      }
    },
    {
      "type": "Feature",
      "geometry": {
        "type": "Point",
        "coordinates": [
          112.0819599,
          -8.1203281
        ]
      },
      "properties": {
        "id": "osm:way:1173214393",
        "name": "Masjid & Mushola (Tanpa Nama)",
        "category": "Masjid & Mushola",
        "osm_id": 1173214393,
        "osm_type": "way",
        "metadata": {
          "amenity": "place_of_worship",
          "building": "mosque",
          "religion": "muslim"
        }
      }
    },
    {
      "type": "Feature",
      "geometry": {
        "type": "Point",
        "coordinates": [
          111.9778956,
          -8.1470566
        ]
      },
      "properties": {
        "id": "osm:way:1173228299",
        "name": "Masjid Baitul Muhsinin",
        "category": "Masjid & Mushola",
        "osm_id": 1173228299,
        "osm_type": "way",
        "metadata": {
          "amenity": "place_of_worship",
          "building": "yes",
          "name": "Masjid Baitul Muhsinin",
          "religion": "muslim"
        }
      }
    },
    {
      "type": "Feature",
      "geometry": {
        "type": "Point",
        "coordinates": [
          111.9526254,
          -7.9461478
        ]
      },
      "properties": {
        "id": "osm:way:1207114364",
        "name": "Masjid & Mushola (Tanpa Nama)",
        "category": "Masjid & Mushola",
        "osm_id": 1207114364,
        "osm_type": "way",
        "metadata": {
          "amenity": "place_of_worship",
          "building": "yes",
          "religion": "muslim"
        }
      }
    },
    {
      "type": "Feature",
      "geometry": {
        "type": "Point",
        "coordinates": [
          112.1581724,
          -7.9525943
        ]
      },
      "properties": {
        "id": "osm:way:1210693655",
        "name": "Fasilitas Olahraga (Tanpa Nama)",
        "category": "Fasilitas Olahraga",
        "osm_id": 1210693655,
        "osm_type": "way",
        "metadata": {
          "leisure": "pitch",
          "sport": "tennis"
        }
      }
    },
    {
      "type": "Feature",
      "geometry": {
        "type": "Point",
        "coordinates": [
          111.9873609,
          -7.9583281
        ]
      },
      "properties": {
        "id": "osm:way:1212471498",
        "name": "SPBU 5464132 KANIGORO",
        "category": "SPBU / Stasiun Pengisian Bahan Bakar",
        "osm_id": 1212471498,
        "osm_type": "way",
        "metadata": {
          "addr:city": "Kediri",
          "addr:postcode": "64172",
          "addr:street": "Jatirejo, Kanigoro, Kras, Kediri Regency, East Java 64172",
          "amenity": "fuel",
          "brand": "Pertamina",
          "fuel:biodiesel": "yes",
          "fuel:diesel": "yes",
          "fuel:octane_90": "yes",
          "fuel:octane_92": "yes",
          "name": "SPBU 5464132 KANIGORO",
          "self_service": "no"
        }
      }
    },
    {
      "type": "Feature",
      "geometry": {
        "type": "Point",
        "coordinates": [
          111.9555874,
          -7.9606171
        ]
      },
      "properties": {
        "id": "osm:way:1212472416",
        "name": "SPBU Pertamina 54.641.18 Kras",
        "category": "SPBU / Stasiun Pengisian Bahan Bakar",
        "osm_id": 1212472416,
        "osm_type": "way",
        "metadata": {
          "addr:city": "Kabupaten Kediri",
          "addr:postcode": "64172",
          "addr:street": "Purwodadi, Kras, Dusun Nyawangan, Nyawangan, Kec. Kras, Kabupaten Kediri, Jawa Timur 64172",
          "amenity": "fuel",
          "brand": "Pertamina",
          "fuel:biodiesel": "yes",
          "fuel:diesel": "yes",
          "fuel:octane_90": "yes",
          "fuel:octane_92": "yes",
          "name": "SPBU Pertamina 54.641.18 Kras",
          "self_service": "no"
        }
      }
    },
    {
      "type": "Feature",
      "geometry": {
        "type": "Point",
        "coordinates": [
          112.0366332,
          -7.9970833
        ]
      },
      "properties": {
        "id": "osm:way:1212474357",
        "name": "SPBU Pertamina 54.661.113",
        "category": "SPBU / Stasiun Pengisian Bahan Bakar",
        "osm_id": 1212474357,
        "osm_type": "way",
        "metadata": {
          "addr:city": "Blitar",
          "addr:postcode": "66154",
          "addr:street": "Jl. Raya Kediri - Blitar No.56, Wonorejo, Slemanan, Kec. Udanawu, Kabupaten Blitar, Jawa Timur 66154",
          "amenity": "fuel",
          "brand": "Pertamina",
          "fuel:biodiesel": "yes",
          "fuel:diesel": "yes",
          "fuel:octane_90": "yes",
          "fuel:octane_92": "yes",
          "name": "SPBU Pertamina 54.661.113",
          "self_service": "no"
        }
      }
    },
    {
      "type": "Feature",
      "geometry": {
        "type": "Point",
        "coordinates": [
          112.0536629,
          -8.059593
        ]
      },
      "properties": {
        "id": "osm:way:1212482841",
        "name": "SPBU Pertamina 54.661.33",
        "category": "SPBU / Stasiun Pengisian Bahan Bakar",
        "osm_id": 1212482841,
        "osm_type": "way",
        "metadata": {
          "addr:city": "Kabupaten Blitar",
          "addr:postcode": "66152",
          "addr:street": "Togogan I, Togogan, Kec. Srengat, Kabupaten Blitar, Jawa Timur 66152",
          "amenity": "fuel",
          "brand": "Pertamina",
          "fuel:biodiesel": "yes",
          "fuel:diesel": "yes",
          "fuel:octane_90": "yes",
          "fuel:octane_92": "yes",
          "name": "SPBU Pertamina 54.661.33",
          "self_service": "no"
        }
      }
    },
    {
      "type": "Feature",
      "geometry": {
        "type": "Point",
        "coordinates": [
          112.1702892,
          -8.1321851
        ]
      },
      "properties": {
        "id": "osm:way:1212988626",
        "name": "SPBU Pertamina 54.661.45",
        "category": "SPBU / Stasiun Pengisian Bahan Bakar",
        "osm_id": 1212988626,
        "osm_type": "way",
        "metadata": {
          "addr:city": "Kabupaten Blitar",
          "addr:postcode": "66171",
          "addr:street": "Jl. Halmahera, Jatisari, Jatinom, Kec. Kanigoro, Kabupaten Blitar, Jawa Timur 66171",
          "amenity": "fuel",
          "brand": "Pertamina",
          "fuel:diesel": "yes",
          "fuel:octane_90": "yes",
          "fuel:octane_92": "yes",
          "fuel:octane_98": "yes",
          "name": "SPBU Pertamina 54.661.45",
          "self_service": "no"
        }
      }
    },
    {
      "type": "Feature",
      "geometry": {
        "type": "Point",
        "coordinates": [
          112.1412999,
          -8.1633546
        ]
      },
      "properties": {
        "id": "osm:way:1213173565",
        "name": "SPBU Pertamina 54.661.14",
        "category": "SPBU / Stasiun Pengisian Bahan Bakar",
        "osm_id": 1213173565,
        "osm_type": "way",
        "metadata": {
          "addr:city": "Blitar Regency",
          "addr:postcode": "66161",
          "addr:street": "Ringinanom, Sumberjati, Kademangan, Blitar Regency, East Java 66161",
          "amenity": "fuel",
          "brand": "Pertamina",
          "brand:wikidata": "Q1641044",
          "brand:wikipedia": "en:Pertamina",
          "fuel:biodiesel": "yes",
          "fuel:diesel": "yes",
          "fuel:octane_90": "yes",
          "fuel:octane_92": "yes",
          "name": "SPBU Pertamina 54.661.14",
          "self_service": "no"
        }
      }
    },
    {
      "type": "Feature",
      "geometry": {
        "type": "Point",
        "coordinates": [
          112.1642846,
          -8.1329173
        ]
      },
      "properties": {
        "id": "osm:way:1222025867",
        "name": "Kuburan",
        "category": "Pemakaman",
        "osm_id": 1222025867,
        "osm_type": "way",
        "metadata": {
          "landuse": "cemetery",
          "name": "Kuburan"
        }
      }
    },
    {
      "type": "Feature",
      "geometry": {
        "type": "Point",
        "coordinates": [
          112.1599136,
          -8.1326039
        ]
      },
      "properties": {
        "id": "osm:way:1222033922",
        "name": "Lapangan Klampok",
        "category": "Fasilitas Olahraga",
        "osm_id": 1222033922,
        "osm_type": "way",
        "metadata": {
          "leisure": "pitch",
          "name": "Lapangan Klampok",
          "sport": "soccer"
        }
      }
    },
    {
      "type": "Feature",
      "geometry": {
        "type": "Point",
        "coordinates": [
          112.1620918,
          -8.1019616
        ]
      },
      "properties": {
        "id": "osm:way:1307901413",
        "name": "Pasar Templek",
        "category": "Pasar Tradisional",
        "osm_id": 1307901413,
        "osm_type": "way",
        "metadata": {
          "amenity": "marketplace",
          "building": "yes",
          "layer": "1",
          "name": "Pasar Templek",
          "opening_hours": "24/7",
          "operator": "Pemerintah Daerah Kota Blitar",
          "payment:cash": "yes",
          "shop": "greengrocer"
        }
      }
    },
    {
      "type": "Feature",
      "geometry": {
        "type": "Point",
        "coordinates": [
          112.165321,
          -8.0993548
        ]
      },
      "properties": {
        "id": "osm:way:1316861579",
        "name": "Taman Pecut",
        "category": "Taman Kota / Terbuka",
        "osm_id": 1316861579,
        "osm_type": "way",
        "metadata": {
          "leisure": "park",
          "name": "Taman Pecut",
          "source": "Bing"
        }
      }
    },
    {
      "type": "Feature",
      "geometry": {
        "type": "Point",
        "coordinates": [
          112.1906989,
          -8.148978
        ]
      },
      "properties": {
        "id": "osm:way:1334556061",
        "name": "Fasilitas Olahraga (Tanpa Nama)",
        "category": "Fasilitas Olahraga",
        "osm_id": 1334556061,
        "osm_type": "way",
        "metadata": {
          "leisure": "pitch",
          "sport": "multi"
        }
      }
    },
    {
      "type": "Feature",
      "geometry": {
        "type": "Point",
        "coordinates": [
          112.1620115,
          -8.1007319
        ]
      },
      "properties": {
        "id": "osm:way:1339165089",
        "name": "Fasilitas Parkir (Tanpa Nama)",
        "category": "Fasilitas Parkir",
        "osm_id": 1339165089,
        "osm_type": "way",
        "metadata": {
          "amenity": "motorcycle_parking"
        }
      }
    },
    {
      "type": "Feature",
      "geometry": {
        "type": "Point",
        "coordinates": [
          112.0808653,
          -8.0634527
        ]
      },
      "properties": {
        "id": "osm:way:1357694362",
        "name": "Layanan Pemerintahan (Tanpa Nama)",
        "category": "Layanan Pemerintahan",
        "osm_id": 1357694362,
        "osm_type": "way",
        "metadata": {
          "building": "yes",
          "office": "government"
        }
      }
    },
    {
      "type": "Feature",
      "geometry": {
        "type": "Point",
        "coordinates": [
          112.1222591,
          -8.130167
        ]
      },
      "properties": {
        "id": "osm:way:1379138069",
        "name": "TPU Desa Jimbe",
        "category": "Pemakaman",
        "osm_id": 1379138069,
        "osm_type": "way",
        "metadata": {
          "landuse": "cemetery",
          "name": "TPU Desa Jimbe"
        }
      }
    },
    {
      "type": "Feature",
      "geometry": {
        "type": "Point",
        "coordinates": [
          112.149313,
          -8.1445669
        ]
      },
      "properties": {
        "id": "osm:way:1379240383",
        "name": "TPU Desa Kademangan",
        "category": "Pemakaman",
        "osm_id": 1379240383,
        "osm_type": "way",
        "metadata": {
          "landuse": "cemetery",
          "name": "TPU Desa Kademangan"
        }
      }
    },
    {
      "type": "Feature",
      "geometry": {
        "type": "Point",
        "coordinates": [
          112.1486239,
          -8.1432345
        ]
      },
      "properties": {
        "id": "osm:way:1379240384",
        "name": "Makam Tionghoa",
        "category": "Pemakaman",
        "osm_id": 1379240384,
        "osm_type": "way",
        "metadata": {
          "landuse": "cemetery",
          "name": "Makam Tionghoa"
        }
      }
    },
    {
      "type": "Feature",
      "geometry": {
        "type": "Point",
        "coordinates": [
          112.1447213,
          -8.1406206
        ]
      },
      "properties": {
        "id": "osm:way:1380471070",
        "name": "Pos Polisi",
        "category": "Layanan Pemerintahan",
        "osm_id": 1380471070,
        "osm_type": "way",
        "metadata": {
          "addr:city": "Blitar",
          "addr:full": "Kademangan",
          "amenity": "police",
          "building": "yes",
          "name": "Pos Polisi"
        }
      }
    },
    {
      "type": "Feature",
      "geometry": {
        "type": "Point",
        "coordinates": [
          112.1895424,
          -7.9821038
        ]
      },
      "properties": {
        "id": "osm:way:1383725925",
        "name": "SMPN3 Nglegok",
        "category": "Sekolah (Umum)",
        "osm_id": 1383725925,
        "osm_type": "way",
        "metadata": {
          "addr:district": "Blitar",
          "addr:province": "Jawa Timur",
          "addr:subdistrict": "Nglegok",
          "addr:village": "Sumberasri",
          "amenity": "school",
          "name": "SMPN3 Nglegok"
        }
      }
    },
    {
      "type": "Feature",
      "geometry": {
        "type": "Point",
        "coordinates": [
          112.1225468,
          -8.1394144
        ]
      },
      "properties": {
        "id": "osm:way:1387005556",
        "name": "Lapangan Desa Jimbe",
        "category": "Fasilitas Olahraga",
        "osm_id": 1387005556,
        "osm_type": "way",
        "metadata": {
          "leisure": "pitch",
          "name": "Lapangan Desa Jimbe",
          "sport": "soccer",
          "surface": "grass"
        }
      }
    },
    {
      "type": "Feature",
      "geometry": {
        "type": "Point",
        "coordinates": [
          112.1459927,
          -8.1469644
        ]
      },
      "properties": {
        "id": "osm:way:1387005557",
        "name": "Lapangan SDN1 Kademangan",
        "category": "Fasilitas Olahraga",
        "osm_id": 1387005557,
        "osm_type": "way",
        "metadata": {
          "leisure": "pitch",
          "name": "Lapangan SDN1 Kademangan",
          "sport": "soccer",
          "surface": "grass"
        }
      }
    },
    {
      "type": "Feature",
      "geometry": {
        "type": "Point",
        "coordinates": [
          112.1275699,
          -8.16004
        ]
      },
      "properties": {
        "id": "osm:way:1387285491",
        "name": "SMK & SMP Islam Anharul Ulum",
        "category": "Sekolah Menengah Pertama (SMP/MTs)",
        "osm_id": 1387285491,
        "osm_type": "way",
        "metadata": {
          "addr:country": "ID",
          "addr:district": "Blitar",
          "addr:full": "Suko Plumpungrejo Kec. Kademangan Kabupaten Blitar Jawa Timur 66161",
          "addr:hamlet": "Suko",
          "addr:postcode": "66161",
          "addr:province": "Jawa Timur",
          "addr:subdistrict": "Kademangan",
          "addr:village": "Plumpungrejo",
          "amenity": "school",
          "building": "yes",
          "name": "SMK & SMP Islam Anharul Ulum",
          "operator": "YPKHD Anharul Ulum"
        }
      }
    },
    {
      "type": "Feature",
      "geometry": {
        "type": "Point",
        "coordinates": [
          112.1266808,
          -8.1602258
        ]
      },
      "properties": {
        "id": "osm:way:1387285492",
        "name": "Masjid Anharul Ulum",
        "category": "Masjid & Mushola",
        "osm_id": 1387285492,
        "osm_type": "way",
        "metadata": {
          "addr:country": "ID",
          "addr:district": "Blitar",
          "addr:full": "Suko Plumpungrejo Kec. Kademangan Kabupaten Blitar Jawa Timur 66161",
          "addr:hamlet": "Suko",
          "addr:postcode": "66161",
          "addr:province": "Jawa Timur",
          "addr:subdistrict": "Kademangan",
          "addr:village": "Plumpungrejo",
          "amenity": "place_of_worship",
          "building": "yes",
          "name": "Masjid Anharul Ulum",
          "opening_hours": "24/7",
          "religion": "muslim"
        }
      }
    },
    {
      "type": "Feature",
      "geometry": {
        "type": "Point",
        "coordinates": [
          112.1327267,
          -8.1653459
        ]
      },
      "properties": {
        "id": "osm:way:1387285493",
        "name": "Klinik Pratama Dawuhan",
        "category": "Klinik & Puskesmas",
        "osm_id": 1387285493,
        "osm_type": "way",
        "metadata": {
          "addr:country": "ID",
          "addr:district": "Blitar",
          "addr:full": "Gogourung Dawuhan Kec. Kademangan Kab. Blitar Jawa Timur 66161",
          "addr:hamlet": "Gogourung",
          "addr:postcode": "66161",
          "addr:province": "Jawa Timur",
          "addr:subdistrict": "Kademangan",
          "addr:village": "Dawuhan",
          "amenity": "clinic",
          "building": "yes",
          "healthcare": "clinic",
          "name": "Klinik Pratama Dawuhan",
          "opening_hours": "24/7",
          "toilets": "yes"
        }
      }
    },
    {
      "type": "Feature",
      "geometry": {
        "type": "Point",
        "coordinates": [
          112.1421174,
          -8.1619563
        ]
      },
      "properties": {
        "id": "osm:way:1387285494",
        "name": "Pasar Sumberjati",
        "category": "Pasar Tradisional",
        "osm_id": 1387285494,
        "osm_type": "way",
        "metadata": {
          "addr:country": "ID",
          "addr:district": "Blitar",
          "addr:hamlet": "Ringinanom",
          "addr:postcode": "66161",
          "addr:province": "Jawa Timur",
          "addr:street": "Jl. Raya Trisula",
          "addr:subdistrict": "Kademangan",
          "addr:village": "Sumberjati",
          "amenity": "marketplace",
          "building": "yes",
          "name": "Pasar Sumberjati",
          "shop": "greengrocer"
        }
      }
    },
    {
      "type": "Feature",
      "geometry": {
        "type": "Point",
        "coordinates": [
          112.1428682,
          -8.1556771
        ]
      },
      "properties": {
        "id": "osm:way:1387285495",
        "name": "Masjid Baitul Atiq",
        "category": "Masjid & Mushola",
        "osm_id": 1387285495,
        "osm_type": "way",
        "metadata": {
          "addr:country": "ID",
          "addr:district": "Blitar",
          "addr:hamlet": "Ringinanom",
          "addr:postcode": "66161",
          "addr:province": "Jawa Timur",
          "addr:street": "Jl. Raya Trisula",
          "addr:subdistrict": "Kademangan",
          "addr:village": "Sumberjati",
          "amenity": "place_of_worship",
          "building": "yes",
          "name": "Masjid Baitul Atiq",
          "religion": "muslim"
        }
      }
    },
    {
      "type": "Feature",
      "geometry": {
        "type": "Point",
        "coordinates": [
          112.1425112,
          -8.1556387
        ]
      },
      "properties": {
        "id": "osm:way:1387285496",
        "name": "Alfamart",
        "category": "Minimarket",
        "osm_id": 1387285496,
        "osm_type": "way",
        "metadata": {
          "addr:country": "ID",
          "addr:district": "Blitar",
          "addr:hamlet": "Ringinanom",
          "addr:postcode": "66161",
          "addr:province": "Jawa Timur",
          "addr:street": "Jl. Raya Trisula",
          "addr:subdistrict": "Kademangan",
          "addr:village": "Sumberjati",
          "brand": "Alfamart",
          "brand:wikidata": "Q23745600",
          "building": "yes",
          "name": "Alfamart",
          "operator": "PT Sumber Alfaria Trijaya,Tbk",
          "shop": "convenience",
          "toilets": "yes",
          "toilets:access": "permissive",
          "toilets:unisex": "yes",
          "website": "https://alfamart.co.id"
        }
      }
    },
    {
      "type": "Feature",
      "geometry": {
        "type": "Point",
        "coordinates": [
          112.1427647,
          -8.1533833
        ]
      },
      "properties": {
        "id": "osm:way:1387285497",
        "name": "Indomaret",
        "category": "Minimarket",
        "osm_id": 1387285497,
        "osm_type": "way",
        "metadata": {
          "addr:country": "ID",
          "addr:district": "Blitar",
          "addr:hamlet": "Klece",
          "addr:postcode": "66161",
          "addr:province": "Jawa Timur",
          "addr:street": "Jl. Raya Trisula",
          "addr:subdistrict": "Kademangan",
          "addr:village": "Kademangan",
          "air_conditioning": "yes",
          "brand": "Indomaret",
          "brand:wikidata": "Q4262825",
          "brand:wikipedia": "id:Indomaret",
          "building": "yes",
          "name": "Indomaret",
          "name:en": "Indomaret",
          "name:id": "Indomaret",
          "name:ja": "インドマレット",
          "operator": "PT. Indomarco Prismatama",
          "shop": "convenience",
          "toilets": "yes",
          "toilets:access": "permissive",
          "website": "https://www.klikindomaret.com"
        }
      }
    },
    {
      "type": "Feature",
      "geometry": {
        "type": "Point",
        "coordinates": [
          112.1424785,
          -8.160907
        ]
      },
      "properties": {
        "id": "osm:way:1387900854",
        "name": "Lapangan Desa Sumberjati",
        "category": "Fasilitas Olahraga",
        "osm_id": 1387900854,
        "osm_type": "way",
        "metadata": {
          "leisure": "pitch",
          "name": "Lapangan Desa Sumberjati",
          "sport": "soccer",
          "surface": "grass"
        }
      }
    }
  ]
}