{
  "type": "FeatureCollection",
  "features": [
    {
      "type": "Feature",
      "geometry": {
        "type": "LineString",
        "coordinates": [
          [
            112.1593584,
            -8.1029862
          ],
          [
            112.1595249,
            -8.1030178
          ],
          [
            112.1605253,
            -8.1032078
          ],
          [
            112.1607807,
            -8.1032563
          ],
          [
            112.161135,
            -8.1033235
          ],
          [
            112.1611924,
            -8.1033344
          ],
          [
            112.1615046,
            -8.1033935
          ],
          [
            112.1616092,
            -8.1034135
          ],
          [
            112.1618034,
            -8.1034504
          ]
        ]
      },
      "properties": {
        "id": "osm:way:43392630",
        "name": "Jalan Melati",
        "highway": "secondary",
        "restriction_type": "PROHIBITED_ROAD",
        "metadata": {
          "hgv": "no",
          "highway": "secondary",
          "name": "Jalan Melati",
          "oneway": "no",
          "source": "GPS",
          "surface": "asphalt"
        }
      }
    },
    {
      "type": "Feature",
      "geometry": {
        "type": "LineString",
        "coordinates": [
          [
            112.1380535,
            -8.0844406
          ],
          [
            112.1395218,
            -8.0847914
          ],
          [
            112.1402085,
            -8.0849667
          ],
          [
            112.1402388,
            -8.0849726
          ],
          [
            112.1405059,
            -8.0850318
          ],
          [
            112.1409548,
            -8.08513
          ],
          [
            112.1413766,
            -8.0852295
          ],
          [
            112.1415965,
            -8.0852814
          ],
          [
            112.1419251,
            -8.0853504
          ],
          [
            112.1423113,
            -8.0854487
          ],
          [
            112.1431817,
            -8.0856784
          ],
          [
            112.1438938,
            -8.0858776
          ],
          [
            112.1447508,
            -8.0860834
          ],
          [
            112.1453007,
            -8.0862294
          ],
          [
            112.1456131,
            -8.0862971
          ],
          [
            112.1459296,
            -8.0863755
          ],
          [
            112.1468873,
            -8.0866274
          ],
          [
            112.148161,
            -8.086932
          ],
          [
            112.1483377,
            -8.0869816
          ],
          [
            112.1487657,
            -8.087064
          ],
          [
            112.1491578,
            -8.0871623
          ],
          [
            112.1505096,
            -8.087523
          ],
          [
            112.151856,
            -8.0878639
          ],
          [
            112.1519973,
            -8.087899
          ],
          [
            112.1524068,
            -8.0880008
          ],
          [
            112.152438,
            -8.0880086
          ],
          [
            112.1529315,
            -8.0881116
          ],
          [
            112.1539535,
            -8.0883844
          ],
          [
            112.1549928,
            -8.0886579
          ],
          [
            112.1550622,
            -8.0886754
          ],
          [
            112.1552215,
            -8.0887157
          ],
          [
            112.1556454,
            -8.0888228
          ],
          [
            112.1571793,
            -8.0891889
          ],
          [
            112.1591806,
            -8.0896899
          ],
          [
            112.1592713,
            -8.0897259
          ],
          [
            112.1596183,
            -8.0898264
          ],
          [
            112.1608824,
            -8.0901911
          ],
          [
            112.1613993,
            -8.0903296
          ]
        ]
      },
      "properties": {
        "id": "osm:way:43392663",
        "name": "Jalan Mahakam",
        "highway": "primary",
        "restriction_type": "PROHIBITED_ROAD",
        "metadata": {
          "designation": "city_road",
          "highway": "primary",
          "lanes": "2",
          "name": "Jalan Mahakam",
          "source": "GPS",
          "surface": "asphalt"
        }
      }
    },
    {
      "type": "Feature",
      "geometry": {
        "type": "LineString",
        "coordinates": [
          [
            112.1481431,
            -8.0906422
          ],
          [
            112.1481297,
            -8.090684
          ],
          [
            112.1476214,
            -8.0922303
          ],
          [
            112.1475879,
            -8.0923254
          ],
          [
            112.1474636,
            -8.0927225
          ],
          [
            112.1471952,
            -8.0935127
          ],
          [
            112.1471775,
            -8.0935582
          ],
          [
            112.1469814,
            -8.0942501
          ],
          [
            112.1468285,
            -8.0947282
          ],
          [
            112.1468098,
            -8.0947856
          ],
          [
            112.1466297,
            -8.0953491
          ],
          [
            112.1465677,
            -8.0955305
          ],
          [
            112.1464062,
            -8.0960737
          ],
          [
            112.146334,
            -8.0963376
          ],
          [
            112.1461966,
            -8.0967654
          ],
          [
            112.1461504,
            -8.0969133
          ],
          [
            112.1460528,
            -8.0972256
          ],
          [
            112.145962,
            -8.0975233
          ],
          [
            112.1458787,
            -8.0977951
          ],
          [
            112.1458214,
            -8.0979766
          ],
          [
            112.1457838,
            -8.0981227
          ],
          [
            112.1457478,
            -8.0982586
          ],
          [
            112.1456882,
            -8.0984832
          ],
          [
            112.1456754,
            -8.0985396
          ],
          [
            112.1456178,
            -8.0987561
          ],
          [
            112.1455877,
            -8.0988722
          ]
        ]
      },
      "properties": {
        "id": "osm:way:43392665",
        "name": "Jalan Bengawan Solo",
        "highway": "secondary",
        "restriction_type": "PROHIBITED_ROAD",
        "metadata": {
          "designation": "city_road",
          "highway": "secondary",
          "name": "Jalan Bengawan Solo",
          "oneway": "no",
          "source": "GPS"
        }
      }
    },
    {
      "type": "Feature",
      "geometry": {
        "type": "LineString",
        "coordinates": [
          [
            112.1715991,
            -8.0982735
          ],
          [
            112.1711047,
            -8.098188
          ],
          [
            112.1702619,
            -8.098062
          ],
          [
            112.1701005,
            -8.0980322
          ],
          [
            112.1697215,
            -8.0979623
          ],
          [
            112.1689447,
            -8.0978701
          ]
        ]
      },
      "properties": {
        "id": "osm:way:43392677",
        "name": "Jalan Cokroaminoto",
        "highway": "secondary",
        "restriction_type": "PROHIBITED_ROAD",
        "metadata": {
          "designation": "city_road",
          "highway": "secondary",
          "lanes": "2",
          "name": "Jalan Cokroaminoto",
          "name:etymology:wikidata": "Q2603591",
          "name:etymology:wikipedia": "id:Oemar Said Tjokroaminoto",
          "oneway": "no",
          "source": "GPS",
          "surface": "asphalt"
        }
      }
    },
    {
      "type": "Feature",
      "geometry": {
        "type": "LineString",
        "coordinates": [
          [
            112.1677486,
            -8.0951618
          ],
          [
            112.1676699,
            -8.0951567
          ],
          [
            112.1667567,
            -8.0950333
          ],
          [
            112.1666917,
            -8.0950284
          ],
          [
            112.1664785,
            -8.095003
          ],
          [
            112.1662971,
            -8.0949814
          ],
          [
            112.1658929,
            -8.0949333
          ],
          [
            112.1658749,
            -8.0949312
          ],
          [
            112.1655406,
            -8.0948837
          ],
          [
            112.1653135,
            -8.0948557
          ],
          [
            112.1649482,
            -8.0948108
          ],
          [
            112.1648687,
            -8.0948008
          ],
          [
            112.1634953,
            -8.0946457
          ],
          [
            112.1633671,
            -8.0946499
          ],
          [
            112.1632637,
            -8.0946698
          ],
          [
            112.163206,
            -8.0947036
          ]
        ]
      },
      "properties": {
        "id": "osm:way:43392682",
        "name": "Jalan Anjasmoro",
        "highway": "primary",
        "restriction_type": "PROHIBITED_ROAD",
        "metadata": {
          "designation": "city_road",
          "highway": "primary",
          "lanes": "2",
          "name": "Jalan Anjasmoro",
          "source": "GPS;Bing;GPS",
          "surface": "asphalt"
        }
      }
    },
    {
      "type": "Feature",
      "geometry": {
        "type": "LineString",
        "coordinates": [
          [
            112.1645277,
            -8.0971839
          ],
          [
            112.164661,
            -8.0962348
          ],
          [
            112.1646702,
            -8.096166
          ],
          [
            112.1647081,
            -8.0958813
          ],
          [
            112.1647479,
            -8.0955822
          ],
          [
            112.1648687,
            -8.0948008
          ]
        ]
      },
      "properties": {
        "id": "osm:way:43392683",
        "name": "Jalan Masjid",
        "highway": "secondary",
        "restriction_type": "PROHIBITED_ROAD",
        "metadata": {
          "designation": "city_road",
          "highway": "secondary",
          "name": "Jalan Masjid",
          "oneway": "no",
          "oneway:motorcar": "yes",
          "source": "GPS",
          "surface": "asphalt"
        }
      }
    },
    {
      "type": "Feature",
      "geometry": {
        "type": "LineString",
        "coordinates": [
          [
            112.163206,
            -8.0947036
          ],
          [
            112.1631879,
            -8.0947476
          ],
          [
            112.1631562,
            -8.0949569
          ],
          [
            112.1630218,
            -8.0959504
          ],
          [
            112.1630134,
            -8.0960006
          ],
          [
            112.1628993,
            -8.0969001
          ]
        ]
      },
      "properties": {
        "id": "osm:way:43392684",
        "name": "Jalan Lawu",
        "highway": "primary",
        "restriction_type": "PROHIBITED_ROAD",
        "metadata": {
          "designation": "city_road",
          "highway": "primary",
          "lanes": "2",
          "name": "Jalan Lawu",
          "source": "GPS",
          "surface": "asphalt"
        }
      }
    },
    {
      "type": "Feature",
      "geometry": {
        "type": "LineString",
        "coordinates": [
          [
            112.1713552,
            -8.0994545
          ],
          [
            112.1700129,
            -8.0993545
          ],
          [
            112.1695999,
            -8.0993242
          ],
          [
            112.1692518,
            -8.0992939
          ]
        ]
      },
      "properties": {
        "id": "osm:way:43392688",
        "name": "Jalan Ahmad Yani",
        "highway": "primary",
        "restriction_type": "PROHIBITED_ROAD",
        "metadata": {
          "cycleway:right": "lane",
          "designation": "city_road",
          "highway": "primary",
          "lanes": "2",
          "name": "Jalan Ahmad Yani",
          "name:etymology:wikidata": "Q2992817",
          "name:etymology:wikipedia": "id:Ahmad Yani",
          "oneway": "yes",
          "source": "GPS",
          "surface": "asphalt"
        }
      }
    },
    {
      "type": "Feature",
      "geometry": {
        "type": "LineString",
        "coordinates": [
          [
            112.1780162,
            -8.1135796
          ],
          [
            112.178055,
            -8.1133616
          ],
          [
            112.1781911,
            -8.1129127
          ],
          [
            112.1783696,
            -8.1123236
          ],
          [
            112.1786549,
            -8.1112984
          ],
          [
            112.1788581,
            -8.110646
          ],
          [
            112.178969,
            -8.1102791
          ],
          [
            112.1790429,
            -8.1100725
          ],
          [
            112.1790887,
            -8.1099445
          ],
          [
            112.1794753,
            -8.1087762
          ],
          [
            112.1795328,
            -8.1085722
          ],
          [
            112.1796212,
            -8.1082004
          ],
          [
            112.1798351,
            -8.1076637
          ],
          [
            112.179918,
            -8.1074565
          ],
          [
            112.1799923,
            -8.1072661
          ],
          [
            112.1802561,
            -8.1065608
          ],
          [
            112.1804615,
            -8.1059786
          ],
          [
            112.1806203,
            -8.1054765
          ],
          [
            112.1806518,
            -8.1053795
          ],
          [
            112.180971,
            -8.1044041
          ],
          [
            112.1809768,
            -8.1043843
          ],
          [
            112.1810276,
            -8.104212
          ],
          [
            112.1811354,
            -8.1038272
          ],
          [
            112.1813189,
            -8.1032447
          ],
          [
            112.1815437,
            -8.1024793
          ],
          [
            112.1817184,
            -8.1019114
          ],
          [
            112.1820147,
            -8.1009236
          ],
          [
            112.1820993,
            -8.1006415
          ],
          [
            112.1821332,
            -8.1005263
          ],
          [
            112.182168,
            -8.1004081
          ]
        ]
      },
      "properties": {
        "id": "osm:way:43392694",
        "name": "Jalan Kalimantan",
        "highway": "trunk",
        "restriction_type": "PROHIBITED_ROAD",
        "metadata": {
          "highway": "trunk",
          "name": "Jalan Kalimantan",
          "oneway": "no",
          "ref": "3",
          "source": "GPS"
        }
      }
    },
    {
      "type": "Feature",
      "geometry": {
        "type": "LineString",
        "coordinates": [
          [
            112.1757423,
            -8.0946633
          ],
          [
            112.1756759,
            -8.0949208
          ],
          [
            112.1755746,
            -8.0953061
          ],
          [
            112.1754558,
            -8.0957892
          ],
          [
            112.1753883,
            -8.0960621
          ],
          [
            112.1753201,
            -8.0963234
          ],
          [
            112.1751382,
            -8.0970285
          ],
          [
            112.1748093,
            -8.0982683
          ],
          [
            112.174532,
            -8.0993441
          ],
          [
            112.1744771,
            -8.0995201
          ],
          [
            112.1744354,
            -8.0997042
          ]
        ]
      },
      "properties": {
        "id": "osm:way:43392696",
        "name": "Jalan Diponegoro",
        "highway": "secondary",
        "restriction_type": "PROHIBITED_ROAD",
        "metadata": {
          "designation": "city_road",
          "highway": "secondary",
          "lanes": "2",
          "name": "Jalan Diponegoro",
          "name:etymology:wikidata": "Q28899",
          "name:etymology:wikipedia": "id:Diponegoro",
          "source": "GPS",
          "surface": "asphalt"
        }
      }
    },
    {
      "type": "Feature",
      "geometry": {
        "type": "LineString",
        "coordinates": [
          [
            112.1693265,
            -8.1020243
          ],
          [
            112.1702772,
            -8.1022231
          ],
          [
            112.1704569,
            -8.1022287
          ],
          [
            112.1705176,
            -8.1022048
          ],
          [
            112.1705583,
            -8.102171
          ],
          [
            112.1705993,
            -8.1021161
          ],
          [
            112.1706327,
            -8.102004
          ],
          [
            112.1709184,
            -8.1010288
          ],
          [
            112.1710861,
            -8.1003845
          ],
          [
            112.1712862,
            -8.0996737
          ],
          [
            112.1713552,
            -8.0994545
          ]
        ]
      },
      "properties": {
        "id": "osm:way:43392760",
        "name": "Jalan Tentara Genie Pelajar",
        "highway": "secondary",
        "restriction_type": "PROHIBITED_ROAD",
        "metadata": {
          "designation": "city_road",
          "highway": "secondary",
          "lanes": "2",
          "name": "Jalan Tentara Genie Pelajar",
          "oneway": "yes",
          "source": "GPS",
          "surface": "asphalt"
        }
      }
    },
    {
      "type": "Feature",
      "geometry": {
        "type": "LineString",
        "coordinates": [
          [
            112.167897,
            -8.1016684
          ],
          [
            112.1670953,
            -8.1014421
          ],
          [
            112.1661342,
            -8.1012178
          ],
          [
            112.165459,
            -8.1010562
          ],
          [
            112.1653646,
            -8.1010336
          ],
          [
            112.164919,
            -8.1008832
          ],
          [
            112.1645826,
            -8.1007966
          ],
          [
            112.1644747,
            -8.100775
          ],
          [
            112.1640781,
            -8.1006957
          ],
          [
            112.1639021,
            -8.1006605
          ],
          [
            112.162976,
            -8.1004419
          ]
        ]
      },
      "properties": {
        "id": "osm:way:43392788",
        "name": "Jalan Mastrip",
        "highway": "secondary",
        "restriction_type": "PROHIBITED_ROAD",
        "metadata": {
          "highway": "secondary",
          "lanes": "2",
          "name": "Jalan Mastrip",
          "oneway:4wd": "yes",
          "source": "GPS",
          "surface": "asphalt"
        }
      }
    },
    {
      "type": "Feature",
      "geometry": {
        "type": "LineString",
        "coordinates": [
          [
            112.1703082,
            -8.1108123
          ],
          [
            112.1703842,
            -8.1108257
          ],
          [
            112.1705554,
            -8.1108975
          ],
          [
            112.1714148,
            -8.1112005
          ],
          [
            112.1714713,
            -8.1112218
          ],
          [
            112.1717237,
            -8.1113167
          ],
          [
            112.1723089,
            -8.1115369
          ],
          [
            112.1728158,
            -8.1117285
          ],
          [
            112.1728583,
            -8.1117454
          ],
          [
            112.1728876,
            -8.1117548
          ],
          [
            112.1734355,
            -8.1119379
          ],
          [
            112.173794,
            -8.1120656
          ],
          [
            112.1739383,
            -8.1121217
          ],
          [
            112.174012,
            -8.1121503
          ],
          [
            112.1741173,
            -8.1121912
          ],
          [
            112.1749056,
            -8.1124691
          ],
          [
            112.1754627,
            -8.1126644
          ],
          [
            112.1755681,
            -8.1127036
          ],
          [
            112.1758656,
            -8.1128143
          ],
          [
            112.1761054,
            -8.1129031
          ],
          [
            112.1766611,
            -8.1130981
          ],
          [
            112.1770506,
            -8.1132322
          ],
          [
            112.1778231,
            -8.113513
          ],
          [
            112.1780162,
            -8.1135796
          ]
        ]
      },
      "properties": {
        "id": "osm:way:43392792",
        "name": "Jalan Bali",
        "highway": "trunk",
        "restriction_type": "PROHIBITED_ROAD",
        "metadata": {
          "highway": "trunk",
          "lanes": "2",
          "name": "Jalan Bali",
          "oneway": "no",
          "ref": "3",
          "source": "GPS"
        }
      }
    },
    {
      "type": "Feature",
      "geometry": {
        "type": "LineString",
        "coordinates": [
          [
            112.1462438,
            -8.1399819
          ],
          [
            112.1449948,
            -8.1407703
          ]
        ]
      },
      "properties": {
        "id": "osm:way:70125807",
        "name": "Jembatan Kademangan",
        "highway": "trunk",
        "restriction_type": "PROHIBITED_ROAD",
        "metadata": {
          "bridge": "yes",
          "highway": "trunk",
          "layer": "1",
          "name": "Jembatan Kademangan",
          "oneway": "yes",
          "ref": "3",
          "surface": "asphalt"
        }
      }
    },
    {
      "type": "Feature",
      "geometry": {
        "type": "LineString",
        "coordinates": [
          [
            112.1449948,
            -8.1407703
          ],
          [
            112.1449441,
            -8.1408046
          ],
          [
            112.1448822,
            -8.1408465
          ],
          [
            112.1447823,
            -8.1408615
          ],
          [
            112.1446441,
            -8.1408449
          ],
          [
            112.1445918,
            -8.1408343
          ],
          [
            112.1444751,
            -8.1408043
          ],
          [
            112.1443457,
            -8.1407586
          ]
        ]
      },
      "properties": {
        "id": "osm:way:70125825",
        "name": "Jalan Raya Jimbe Blitar",
        "highway": "trunk",
        "restriction_type": "PROHIBITED_ROAD",
        "metadata": {
          "highway": "trunk",
          "name": "Jalan Raya Jimbe Blitar",
          "oneway": "yes",
          "ref": "3",
          "surface": "asphalt"
        }
      }
    },
    {
      "type": "Feature",
      "geometry": {
        "type": "LineString",
        "coordinates": [
          [
            112.0546886,
            -8.0595896
          ],
          [
            112.0546189,
            -8.0596584
          ]
        ]
      },
      "properties": {
        "id": "osm:way:82638150",
        "name": "35-009",
        "highway": "primary",
        "restriction_type": "PROHIBITED_ROAD",
        "metadata": {
          "highway": "primary",
          "oneway": "yes",
          "ref": "35-009",
          "source": "GPS"
        }
      }
    },
    {
      "type": "Feature",
      "geometry": {
        "type": "LineString",
        "coordinates": [
          [
            112.1345082,
            -8.0933737
          ],
          [
            112.1347731,
            -8.0927173
          ],
          [
            112.1353052,
            -8.0913991
          ],
          [
            112.1358978,
            -8.0899102
          ],
          [
            112.1359947,
            -8.0896592
          ],
          [
            112.1365678,
            -8.0882025
          ],
          [
            112.1369015,
            -8.0873541
          ],
          [
            112.1369443,
            -8.0872598
          ],
          [
            112.1370306,
            -8.087042
          ],
          [
            112.1374086,
            -8.0860882
          ],
          [
            112.1376675,
            -8.0854509
          ],
          [
            112.137832,
            -8.0850202
          ],
          [
            112.1380535,
            -8.0844406
          ]
        ]
      },
      "properties": {
        "id": "osm:way:96322107",
        "name": "Jalan Kali Mas",
        "highway": "primary",
        "restriction_type": "PROHIBITED_ROAD",
        "metadata": {
          "designation": "city_road",
          "highway": "primary",
          "name": "Jalan Kali Mas",
          "source": "Bing"
        }
      }
    },
    {
      "type": "Feature",
      "geometry": {
        "type": "LineString",
        "coordinates": [
          [
            112.1601804,
            -8.0567195
          ],
          [
            112.1611632,
            -8.0569826
          ],
          [
            112.1617227,
            -8.0571553
          ],
          [
            112.1622631,
            -8.0573221
          ],
          [
            112.1627793,
            -8.0574737
          ],
          [
            112.1634934,
            -8.0576835
          ],
          [
            112.1650698,
            -8.0581883
          ],
          [
            112.1663752,
            -8.0585255
          ],
          [
            112.1668122,
            -8.0586384
          ],
          [
            112.1672109,
            -8.058738
          ],
          [
            112.1683676,
            -8.0591375
          ],
          [
            112.168528,
            -8.0591845
          ],
          [
            112.168649,
            -8.0592175
          ],
          [
            112.1701107,
            -8.0596752
          ],
          [
            112.1701336,
            -8.0596824
          ],
          [
            112.1722409,
            -8.0603413
          ],
          [
            112.1725817,
            -8.0604635
          ],
          [
            112.1736179,
            -8.0608287
          ],
          [
            112.1744286,
            -8.0611245
          ],
          [
            112.1746907,
            -8.0612218
          ],
          [
            112.1749802,
            -8.0613147
          ],
          [
            112.1755989,
            -8.0615329
          ],
          [
            112.1762895,
            -8.0617849
          ],
          [
            112.1767755,
            -8.061972
          ],
          [
            112.1771283,
            -8.0621146
          ],
          [
            112.177947,
            -8.0624454
          ]
        ]
      },
      "properties": {
        "id": "osm:way:96322119",
        "name": "Jalan Cipemali",
        "highway": "secondary",
        "restriction_type": "PROHIBITED_ROAD",
        "metadata": {
          "highway": "secondary",
          "name": "Jalan Cipemali",
          "source": "Bing"
        }
      }
    },
    {
      "type": "Feature",
      "geometry": {
        "type": "LineString",
        "coordinates": [
          [
            112.1672165,
            -8.0918691
          ],
          [
            112.1670835,
            -8.0915962
          ],
          [
            112.166959,
            -8.0914056
          ],
          [
            112.1669994,
            -8.0911692
          ],
          [
            112.1670031,
            -8.0910572
          ],
          [
            112.1670093,
            -8.0909093
          ],
          [
            112.167049,
            -8.0906146
          ],
          [
            112.1671091,
            -8.0902114
          ],
          [
            112.1671352,
            -8.0900872
          ],
          [
            112.1671594,
            -8.0899877
          ],
          [
            112.1672861,
            -8.0896816
          ],
          [
            112.1673947,
            -8.0894101
          ],
          [
            112.1678005,
            -8.0884549
          ],
          [
            112.1680543,
            -8.0878159
          ],
          [
            112.1684059,
            -8.0870062
          ],
          [
            112.1684517,
            -8.0868897
          ],
          [
            112.1686554,
            -8.0863722
          ],
          [
            112.1688918,
            -8.0858824
          ],
          [
            112.1689159,
            -8.085832
          ],
          [
            112.1691795,
            -8.0852346
          ],
          [
            112.1692098,
            -8.085151
          ],
          [
            112.1694211,
            -8.0845685
          ],
          [
            112.1697128,
            -8.0838964
          ],
          [
            112.1698118,
            -8.0836271
          ],
          [
            112.1698888,
            -8.083474
          ],
          [
            112.1702113,
            -8.0827309
          ],
          [
            112.1704937,
            -8.0820804
          ],
          [
            112.1706497,
            -8.0817209
          ],
          [
            112.1713139,
            -8.0799428
          ],
          [
            112.1713297,
            -8.079902
          ],
          [
            112.1725498,
            -8.076693
          ],
          [
            112.1727342,
            -8.0761991
          ],
          [
            112.1729125,
            -8.0757264
          ],
          [
            112.1729305,
            -8.0756786
          ],
          [
            112.1733085,
            -8.0747285
          ]
        ]
      },
      "properties": {
        "id": "osm:way:96322121",
        "name": "Jalan Ciliwung",
        "highway": "secondary",
        "restriction_type": "PROHIBITED_ROAD",
        "metadata": {
          "highway": "secondary",
          "lanes": "2",
          "name": "Jalan Ciliwung",
          "source": "Bing",
          "surface": "asphalt"
        }
      }
    },
    {
      "type": "Feature",
      "geometry": {
        "type": "LineString",
        "coordinates": [
          [
            112.130203,
            -7.9476675
          ],
          [
            112.1301131,
            -7.9485859
          ],
          [
            112.1301307,
            -7.9491353
          ],
          [
            112.1301376,
            -7.9493496
          ],
          [
            112.1302694,
            -7.9512789
          ],
          [
            112.1303315,
            -7.9518544
          ],
          [
            112.1305432,
            -7.9538529
          ],
          [
            112.1306531,
            -7.9548212
          ],
          [
            112.1307703,
            -7.9556545
          ],
          [
            112.1308917,
            -7.9566262
          ],
          [
            112.1309387,
            -7.957018
          ],
          [
            112.1309892,
            -7.9572941
          ],
          [
            112.1309951,
            -7.9573317
          ],
          [
            112.1311031,
            -7.9577131
          ],
          [
            112.1311842,
            -7.9579412
          ],
          [
            112.1312647,
            -7.9581803
          ],
          [
            112.1313807,
            -7.9585687
          ],
          [
            112.1314942,
            -7.9589633
          ],
          [
            112.1315776,
            -7.9595231
          ],
          [
            112.1316434,
            -7.96022
          ],
          [
            112.1316951,
            -7.9608008
          ],
          [
            112.1317099,
            -7.960988
          ],
          [
            112.1317494,
            -7.9613313
          ],
          [
            112.131777,
            -7.9615366
          ],
          [
            112.1318224,
            -7.9618006
          ],
          [
            112.1319057,
            -7.9622378
          ],
          [
            112.1320082,
            -7.9627267
          ],
          [
            112.1320601,
            -7.9629633
          ],
          [
            112.1320827,
            -7.9630773
          ],
          [
            112.132103,
            -7.9633239
          ],
          [
            112.1321675,
            -7.9644957
          ],
          [
            112.1322506,
            -7.9651131
          ],
          [
            112.1323704,
            -7.9656764
          ],
          [
            112.1324745,
            -7.9662446
          ],
          [
            112.1325707,
            -7.966719
          ],
          [
            112.1326386,
            -7.9670624
          ],
          [
            112.1326846,
            -7.967297
          ],
          [
            112.1328275,
            -7.9679643
          ],
          [
            112.1329263,
            -7.968426
          ],
          [
            112.1330213,
            -7.9689913
          ],
          [
            112.1331016,
            -7.9695749
          ],
          [
            112.1331741,
            -7.9706664
          ],
          [
            112.1332192,
            -7.9716962
          ],
          [
            112.1332728,
            -7.9728889
          ],
          [
            112.133288,
            -7.9731388
          ],
          [
            112.1333443,
            -7.9740358
          ],
          [
            112.1333695,
            -7.9744175
          ],
          [
            112.1333734,
            -7.9745422
          ],
          [
            112.1334719,
            -7.9760028
          ],
          [
            112.1335096,
            -7.9764717
          ],
          [
            112.1335454,
            -7.976949
          ],
          [
            112.1335553,
            -7.9772712
          ]
        ]
      },
      "properties": {
        "id": "osm:way:99614118",
        "name": "Way #99614118",
        "highway": "secondary",
        "restriction_type": "PROHIBITED_ROAD",
        "metadata": {
          "highway": "secondary",
          "source": "Bing"
        }
      }
    },
    {
      "type": "Feature",
      "geometry": {
        "type": "LineString",
        "coordinates": [
          [
            112.1895599,
            -8.0670634
          ],
          [
            112.1898907,
            -8.0666807
          ],
          [
            112.190078,
            -8.0664808
          ],
          [
            112.1905307,
            -8.0659963
          ],
          [
            112.1905434,
            -8.0659837
          ],
          [
            112.1908501,
            -8.0656796
          ],
          [
            112.1909896,
            -8.0655394
          ],
          [
            112.1912207,
            -8.0653032
          ],
          [
            112.1915165,
            -8.065023
          ],
          [
            112.1918294,
            -8.0647372
          ],
          [
            112.1919951,
            -8.0645911
          ],
          [
            112.192508,
            -8.0641391
          ],
          [
            112.1929924,
            -8.0637473
          ],
          [
            112.1937566,
            -8.0631606
          ],
          [
            112.1942918,
            -8.0627339
          ],
          [
            112.1949707,
            -8.0622376
          ],
          [
            112.1958265,
            -8.0616457
          ],
          [
            112.1969362,
            -8.0609695
          ],
          [
            112.1975829,
            -8.0606199
          ],
          [
            112.1978317,
            -8.0604646
          ],
          [
            112.198232,
            -8.0602056
          ],
          [
            112.1983688,
            -8.0601352
          ],
          [
            112.199547,
            -8.0594461
          ],
          [
            112.2000133,
            -8.0592001
          ],
          [
            112.2002785,
            -8.0590404
          ],
          [
            112.200469,
            -8.0589481
          ],
          [
            112.2007707,
            -8.0587782
          ],
          [
            112.2010063,
            -8.0586392
          ],
          [
            112.2013937,
            -8.0584103
          ],
          [
            112.2023867,
            -8.0578593
          ],
          [
            112.2034073,
            -8.0572671
          ],
          [
            112.2041476,
            -8.056862
          ],
          [
            112.2046606,
            -8.056544
          ],
          [
            112.204729,
            -8.0564909
          ],
          [
            112.2047914,
            -8.0564371
          ],
          [
            112.2049483,
            -8.0562393
          ],
          [
            112.205022,
            -8.0561198
          ],
          [
            112.2052259,
            -8.0558144
          ],
          [
            112.2053117,
            -8.0557002
          ],
          [
            112.2055447,
            -8.0553734
          ],
          [
            112.2062827,
            -8.0544197
          ],
          [
            112.2063357,
            -8.0543381
          ],
          [
            112.206772,
            -8.0537468
          ],
          [
            112.2071871,
            -8.0532486
          ],
          [
            112.2080761,
            -8.0523356
          ],
          [
            112.2083698,
            -8.0520959
          ],
          [
            112.2085685,
            -8.0519142
          ],
          [
            112.2087886,
            -8.0517193
          ],
          [
            112.2090512,
            -8.0514812
          ],
          [
            112.2094511,
            -8.0510882
          ],
          [
            112.2097916,
            -8.0507382
          ],
          [
            112.2102507,
            -8.050179
          ],
          [
            112.2105693,
            -8.0497854
          ],
          [
            112.2115952,
            -8.0485304
          ],
          [
            112.2121693,
            -8.0477655
          ],
          [
            112.2124242,
            -8.0474225
          ],
          [
            112.2126787,
            -8.0471399
          ],
          [
            112.212999,
            -8.0467507
          ],
          [
            112.2134402,
            -8.0461509
          ],
          [
            112.2135142,
            -8.0460472
          ],
          [
            112.214121,
            -8.0449328
          ],
          [
            112.2145886,
            -8.044199
          ],
          [
            112.2148649,
            -8.043704
          ],
          [
            112.2160457,
            -8.041589
          ],
          [
            112.2162938,
            -8.0411299
          ],
          [
            112.2166033,
            -8.040557
          ],
          [
            112.2166507,
            -8.0403922
          ],
          [
            112.2166758,
            -8.0402454
          ],
          [
            112.2167396,
            -8.0396048
          ],
          [
            112.2167858,
            -8.0392164
          ],
          [
            112.2168441,
            -8.0387751
          ]
        ]
      },
      "properties": {
        "id": "osm:way:147045418",
        "name": "Jalan Insinyur Soekarno",
        "highway": "secondary",
        "restriction_type": "PROHIBITED_ROAD",
        "metadata": {
          "highway": "secondary",
          "lanes": "2",
          "name": "Jalan Insinyur Soekarno",
          "name:etymology:wikidata": "Q76127",
          "name:etymology:wikipedia": "id:Sukarno",
          "surface": "asphalt"
        }
      }
    },
    {
      "type": "Feature",
      "geometry": {
        "type": "LineString",
        "coordinates": [
          [
            112.121283,
            -8.0840275
          ],
          [
            112.1212183,
            -8.0840332
          ],
          [
            112.1209744,
            -8.0839576
          ],
          [
            112.1207423,
            -8.0838527
          ],
          [
            112.1203554,
            -8.0836569
          ],
          [
            112.1195008,
            -8.083172
          ],
          [
            112.1189223,
            -8.0828999
          ],
          [
            112.117829,
            -8.0823873
          ],
          [
            112.1172564,
            -8.0821189
          ],
          [
            112.1165648,
            -8.0817681
          ],
          [
            112.1164346,
            -8.0817032
          ],
          [
            112.1161705,
            -8.0815716
          ],
          [
            112.1160083,
            -8.0815045
          ],
          [
            112.115909,
            -8.08147
          ],
          [
            112.1158185,
            -8.0814461
          ],
          [
            112.1155392,
            -8.0814094
          ],
          [
            112.1152432,
            -8.0814056
          ],
          [
            112.1150038,
            -8.0814083
          ],
          [
            112.1148173,
            -8.0814174
          ],
          [
            112.1141756,
            -8.0814627
          ],
          [
            112.1133485,
            -8.0814926
          ],
          [
            112.1126435,
            -8.0815309
          ],
          [
            112.1120289,
            -8.0815722
          ],
          [
            112.1110609,
            -8.0816419
          ],
          [
            112.1105049,
            -8.0816749
          ],
          [
            112.1101438,
            -8.081702
          ],
          [
            112.1097082,
            -8.081735
          ],
          [
            112.1092459,
            -8.0817635
          ],
          [
            112.1075645,
            -8.0818966
          ],
          [
            112.107055,
            -8.0819354
          ],
          [
            112.1068698,
            -8.0819473
          ],
          [
            112.1066017,
            -8.0819646
          ],
          [
            112.1058514,
            -8.0820131
          ],
          [
            112.1056764,
            -8.082019
          ],
          [
            112.10538,
            -8.082039
          ],
          [
            112.1041355,
            -8.0821213
          ],
          [
            112.101755,
            -8.0822607
          ],
          [
            112.0999854,
            -8.0823722
          ],
          [
            112.098771,
            -8.0824466
          ],
          [
            112.0964978,
            -8.0825887
          ],
          [
            112.0942923,
            -8.0827237
          ],
          [
            112.0931022,
            -8.0827679
          ],
          [
            112.0923967,
            -8.0828144
          ],
          [
            112.0923364,
            -8.0828184
          ],
          [
            112.0913708,
            -8.0828715
          ],
          [
            112.0910254,
            -8.0829106
          ],
          [
            112.0892693,
            -8.0830024
          ],
          [
            112.0888012,
            -8.0830294
          ],
          [
            112.0879336,
            -8.0830945
          ],
          [
            112.0868003,
            -8.0831735
          ],
          [
            112.0861955,
            -8.0832167
          ],
          [
            112.0850894,
            -8.0833026
          ],
          [
            112.0848611,
            -8.0833203
          ],
          [
            112.0846103,
            -8.0833468
          ],
          [
            112.0842428,
            -8.0834079
          ],
          [
            112.0836622,
            -8.0835221
          ],
          [
            112.0826349,
            -8.0837372
          ],
          [
            112.0820246,
            -8.083864
          ],
          [
            112.0809033,
            -8.0841035
          ],
          [
            112.0802168,
            -8.0842504
          ],
          [
            112.0798447,
            -8.0843273
          ],
          [
            112.0773791,
            -8.0848645
          ],
          [
            112.0760123,
            -8.0851857
          ],
          [
            112.0747549,
            -8.0854568
          ],
          [
            112.0741872,
            -8.0855801
          ],
          [
            112.0727731,
            -8.0859161
          ],
          [
            112.0718262,
            -8.0861285
          ],
          [
            112.071328,
            -8.0862347
          ],
          [
            112.0693566,
            -8.0866809
          ],
          [
            112.0682696,
            -8.0869457
          ],
          [
            112.067133,
            -8.0872571
          ],
          [
            112.066378,
            -8.0874709
          ],
          [
            112.0639667,
            -8.0881454
          ],
          [
            112.062885,
            -8.0884459
          ],
          [
            112.0623113,
            -8.0886027
          ],
          [
            112.0619795,
            -8.088687
          ],
          [
            112.0617965,
            -8.0887267
          ],
          [
            112.0615958,
            -8.0887539
          ],
          [
            112.0614147,
            -8.0887742
          ],
          [
            112.0611221,
            -8.0887975
          ],
          [
            112.0606756,
            -8.0888279
          ],
          [
            112.0601981,
            -8.0888585
          ],
          [
            112.0593035,
            -8.0889099
          ],
          [
            112.0584231,
            -8.0889623
          ],
          [
            112.0581347,
            -8.0889771
          ],
          [
            112.0568803,
            -8.0890416
          ],
          [
            112.0566389,
            -8.0890589
          ],
          [
            112.0553726,
            -8.0891366
          ],
          [
            112.0540023,
            -8.0892326
          ],
          [
            112.0535775,
            -8.0892617
          ],
          [
            112.0531879,
            -8.0892772
          ],
          [
            112.0529971,
            -8.0892723
          ],
          [
            112.0526731,
            -8.0892462
          ],
          [
            112.0522512,
            -8.0892064
          ],
          [
            112.0516307,
            -8.0891541
          ],
          [
            112.0511589,
            -8.0891182
          ],
          [
            112.0507292,
            -8.0890775
          ],
          [
            112.0504786,
            -8.0890582
          ],
          [
            112.0499824,
            -8.088999
          ],
          [
            112.049443,
            -8.0889264
          ],
          [
            112.0489209,
            -8.0888561
          ],
          [
            112.0479934,
            -8.0887296
          ],
          [
            112.0476546,
            -8.0886745
          ]
        ]
      },
      "properties": {
        "id": "osm:way:149846258",
        "name": "Tugurante - Nglempung",
        "highway": "secondary",
        "restriction_type": "PROHIBITED_ROAD",
        "metadata": {
          "highway": "secondary",
          "name": "Tugurante - Nglempung"
        }
      }
    },
    {
      "type": "Feature",
      "geometry": {
        "type": "LineString",
        "coordinates": [
          [
            112.0476546,
            -8.0886745
          ],
          [
            112.0475003,
            -8.0886576
          ],
          [
            112.0468866,
            -8.0885768
          ],
          [
            112.04627,
            -8.0884944
          ],
          [
            112.0458804,
            -8.0884386
          ],
          [
            112.0454192,
            -8.0883605
          ],
          [
            112.045124,
            -8.0883192
          ],
          [
            112.0450328,
            -8.0883089
          ],
          [
            112.0445764,
            -8.0882315
          ],
          [
            112.0436278,
            -8.088089
          ],
          [
            112.0436121,
            -8.0880865
          ],
          [
            112.0424178,
            -8.0878963
          ],
          [
            112.0423753,
            -8.0878885
          ],
          [
            112.0400335,
            -8.0875198
          ],
          [
            112.0393122,
            -8.0873969
          ],
          [
            112.0384647,
            -8.0872667
          ],
          [
            112.037194,
            -8.0871108
          ],
          [
            112.0362883,
            -8.0870155
          ],
          [
            112.0346371,
            -8.0869055
          ],
          [
            112.0341506,
            -8.0868794
          ],
          [
            112.0330609,
            -8.086815
          ],
          [
            112.0324896,
            -8.0867884
          ],
          [
            112.0315908,
            -8.0867284
          ],
          [
            112.0306368,
            -8.0866749
          ],
          [
            112.029,
            -8.0866067
          ],
          [
            112.0280363,
            -8.0865641
          ],
          [
            112.0265355,
            -8.0864965
          ],
          [
            112.0249456,
            -8.0864024
          ],
          [
            112.024265,
            -8.0863643
          ],
          [
            112.023452,
            -8.0863188
          ],
          [
            112.023101,
            -8.0862992
          ],
          [
            112.022173,
            -8.0862473
          ],
          [
            112.0197706,
            -8.0861108
          ],
          [
            112.0188278,
            -8.0860461
          ],
          [
            112.0167827,
            -8.085897
          ],
          [
            112.0157538,
            -8.0857934
          ],
          [
            112.014457,
            -8.0856342
          ],
          [
            112.0118316,
            -8.085324
          ],
          [
            112.0107642,
            -8.0851979
          ],
          [
            112.0093767,
            -8.0849943
          ],
          [
            112.0085024,
            -8.0848864
          ],
          [
            112.0073587,
            -8.0847396
          ],
          [
            112.0062481,
            -8.0845989
          ],
          [
            112.0061569,
            -8.0845883
          ],
          [
            112.005218,
            -8.0844898
          ],
          [
            112.0049663,
            -8.0844634
          ],
          [
            112.0034544,
            -8.0842501
          ],
          [
            112.0033153,
            -8.0842553
          ],
          [
            112.0017423,
            -8.083996
          ],
          [
            112.0003202,
            -8.0836995
          ],
          [
            112.0002448,
            -8.0836814
          ],
          [
            112.000186,
            -8.0836615
          ],
          [
            112.0000956,
            -8.0836144
          ],
          [
            112.0000245,
            -8.0835649
          ],
          [
            111.9999356,
            -8.0834823
          ],
          [
            111.9997074,
            -8.0832445
          ],
          [
            111.998869,
            -8.0821846
          ],
          [
            111.9985846,
            -8.0818462
          ],
          [
            111.9982938,
            -8.0815001
          ],
          [
            111.9979092,
            -8.0810425
          ],
          [
            111.9974425,
            -8.0804522
          ],
          [
            111.9974053,
            -8.0804047
          ],
          [
            111.9969796,
            -8.0798861
          ],
          [
            111.9965789,
            -8.079398
          ],
          [
            111.9963797,
            -8.0791271
          ],
          [
            111.9961157,
            -8.0787679
          ],
          [
            111.9956385,
            -8.0782058
          ],
          [
            111.995214,
            -8.0777041
          ],
          [
            111.9950908,
            -8.077541
          ],
          [
            111.9950574,
            -8.0774953
          ]
        ]
      },
      "properties": {
        "id": "osm:way:149846261",
        "name": "35-009",
        "highway": "primary",
        "restriction_type": "PROHIBITED_ROAD",
        "metadata": {
          "highway": "primary",
          "ref": "35-009",
          "source": "GPS",
          "width": "6"
        }
      }
    },
    {
      "type": "Feature",
      "geometry": {
        "type": "LineString",
        "coordinates": [
          [
            112.1606966,
            -8.0987719
          ],
          [
            112.1606182,
            -8.0989802
          ],
          [
            112.1603764,
            -8.0998303
          ],
          [
            112.1602503,
            -8.100247
          ],
          [
            112.1601931,
            -8.1004213
          ],
          [
            112.1600808,
            -8.1007768
          ],
          [
            112.1600534,
            -8.1008531
          ],
          [
            112.1600127,
            -8.1009754
          ],
          [
            112.1598086,
            -8.1015983
          ],
          [
            112.1594152,
            -8.1027959
          ],
          [
            112.1593584,
            -8.1029862
          ]
        ]
      },
      "properties": {
        "id": "osm:way:149890231",
        "name": "Jalan Anggrek",
        "highway": "primary",
        "restriction_type": "PROHIBITED_ROAD",
        "metadata": {
          "designation": "city_road",
          "highway": "primary",
          "lanes": "2",
          "name": "Jalan Anggrek",
          "oneway": "yes",
          "source": "GPS",
          "surface": "asphalt"
        }
      }
    },
    {
      "type": "Feature",
      "geometry": {
        "type": "LineString",
        "coordinates": [
          [
            111.9949587,
            -8.0773764
          ],
          [
            111.9944413,
            -8.07672
          ],
          [
            111.9941877,
            -8.0764131
          ],
          [
            111.9935547,
            -8.0756058
          ],
          [
            111.9934789,
            -8.0754962
          ],
          [
            111.9928171,
            -8.0746763
          ],
          [
            111.9926085,
            -8.0744035
          ]
        ]
      },
      "properties": {
        "id": "osm:way:149890233",
        "name": "35-009",
        "highway": "primary",
        "restriction_type": "PROHIBITED_ROAD",
        "metadata": {
          "highway": "primary",
          "ref": "35-009",
          "width": "6"
        }
      }
    },
    {
      "type": "Feature",
      "geometry": {
        "type": "LineString",
        "coordinates": [
          [
            112.1727658,
            -8.099576
          ],
          [
            112.1728517,
            -8.0995825
          ],
          [
            112.1736586,
            -8.0996321
          ],
          [
            112.1741257,
            -8.0996782
          ],
          [
            112.1742821,
            -8.0996938
          ],
          [
            112.1744354,
            -8.0997042
          ]
        ]
      },
      "properties": {
        "id": "osm:way:149890237",
        "name": "Jalan Ahmad Yani",
        "highway": "primary",
        "restriction_type": "PROHIBITED_ROAD",
        "metadata": {
          "designation": "city_road",
          "highway": "primary",
          "lanes": "2",
          "name": "Jalan Ahmad Yani",
          "name:etymology:wikidata": "Q2992817",
          "name:etymology:wikipedia": "id:Ahmad Yani",
          "oneway": "no",
          "source": "GPS"
        }
      }
    },
    {
      "type": "Feature",
      "geometry": {
        "type": "LineString",
        "coordinates": [
          [
            112.1606966,
            -8.0987719
          ],
          [
            112.1607569,
            -8.0984505
          ],
          [
            112.1609238,
            -8.0978839
          ],
          [
            112.161002,
            -8.0976519
          ],
          [
            112.1610246,
            -8.0975946
          ],
          [
            112.1611016,
            -8.0973311
          ],
          [
            112.1611243,
            -8.0972533
          ],
          [
            112.1612014,
            -8.0970103
          ],
          [
            112.161273,
            -8.096793
          ],
          [
            112.1612947,
            -8.0967186
          ],
          [
            112.1613048,
            -8.0966842
          ]
        ]
      },
      "properties": {
        "id": "osm:way:149890242",
        "name": "Jalan Wilis",
        "highway": "secondary",
        "restriction_type": "PROHIBITED_ROAD",
        "metadata": {
          "highway": "secondary",
          "lanes": "2",
          "name": "Jalan Wilis",
          "oneway": "yes",
          "source": "GPS",
          "surface": "asphalt"
        }
      }
    },
    {
      "type": "Feature",
      "geometry": {
        "type": "LineString",
        "coordinates": [
          [
            112.1720861,
            -8.0957187
          ],
          [
            112.1720075,
            -8.0960978
          ],
          [
            112.1719088,
            -8.0966131
          ],
          [
            112.1718681,
            -8.0968433
          ],
          [
            112.1718321,
            -8.0970359
          ],
          [
            112.1718278,
            -8.0970597
          ],
          [
            112.1716974,
            -8.0977787
          ],
          [
            112.1715991,
            -8.0982735
          ],
          [
            112.1714164,
            -8.0991713
          ],
          [
            112.1713552,
            -8.0994545
          ]
        ]
      },
      "properties": {
        "id": "osm:way:149890246",
        "name": "Jalan Jenderal Sudirman",
        "highway": "primary",
        "restriction_type": "PROHIBITED_ROAD",
        "metadata": {
          "cycleway:left": "no",
          "cycleway:right": "lane",
          "designation": "city_road",
          "highway": "primary",
          "lanes": "2",
          "lit": "yes",
          "name": "Jalan Jenderal Sudirman",
          "name:etymology:wikidata": "Q2367329",
          "name:etymology:wikipedia": "id:Soedirman",
          "oneway": "yes",
          "source": "GPS",
          "surface": "asphalt"
        }
      }
    },
    {
      "type": "Feature",
      "geometry": {
        "type": "LineString",
        "coordinates": [
          [
            112.1593584,
            -8.1029862
          ],
          [
            112.1591522,
            -8.1029634
          ],
          [
            112.1581374,
            -8.1027773
          ],
          [
            112.1579068,
            -8.102735
          ],
          [
            112.1575355,
            -8.1026669
          ],
          [
            112.1573853,
            -8.1026405
          ],
          [
            112.1565807,
            -8.1024958
          ],
          [
            112.1564464,
            -8.1024778
          ]
        ]
      },
      "properties": {
        "id": "osm:way:149897389",
        "name": "Jalan Cempaka",
        "highway": "primary",
        "restriction_type": "PROHIBITED_ROAD",
        "metadata": {
          "designation": "provincial_road",
          "highway": "primary",
          "name": "Jalan Cempaka",
          "oneway": "no",
          "ref": "127",
          "reg_ref": "35-127-12K",
          "source": "GPS",
          "surface": "asphalt"
        }
      }
    },
    {
      "type": "Feature",
      "geometry": {
        "type": "LineString",
        "coordinates": [
          [
            112.0969273,
            -8.114727
          ],
          [
            112.0972366,
            -8.1146652
          ],
          [
            112.09736,
            -8.1146533
          ],
          [
            112.097521,
            -8.1146613
          ],
          [
            112.0979597,
            -8.1147529
          ],
          [
            112.0983865,
            -8.1148394
          ],
          [
            112.0989454,
            -8.1149428
          ],
          [
            112.0990587,
            -8.1149753
          ],
          [
            112.0991392,
            -8.1150178
          ],
          [
            112.0992049,
            -8.1150669
          ],
          [
            112.0992874,
            -8.1151452
          ],
          [
            112.0993698,
            -8.1152481
          ],
          [
            112.0994282,
            -8.1153391
          ],
          [
            112.0995449,
            -8.1155946
          ],
          [
            112.0996092,
            -8.1157553
          ],
          [
            112.0996602,
            -8.1158954
          ],
          [
            112.0996997,
            -8.1159797
          ],
          [
            112.099742,
            -8.11605
          ],
          [
            112.0998023,
            -8.1161005
          ],
          [
            112.0998989,
            -8.1161662
          ],
          [
            112.100025,
            -8.1162359
          ],
          [
            112.1001685,
            -8.116303
          ],
          [
            112.1004105,
            -8.1164052
          ],
          [
            112.1007397,
            -8.1165492
          ],
          [
            112.101365,
            -8.1168295
          ],
          [
            112.1017376,
            -8.1169956
          ],
          [
            112.1021361,
            -8.1171648
          ],
          [
            112.102529,
            -8.1173348
          ],
          [
            112.1027067,
            -8.1174131
          ],
          [
            112.1030229,
            -8.1175495
          ],
          [
            112.1032039,
            -8.117615
          ],
          [
            112.1040388,
            -8.11797
          ],
          [
            112.1042196,
            -8.1180515
          ],
          [
            112.1047047,
            -8.1182607
          ],
          [
            112.1057465,
            -8.1187137
          ],
          [
            112.1060504,
            -8.1188488
          ],
          [
            112.106301,
            -8.1189644
          ],
          [
            112.1066376,
            -8.1191356
          ],
          [
            112.1081071,
            -8.120046
          ],
          [
            112.1087195,
            -8.1204169
          ],
          [
            112.1093582,
            -8.120836
          ],
          [
            112.1097734,
            -8.1211137
          ],
          [
            112.1112334,
            -8.1220576
          ],
          [
            112.1115244,
            -8.1222484
          ],
          [
            112.1116446,
            -8.1223273
          ],
          [
            112.1120488,
            -8.122603
          ],
          [
            112.1123725,
            -8.1228171
          ],
          [
            112.1124733,
            -8.1228838
          ],
          [
            112.1130645,
            -8.1232905
          ],
          [
            112.1135729,
            -8.1236402
          ],
          [
            112.1142499,
            -8.1240771
          ],
          [
            112.1147233,
            -8.1243569
          ],
          [
            112.1152159,
            -8.1246637
          ],
          [
            112.115453,
            -8.1248033
          ],
          [
            112.1156502,
            -8.1249161
          ],
          [
            112.1163163,
            -8.1252423
          ],
          [
            112.1165676,
            -8.1253671
          ],
          [
            112.1170858,
            -8.1256384
          ],
          [
            112.1174285,
            -8.1258138
          ],
          [
            112.1180075,
            -8.1261297
          ],
          [
            112.1180598,
            -8.1261554
          ],
          [
            112.1188713,
            -8.1265528
          ],
          [
            112.1197626,
            -8.1269974
          ],
          [
            112.1207794,
            -8.1275075
          ],
          [
            112.1210574,
            -8.1276206
          ],
          [
            112.1211775,
            -8.127706
          ],
          [
            112.1212356,
            -8.1277695
          ],
          [
            112.1216343,
            -8.1282396
          ],
          [
            112.1218353,
            -8.1285034
          ],
          [
            112.1221489,
            -8.1288939
          ],
          [
            112.1224924,
            -8.1292902
          ],
          [
            112.1226747,
            -8.1295004
          ],
          [
            112.122754,
            -8.1295945
          ],
          [
            112.122967,
            -8.1298375
          ],
          [
            112.1233059,
            -8.130233
          ],
          [
            112.1233778,
            -8.1303221
          ],
          [
            112.1235899,
            -8.13059
          ],
          [
            112.1242695,
            -8.1313844
          ],
          [
            112.1246342,
            -8.1318291
          ],
          [
            112.1249172,
            -8.1321677
          ],
          [
            112.1250138,
            -8.1322646
          ],
          [
            112.1251231,
            -8.1323582
          ],
          [
            112.1252431,
            -8.1324518
          ],
          [
            112.1252672,
            -8.132465
          ],
          [
            112.1253068,
            -8.1324783
          ],
          [
            112.1253437,
            -8.1324836
          ],
          [
            112.125392,
            -8.1324863
          ],
          [
            112.125449,
            -8.132477
          ],
          [
            112.1255811,
            -8.1324345
          ],
          [
            112.1256883,
            -8.1324133
          ]
        ]
      },
      "properties": {
        "id": "osm:way:149897393",
        "name": "Jalan Raya Jimbe Blitar",
        "highway": "trunk",
        "restriction_type": "PROHIBITED_ROAD",
        "metadata": {
          "highway": "trunk",
          "name": "Jalan Raya Jimbe Blitar",
          "oneway": "no",
          "ref": "3",
          "surface": "asphalt"
        }
      }
    },
    {
      "type": "Feature",
      "geometry": {
        "type": "LineString",
        "coordinates": [
          [
            112.1677486,
            -8.0951618
          ],
          [
            112.1678417,
            -8.0951764
          ],
          [
            112.1684187,
            -8.0952351
          ],
          [
            112.169155,
            -8.095336
          ]
        ]
      },
      "properties": {
        "id": "osm:way:149897402",
        "name": "Jalan Anjasmoro",
        "highway": "primary",
        "restriction_type": "PROHIBITED_ROAD",
        "metadata": {
          "designation": "city_road",
          "highway": "primary",
          "lanes": "2",
          "name": "Jalan Anjasmoro",
          "source": "Bing;GPS",
          "surface": "asphalt"
        }
      }
    },
    {
      "type": "Feature",
      "geometry": {
        "type": "LineString",
        "coordinates": [
          [
            112.1628993,
            -8.0969001
          ],
          [
            112.1628038,
            -8.0978028
          ],
          [
            112.1628003,
            -8.0978362
          ],
          [
            112.1626908,
            -8.0988605
          ]
        ]
      },
      "properties": {
        "id": "osm:way:149897404",
        "name": "Jalan Lawu",
        "highway": "primary",
        "restriction_type": "PROHIBITED_ROAD",
        "metadata": {
          "designation": "city_road",
          "highway": "primary",
          "lanes": "2",
          "name": "Jalan Lawu",
          "oneway": "yes",
          "source": "GPS",
          "surface": "asphalt"
        }
      }
    },
    {
      "type": "Feature",
      "geometry": {
        "type": "LineString",
        "coordinates": [
          [
            112.1684216,
            -8.1017926
          ],
          [
            112.1683973,
            -8.1019015
          ],
          [
            112.1682799,
            -8.1024661
          ],
          [
            112.1682696,
            -8.1025155
          ],
          [
            112.1682616,
            -8.1025558
          ],
          [
            112.1682536,
            -8.1025957
          ],
          [
            112.1681889,
            -8.1029272
          ],
          [
            112.168182,
            -8.1029606
          ],
          [
            112.1681085,
            -8.103314
          ],
          [
            112.1680362,
            -8.1036618
          ],
          [
            112.1679345,
            -8.1041513
          ],
          [
            112.1678939,
            -8.1043261
          ],
          [
            112.1678698,
            -8.1044316
          ],
          [
            112.1678344,
            -8.1045956
          ]
        ]
      },
      "properties": {
        "id": "osm:way:149897408",
        "name": "Jalan Veteran",
        "highway": "primary",
        "restriction_type": "PROHIBITED_ROAD",
        "metadata": {
          "designation": "city_road",
          "highway": "primary",
          "lanes": "2",
          "name": "Jalan Veteran",
          "oneway": "no",
          "source": "GPS"
        }
      }
    },
    {
      "type": "Feature",
      "geometry": {
        "type": "LineString",
        "coordinates": [
          [
            112.1696347,
            -8.0922999
          ],
          [
            112.1694105,
            -8.0922711
          ],
          [
            112.1687574,
            -8.0921872
          ],
          [
            112.1683361,
            -8.0921711
          ],
          [
            112.1681839,
            -8.0921672
          ],
          [
            112.1681289,
            -8.0921705
          ],
          [
            112.1680767,
            -8.0921809
          ],
          [
            112.1679947,
            -8.0922213
          ],
          [
            112.167909,
            -8.0922634
          ],
          [
            112.1677776,
            -8.0923517
          ],
          [
            112.1677094,
            -8.0924221
          ]
        ]
      },
      "properties": {
        "id": "osm:way:149948774",
        "name": "Jalan Raung",
        "highway": "secondary",
        "restriction_type": "PROHIBITED_ROAD",
        "metadata": {
          "highway": "secondary",
          "name": "Jalan Raung",
          "source": "GPS",
          "surface": "asphalt"
        }
      }
    },
    {
      "type": "Feature",
      "geometry": {
        "type": "LineString",
        "coordinates": [
          [
            112.1694096,
            -8.0928994
          ],
          [
            112.1694105,
            -8.0922711
          ]
        ]
      },
      "properties": {
        "id": "osm:way:149948775",
        "name": "Jalan Dokter Wahidin Sudirohusodo",
        "highway": "secondary",
        "restriction_type": "PROHIBITED_ROAD",
        "metadata": {
          "highway": "secondary",
          "name": "Jalan Dokter Wahidin Sudirohusodo",
          "name:etymology:wikidata": "Q12523858",
          "name:etymology:wikipedia": "id:Wahidin Soedirohoesodo",
          "oneway": "yes",
          "surface": "asphalt"
        }
      }
    },
    {
      "type": "Feature",
      "geometry": {
        "type": "LineString",
        "coordinates": [
          [
            112.169155,
            -8.095336
          ],
          [
            112.1692005,
            -8.0947124
          ],
          [
            112.1692238,
            -8.0944749
          ],
          [
            112.169251,
            -8.0940804
          ],
          [
            112.1694096,
            -8.0928994
          ]
        ]
      },
      "properties": {
        "id": "osm:way:149948776",
        "name": "Jalan Dokter Wahidin Sudirohusodo",
        "highway": "secondary",
        "restriction_type": "PROHIBITED_ROAD",
        "metadata": {
          "highway": "secondary",
          "lane_markings": "yes",
          "lanes": "2",
          "lit": "yes",
          "name": "Jalan Dokter Wahidin Sudirohusodo",
          "name:etymology:wikidata": "Q12523858",
          "name:etymology:wikipedia": "id:Wahidin Soedirohoesodo",
          "oneway": "no",
          "surface": "asphalt"
        }
      }
    },
    {
      "type": "Feature",
      "geometry": {
        "type": "LineString",
        "coordinates": [
          [
            112.1780162,
            -8.1135796
          ],
          [
            112.1781486,
            -8.1136355
          ],
          [
            112.1785701,
            -8.1137904
          ],
          [
            112.1786007,
            -8.1138059
          ]
        ]
      },
      "properties": {
        "id": "osm:way:149989858",
        "name": "Jalan Bali",
        "highway": "secondary",
        "restriction_type": "PROHIBITED_ROAD",
        "metadata": {
          "highway": "secondary",
          "name": "Jalan Bali",
          "source": "GPS"
        }
      }
    },
    {
      "type": "Feature",
      "geometry": {
        "type": "LineString",
        "coordinates": [
          [
            112.1491424,
            -8.1143349
          ],
          [
            112.1496197,
            -8.1125417
          ],
          [
            112.1496702,
            -8.1123389
          ],
          [
            112.1498473,
            -8.1117485
          ],
          [
            112.1498515,
            -8.1117295
          ],
          [
            112.1499272,
            -8.1113945
          ],
          [
            112.1499717,
            -8.1111974
          ],
          [
            112.1501204,
            -8.1106127
          ],
          [
            112.1501404,
            -8.1105446
          ],
          [
            112.1502537,
            -8.1101583
          ],
          [
            112.1503781,
            -8.1097343
          ],
          [
            112.1504478,
            -8.1094621
          ],
          [
            112.1504999,
            -8.1092512
          ],
          [
            112.150535,
            -8.1091089
          ],
          [
            112.1506651,
            -8.1086256
          ],
          [
            112.1507482,
            -8.1083442
          ],
          [
            112.1508796,
            -8.1078529
          ],
          [
            112.1509449,
            -8.107608
          ],
          [
            112.1510988,
            -8.1070084
          ],
          [
            112.1511771,
            -8.1067007
          ],
          [
            112.1512901,
            -8.1062956
          ],
          [
            112.1514885,
            -8.1055759
          ],
          [
            112.1515475,
            -8.1053382
          ],
          [
            112.1515971,
            -8.1051311
          ],
          [
            112.1516226,
            -8.1050315
          ],
          [
            112.1516883,
            -8.104774
          ],
          [
            112.1518452,
            -8.1042482
          ],
          [
            112.1520169,
            -8.1035989
          ],
          [
            112.1521108,
            -8.1032511
          ],
          [
            112.1521644,
            -8.1030625
          ],
          [
            112.1522275,
            -8.1028143
          ],
          [
            112.1522436,
            -8.1027465
          ],
          [
            112.1523924,
            -8.1022168
          ],
          [
            112.1524943,
            -8.1018225
          ],
          [
            112.1525198,
            -8.101722
          ]
        ]
      },
      "properties": {
        "id": "osm:way:149989859",
        "name": "Way #149989859",
        "highway": "secondary",
        "restriction_type": "PROHIBITED_ROAD",
        "metadata": {
          "highway": "secondary"
        }
      }
    },
    {
      "type": "Feature",
      "geometry": {
        "type": "LineString",
        "coordinates": [
          [
            112.1783653,
            -8.0999208
          ],
          [
            112.1783909,
            -8.0997995
          ],
          [
            112.1785459,
            -8.0989471
          ],
          [
            112.1785513,
            -8.0989086
          ],
          [
            112.1786847,
            -8.0981977
          ],
          [
            112.1787705,
            -8.097775
          ],
          [
            112.1788555,
            -8.0973561
          ],
          [
            112.1789658,
            -8.0967033
          ],
          [
            112.1790815,
            -8.0959939
          ],
          [
            112.1791956,
            -8.0954286
          ],
          [
            112.1792308,
            -8.0952373
          ],
          [
            112.1792963,
            -8.0948824
          ],
          [
            112.1793607,
            -8.0945266
          ],
          [
            112.1795222,
            -8.0935644
          ],
          [
            112.1796519,
            -8.0927989
          ],
          [
            112.1796769,
            -8.0926207
          ]
        ]
      },
      "properties": {
        "id": "osm:way:150542888",
        "name": "Jalan Dokter Sutomo",
        "highway": "secondary",
        "restriction_type": "PROHIBITED_ROAD",
        "metadata": {
          "designation": "city_road",
          "highway": "secondary",
          "name": "Jalan Dokter Sutomo",
          "name:etymology:wikidata": "Q2249375",
          "name:etymology:wikipedia": "id:Soetomo"
        }
      }
    },
    {
      "type": "Feature",
      "geometry": {
        "type": "LineString",
        "coordinates": [
          [
            112.182168,
            -8.1004081
          ],
          [
            112.1822433,
            -8.100182
          ],
          [
            112.1822907,
            -8.0999756
          ],
          [
            112.1823671,
            -8.0997235
          ],
          [
            112.182672,
            -8.0986672
          ],
          [
            112.1827047,
            -8.0985171
          ],
          [
            112.1827256,
            -8.0983942
          ],
          [
            112.182732,
            -8.0983568
          ],
          [
            112.1827637,
            -8.0981157
          ],
          [
            112.1828005,
            -8.097814
          ],
          [
            112.1828944,
            -8.0970126
          ],
          [
            112.1829236,
            -8.0967891
          ],
          [
            112.1829463,
            -8.0965948
          ],
          [
            112.1830167,
            -8.0959833
          ],
          [
            112.1830689,
            -8.0956013
          ],
          [
            112.1831037,
            -8.0952947
          ],
          [
            112.1831463,
            -8.0949126
          ],
          [
            112.1832172,
            -8.0943098
          ],
          [
            112.1833302,
            -8.0934144
          ],
          [
            112.1834041,
            -8.0930082
          ],
          [
            112.1834335,
            -8.0928468
          ],
          [
            112.1835771,
            -8.0921477
          ],
          [
            112.1836834,
            -8.0916763
          ],
          [
            112.1837005,
            -8.0916002
          ],
          [
            112.1838432,
            -8.0909966
          ],
          [
            112.183852,
            -8.0909496
          ],
          [
            112.1838651,
            -8.0908989
          ]
        ]
      },
      "properties": {
        "id": "osm:way:150550059",
        "name": "Jalan Imam Bonjol",
        "highway": "trunk",
        "restriction_type": "PROHIBITED_ROAD",
        "metadata": {
          "highway": "trunk",
          "name": "Jalan Imam Bonjol",
          "name:etymology:wikidata": "Q145877",
          "name:etymology:wikipedia": "id:Tuanku Imam Bonjol",
          "oneway": "no",
          "ref": "3",
          "source": "GPS"
        }
      }
    },
    {
      "type": "Feature",
      "geometry": {
        "type": "LineString",
        "coordinates": [
          [
            112.1744354,
            -8.0997042
          ],
          [
            112.1744033,
            -8.099826
          ],
          [
            112.1742132,
            -8.1006281
          ],
          [
            112.173945,
            -8.1017598
          ],
          [
            112.1737687,
            -8.1025203
          ],
          [
            112.1737435,
            -8.1026312
          ],
          [
            112.1737161,
            -8.1027563
          ],
          [
            112.1736701,
            -8.1029342
          ],
          [
            112.1734613,
            -8.1037759
          ],
          [
            112.1733807,
            -8.1040842
          ],
          [
            112.1731782,
            -8.1049193
          ],
          [
            112.1729898,
            -8.1056834
          ]
        ]
      },
      "properties": {
        "id": "osm:way:150550068",
        "name": "Jalan Sumatra",
        "highway": "secondary",
        "restriction_type": "PROHIBITED_ROAD",
        "metadata": {
          "designation": "city_road",
          "highway": "secondary",
          "lanes": "2",
          "name": "Jalan Sumatra",
          "not:name": "Sumatera",
          "oneway": "no",
          "source": "GPS",
          "surface": "asphalt"
        }
      }
    },
    {
      "type": "Feature",
      "geometry": {
        "type": "LineString",
        "coordinates": [
          [
            112.1560962,
            -8.1022154
          ],
          [
            112.156122,
            -8.1022342
          ],
          [
            112.1561411,
            -8.1022597
          ],
          [
            112.1561521,
            -8.1022922
          ],
          [
            112.1561522,
            -8.1023265
          ],
          [
            112.1561411,
            -8.102359
          ],
          [
            112.1561202,
            -8.1023863
          ],
          [
            112.1560916,
            -8.1024056
          ],
          [
            112.1560582,
            -8.1024148
          ],
          [
            112.1560237,
            -8.1024131
          ],
          [
            112.1559922,
            -8.102401
          ],
          [
            112.1559662,
            -8.1023798
          ],
          [
            112.155948,
            -8.1023517
          ],
          [
            112.1559396,
            -8.1023194
          ],
          [
            112.1559417,
            -8.1022861
          ],
          [
            112.1559542,
            -8.1022551
          ],
          [
            112.1559758,
            -8.1022294
          ],
          [
            112.1560028,
            -8.1022123
          ],
          [
            112.1560338,
            -8.1022039
          ],
          [
            112.1560658,
            -8.102205
          ],
          [
            112.1560962,
            -8.1022154
          ]
        ]
      },
      "properties": {
        "id": "osm:way:150560347",
        "name": "127",
        "highway": "primary",
        "restriction_type": "PROHIBITED_ROAD",
        "metadata": {
          "designation": "provincial_road",
          "highway": "primary",
          "junction": "roundabout",
          "oneway": "yes",
          "ref": "127",
          "reg_ref": "35-127",
          "source": "Bing;GPS"
        }
      }
    },
    {
      "type": "Feature",
      "geometry": {
        "type": "LineString",
        "coordinates": [
          [
            112.1931151,
            -7.9954728
          ],
          [
            112.1929622,
            -7.9949508
          ],
          [
            112.1928261,
            -7.9944256
          ],
          [
            112.1927194,
            -7.9941407
          ],
          [
            112.1926439,
            -7.9938732
          ]
        ]
      },
      "properties": {
        "id": "osm:way:151717862",
        "name": "Way #151717862",
        "highway": "secondary",
        "restriction_type": "PROHIBITED_ROAD",
        "metadata": {
          "highway": "secondary"
        }
      }
    },
    {
      "type": "Feature",
      "geometry": {
        "type": "LineString",
        "coordinates": [
          [
            112.1856039,
            -8.0057745
          ],
          [
            112.1875072,
            -8.0056431
          ],
          [
            112.1879357,
            -8.0056177
          ],
          [
            112.1883311,
            -8.0055939
          ],
          [
            112.1892166,
            -8.005541
          ],
          [
            112.1902843,
            -8.0054773
          ],
          [
            112.190865,
            -8.0054427
          ],
          [
            112.1919791,
            -8.0053986
          ],
          [
            112.1920071,
            -8.0053932
          ],
          [
            112.1920247,
            -8.0053817
          ],
          [
            112.1920428,
            -8.0053475
          ],
          [
            112.1920687,
            -8.0052781
          ],
          [
            112.1923832,
            -8.0042373
          ],
          [
            112.1924378,
            -8.0040777
          ],
          [
            112.1925531,
            -8.0036908
          ],
          [
            112.1926734,
            -8.0033351
          ],
          [
            112.1928092,
            -8.0029129
          ],
          [
            112.1928793,
            -8.002695
          ],
          [
            112.1930327,
            -8.0020493
          ],
          [
            112.1930951,
            -8.0011776
          ],
          [
            112.1932078,
            -7.9996364
          ],
          [
            112.1933554,
            -7.9973326
          ],
          [
            112.1933723,
            -7.9972235
          ],
          [
            112.1934463,
            -7.9969924
          ],
          [
            112.1934687,
            -7.996871
          ],
          [
            112.1934762,
            -7.9967268
          ],
          [
            112.1934594,
            -7.996589
          ],
          [
            112.1931151,
            -7.9954728
          ]
        ]
      },
      "properties": {
        "id": "osm:way:151717892",
        "name": "Way #151717892",
        "highway": "secondary",
        "restriction_type": "PROHIBITED_ROAD",
        "metadata": {
          "highway": "secondary"
        }
      }
    },
    {
      "type": "Feature",
      "geometry": {
        "type": "LineString",
        "coordinates": [
          [
            111.9527947,
            -8.1162978
          ],
          [
            111.9528534,
            -8.1171652
          ],
          [
            111.9529051,
            -8.1179393
          ],
          [
            111.952936,
            -8.1192398
          ],
          [
            111.95294,
            -8.1194137
          ],
          [
            111.952948,
            -8.1197602
          ],
          [
            111.9529682,
            -8.1203716
          ],
          [
            111.9529729,
            -8.1206398
          ],
          [
            111.9529628,
            -8.1210752
          ],
          [
            111.9529497,
            -8.1211325
          ],
          [
            111.9529259,
            -8.1211768
          ],
          [
            111.952881,
            -8.1212425
          ],
          [
            111.9527489,
            -8.1214164
          ],
          [
            111.9522319,
            -8.1221692
          ],
          [
            111.9521521,
            -8.1222993
          ],
          [
            111.9521092,
            -8.1223763
          ],
          [
            111.9520677,
            -8.1224666
          ],
          [
            111.9520555,
            -8.1224925
          ],
          [
            111.9520327,
            -8.1225476
          ],
          [
            111.9519885,
            -8.1226804
          ],
          [
            111.9519499,
            -8.1228812
          ],
          [
            111.9519436,
            -8.1229612
          ],
          [
            111.9519406,
            -8.1230436
          ],
          [
            111.9519002,
            -8.1241367
          ],
          [
            111.9518641,
            -8.1251127
          ],
          [
            111.9518644,
            -8.1251332
          ],
          [
            111.9518617,
            -8.1259045
          ],
          [
            111.951876,
            -8.1261345
          ],
          [
            111.9518982,
            -8.1265833
          ],
          [
            111.9519237,
            -8.1271144
          ],
          [
            111.9519536,
            -8.1276272
          ],
          [
            111.9521011,
            -8.1296438
          ],
          [
            111.9521032,
            -8.1297036
          ],
          [
            111.9521695,
            -8.1308214
          ],
          [
            111.9522205,
            -8.131531
          ],
          [
            111.9522657,
            -8.132211
          ],
          [
            111.9523097,
            -8.133089
          ],
          [
            111.9523332,
            -8.1331813
          ],
          [
            111.9523613,
            -8.1332258
          ],
          [
            111.9523891,
            -8.1332676
          ],
          [
            111.95243,
            -8.1332968
          ],
          [
            111.9524911,
            -8.1333343
          ],
          [
            111.9527094,
            -8.1334274
          ],
          [
            111.9538566,
            -8.1338564
          ],
          [
            111.9540793,
            -8.1339413
          ],
          [
            111.9542858,
            -8.1340263
          ],
          [
            111.954645,
            -8.1341507
          ],
          [
            111.9550039,
            -8.1342917
          ],
          [
            111.9553896,
            -8.1344442
          ],
          [
            111.9558631,
            -8.1346331
          ],
          [
            111.9567567,
            -8.1349444
          ],
          [
            111.9570163,
            -8.1350539
          ],
          [
            111.9577191,
            -8.1353353
          ],
          [
            111.9580335,
            -8.1354469
          ],
          [
            111.958309,
            -8.1355436
          ],
          [
            111.9584781,
            -8.1356061
          ],
          [
            111.9587624,
            -8.1357018
          ],
          [
            111.9589877,
            -8.1357814
          ],
          [
            111.9594766,
            -8.1359323
          ],
          [
            111.960137,
            -8.1361036
          ],
          [
            111.9602356,
            -8.1361292
          ],
          [
            111.9604439,
            -8.1361832
          ],
          [
            111.961045,
            -8.1363138
          ],
          [
            111.9614366,
            -8.1363961
          ],
          [
            111.9619676,
            -8.1365023
          ],
          [
            111.9626918,
            -8.1366351
          ],
          [
            111.9627757,
            -8.1366676
          ],
          [
            111.9628381,
            -8.1367129
          ],
          [
            111.9628702,
            -8.1367931
          ],
          [
            111.9628836,
            -8.1368707
          ],
          [
            111.962881,
            -8.1370307
          ],
          [
            111.9628802,
            -8.1377422
          ],
          [
            111.9628715,
            -8.1387194
          ],
          [
            111.9628635,
            -8.139038
          ],
          [
            111.9628662,
            -8.1392823
          ],
          [
            111.9628581,
            -8.1402488
          ],
          [
            111.9628588,
            -8.1412345
          ],
          [
            111.9628682,
            -8.1416328
          ],
          [
            111.9628655,
            -8.1420331
          ],
          [
            111.962889,
            -8.1429471
          ],
          [
            111.9628964,
            -8.1432007
          ],
          [
            111.9629198,
            -8.1438997
          ],
          [
            111.9629566,
            -8.1447116
          ],
          [
            111.9630419,
            -8.1461127
          ],
          [
            111.9630593,
            -8.1464526
          ],
          [
            111.9631103,
            -8.1470553
          ],
          [
            111.9631358,
            -8.1475027
          ],
          [
            111.9631398,
            -8.1475744
          ],
          [
            111.9631873,
            -8.148099
          ]
        ]
      },
      "properties": {
        "id": "osm:way:158317881",
        "name": "Way #158317881",
        "highway": "secondary",
        "restriction_type": "PROHIBITED_ROAD",
        "metadata": {
          "highway": "secondary"
        }
      }
    },
    {
      "type": "Feature",
      "geometry": {
        "type": "LineString",
        "coordinates": [
          [
            112.1448822,
            -8.1408465
          ],
          [
            112.1449064,
            -8.1408953
          ],
          [
            112.1449238,
            -8.1409524
          ],
          [
            112.1450244,
            -8.1411157
          ],
          [
            112.1450458,
            -8.1412272
          ],
          [
            112.1450472,
            -8.1412976
          ],
          [
            112.1450391,
            -8.1414396
          ],
          [
            112.1449057,
            -8.1421106
          ]
        ]
      },
      "properties": {
        "id": "osm:way:160389810",
        "name": "Way #160389810",
        "highway": "secondary",
        "restriction_type": "PROHIBITED_ROAD",
        "metadata": {
          "highway": "secondary",
          "oneway": "yes"
        }
      }
    },
    {
      "type": "Feature",
      "geometry": {
        "type": "LineString",
        "coordinates": [
          [
            112.1591388,
            -8.1523029
          ],
          [
            112.1591572,
            -8.1523095
          ],
          [
            112.1603155,
            -8.1527165
          ],
          [
            112.1604826,
            -8.1527752
          ],
          [
            112.1617117,
            -8.153207
          ],
          [
            112.1633277,
            -8.1537903
          ],
          [
            112.1639374,
            -8.1540132
          ],
          [
            112.1653339,
            -8.1545128
          ],
          [
            112.1655215,
            -8.1545845
          ],
          [
            112.1658458,
            -8.154675
          ],
          [
            112.1662956,
            -8.1548374
          ],
          [
            112.1679894,
            -8.1554389
          ],
          [
            112.1682282,
            -8.155541
          ],
          [
            112.1684441,
            -8.1556114
          ],
          [
            112.1690589,
            -8.1558206
          ],
          [
            112.1691926,
            -8.1558661
          ],
          [
            112.1694177,
            -8.1559579
          ],
          [
            112.1701538,
            -8.1562194
          ],
          [
            112.170673,
            -8.1564039
          ],
          [
            112.1716721,
            -8.1567969
          ],
          [
            112.1722333,
            -8.1570459
          ],
          [
            112.1726123,
            -8.1572881
          ],
          [
            112.1743798,
            -8.158536
          ],
          [
            112.1754742,
            -8.1593298
          ],
          [
            112.175847,
            -8.1595617
          ],
          [
            112.1773557,
            -8.1606375
          ],
          [
            112.1779552,
            -8.1610423
          ],
          [
            112.1787304,
            -8.1615707
          ],
          [
            112.1790509,
            -8.1618017
          ],
          [
            112.1793741,
            -8.1620074
          ],
          [
            112.1798298,
            -8.1622809
          ],
          [
            112.180023,
            -8.1623767
          ],
          [
            112.180227,
            -8.162476
          ],
          [
            112.1804711,
            -8.1625769
          ],
          [
            112.1812543,
            -8.1628265
          ],
          [
            112.1816432,
            -8.1628823
          ],
          [
            112.1820027,
            -8.1629301
          ],
          [
            112.1827195,
            -8.1630375
          ],
          [
            112.1836254,
            -8.1631186
          ],
          [
            112.1847005,
            -8.1631498
          ],
          [
            112.185621,
            -8.163177
          ],
          [
            112.1873728,
            -8.163109
          ],
          [
            112.1909934,
            -8.1629672
          ],
          [
            112.1922657,
            -8.1629487
          ],
          [
            112.1927369,
            -8.1629699
          ],
          [
            112.1928844,
            -8.1629845
          ],
          [
            112.192989,
            -8.1629978
          ],
          [
            112.1931338,
            -8.1630124
          ],
          [
            112.1934315,
            -8.1630508
          ],
          [
            112.1941799,
            -8.1631464
          ],
          [
            112.1945527,
            -8.1631929
          ],
          [
            112.1949251,
            -8.1632516
          ],
          [
            112.1951059,
            -8.1632792
          ],
          [
            112.1952984,
            -8.1633098
          ],
          [
            112.1955317,
            -8.1633575
          ],
          [
            112.1957597,
            -8.1634133
          ],
          [
            112.1962586,
            -8.1635328
          ],
          [
            112.1967763,
            -8.1637027
          ],
          [
            112.1973221,
            -8.1638899
          ],
          [
            112.1977419,
            -8.1640545
          ],
          [
            112.1981549,
            -8.1642417
          ],
          [
            112.1986887,
            -8.1645071
          ],
          [
            112.1989945,
            -8.1646585
          ],
          [
            112.1991152,
            -8.1647156
          ],
          [
            112.1991929,
            -8.1647567
          ],
          [
            112.1992734,
            -8.1648085
          ],
          [
            112.1993713,
            -8.1648828
          ],
          [
            112.1994478,
            -8.1649585
          ],
          [
            112.1995362,
            -8.16507
          ],
          [
            112.1996087,
            -8.1651948
          ],
          [
            112.1996811,
            -8.165301
          ],
          [
            112.199767,
            -8.1653992
          ],
          [
            112.1998582,
            -8.1654855
          ],
          [
            112.1999641,
            -8.1655665
          ],
          [
            112.200129,
            -8.1656833
          ],
          [
            112.200361,
            -8.1658187
          ],
          [
            112.2005314,
            -8.165909
          ],
          [
            112.2010329,
            -8.1661294
          ],
          [
            112.2013092,
            -8.1662528
          ],
          [
            112.2015975,
            -8.1663789
          ],
          [
            112.2021541,
            -8.1666258
          ],
          [
            112.2034003,
            -8.1671281
          ],
          [
            112.2037362,
            -8.1672635
          ],
          [
            112.2038734,
            -8.1673188
          ],
          [
            112.2061063,
            -8.1682108
          ],
          [
            112.206907,
            -8.1684126
          ],
          [
            112.2084452,
            -8.1687366
          ],
          [
            112.209508,
            -8.1689794
          ],
          [
            112.2103776,
            -8.1691809
          ],
          [
            112.2121239,
            -8.1695357
          ],
          [
            112.212493,
            -8.169603
          ]
        ]
      },
      "properties": {
        "id": "osm:way:160389814",
        "name": "Way #160389814",
        "highway": "secondary",
        "restriction_type": "PROHIBITED_ROAD",
        "metadata": {
          "highway": "secondary"
        }
      }
    },
    {
      "type": "Feature",
      "geometry": {
        "type": "LineString",
        "coordinates": [
          [
            112.1583194,
            -8.1248205
          ],
          [
            112.1576388,
            -8.124555
          ],
          [
            112.1568167,
            -8.1242564
          ],
          [
            112.1567469,
            -8.1242311
          ],
          [
            112.1551511,
            -8.1236759
          ],
          [
            112.1544537,
            -8.1234345
          ],
          [
            112.1538354,
            -8.1232101
          ],
          [
            112.153399,
            -8.1230509
          ],
          [
            112.1533653,
            -8.1230391
          ]
        ]
      },
      "properties": {
        "id": "osm:way:160438591",
        "name": "Jalan Palem",
        "highway": "trunk",
        "restriction_type": "PROHIBITED_ROAD",
        "metadata": {
          "highway": "trunk",
          "name": "Jalan Palem",
          "oneway": "no",
          "ref": "3",
          "surface": "asphalt"
        }
      }
    },
    {
      "type": "Feature",
      "geometry": {
        "type": "LineString",
        "coordinates": [
          [
            112.1668965,
            -8.0917934
          ],
          [
            112.166959,
            -8.0914056
          ]
        ]
      },
      "properties": {
        "id": "osm:way:171999483",
        "name": "Way #171999483",
        "highway": "secondary",
        "restriction_type": "PROHIBITED_ROAD",
        "metadata": {
          "highway": "secondary",
          "lanes": "2",
          "surface": "asphalt"
        }
      }
    },
    {
      "type": "Feature",
      "geometry": {
        "type": "LineString",
        "coordinates": [
          [
            112.1720861,
            -8.0957187
          ],
          [
            112.1722971,
            -8.0957421
          ],
          [
            112.1723507,
            -8.0957428
          ],
          [
            112.1724604,
            -8.09575
          ],
          [
            112.1725492,
            -8.0957136
          ],
          [
            112.172937,
            -8.0955405
          ],
          [
            112.1731085,
            -8.095468
          ],
          [
            112.1734028,
            -8.0953425
          ],
          [
            112.1734739,
            -8.0953033
          ]
        ]
      },
      "properties": {
        "id": "osm:way:181679885",
        "name": "Jalan Sudanco Supriyadi",
        "highway": "primary",
        "restriction_type": "PROHIBITED_ROAD",
        "metadata": {
          "bicycle": "yes",
          "cycleway": "lane",
          "designation": "city_road",
          "highway": "primary",
          "lanes": "2",
          "lit": "yes",
          "name": "Jalan Sudanco Supriyadi",
          "name:etymology:wikidata": "Q7645143",
          "name:etymology:wikipedia": "id:Soeprijadi",
          "oneway": "no",
          "surface": "asphalt"
        }
      }
    },
    {
      "type": "Feature",
      "geometry": {
        "type": "LineString",
        "coordinates": [
          [
            112.1748776,
            -8.0858127
          ],
          [
            112.1747298,
            -8.0860654
          ],
          [
            112.1746259,
            -8.0862798
          ],
          [
            112.1744857,
            -8.0866307
          ],
          [
            112.1742997,
            -8.087172
          ],
          [
            112.1742563,
            -8.0872984
          ],
          [
            112.1740389,
            -8.0881643
          ],
          [
            112.1740234,
            -8.0882261
          ],
          [
            112.1739874,
            -8.0883824
          ],
          [
            112.1738247,
            -8.0890149
          ],
          [
            112.173804,
            -8.0890911
          ],
          [
            112.1737981,
            -8.089128
          ]
        ]
      },
      "properties": {
        "id": "osm:way:181682568",
        "name": "Jalan Insinyur Soekarno",
        "highway": "secondary",
        "restriction_type": "PROHIBITED_ROAD",
        "metadata": {
          "highway": "secondary",
          "name": "Jalan Insinyur Soekarno",
          "name:etymology:wikidata": "Q76127",
          "name:etymology:wikipedia": "id:Sukarno",
          "source": "GPS;Bing"
        }
      }
    },
    {
      "type": "Feature",
      "geometry": {
        "type": "LineString",
        "coordinates": [
          [
            112.1677094,
            -8.0924221
          ],
          [
            112.1677805,
            -8.0931879
          ],
          [
            112.1677849,
            -8.0932539
          ],
          [
            112.1678108,
            -8.0939017
          ],
          [
            112.1678125,
            -8.0939336
          ],
          [
            112.1677893,
            -8.0944016
          ],
          [
            112.1677564,
            -8.095072
          ],
          [
            112.1677486,
            -8.0951618
          ]
        ]
      },
      "properties": {
        "id": "osm:way:181683449",
        "name": "Jalan Kelud",
        "highway": "primary",
        "restriction_type": "PROHIBITED_ROAD",
        "metadata": {
          "designation": "city_road",
          "highway": "primary",
          "lanes": "2",
          "name": "Jalan Kelud",
          "source": "GPS",
          "surface": "asphalt"
        }
      }
    },
    {
      "type": "Feature",
      "geometry": {
        "type": "LineString",
        "coordinates": [
          [
            112.1613993,
            -8.0903296
          ],
          [
            112.1617058,
            -8.0904102
          ],
          [
            112.1626161,
            -8.0906496
          ],
          [
            112.1631116,
            -8.09078
          ],
          [
            112.1633373,
            -8.0908355
          ],
          [
            112.1640403,
            -8.0910381
          ],
          [
            112.1641515,
            -8.0910701
          ],
          [
            112.164541,
            -8.0911808
          ],
          [
            112.1648263,
            -8.0912279
          ],
          [
            112.1651651,
            -8.0913399
          ],
          [
            112.1657557,
            -8.0915167
          ],
          [
            112.1660592,
            -8.0915979
          ],
          [
            112.1663037,
            -8.0916559
          ],
          [
            112.1668284,
            -8.0917747
          ],
          [
            112.1668965,
            -8.0917934
          ]
        ]
      },
      "properties": {
        "id": "osm:way:181683514",
        "name": "Jalan Kali Brantas",
        "highway": "primary",
        "restriction_type": "PROHIBITED_ROAD",
        "metadata": {
          "designation": "city_road",
          "flood_prone": "yes",
          "highway": "primary",
          "lane_markings": "yes",
          "lanes": "2",
          "lit": "yes",
          "name": "Jalan Kali Brantas",
          "oneway": "no",
          "source": "GPS",
          "surface": "asphalt"
        }
      }
    },
    {
      "type": "Feature",
      "geometry": {
        "type": "LineString",
        "coordinates": [
          [
            112.1418178,
            -8.3025656
          ],
          [
            112.1418218,
            -8.302474
          ],
          [
            112.1417896,
            -8.3023971
          ],
          [
            112.1416844,
            -8.3022819
          ],
          [
            112.1413764,
            -8.3020151
          ],
          [
            112.1412596,
            -8.3019431
          ],
          [
            112.1412236,
            -8.3018814
          ],
          [
            112.1412063,
            -8.3017986
          ],
          [
            112.1412463,
            -8.3014633
          ],
          [
            112.1413196,
            -8.3010796
          ],
          [
            112.1413551,
            -8.3007157
          ],
          [
            112.1413672,
            -8.3002884
          ],
          [
            112.1413746,
            -8.3000537
          ],
          [
            112.1413927,
            -8.2998743
          ],
          [
            112.1414785,
            -8.2994125
          ],
          [
            112.1414798,
            -8.2993302
          ],
          [
            112.141445,
            -8.2992121
          ],
          [
            112.1412961,
            -8.2988459
          ],
          [
            112.1412277,
            -8.298595
          ],
          [
            112.1411607,
            -8.2982062
          ],
          [
            112.1411539,
            -8.2979599
          ],
          [
            112.1411419,
            -8.2977072
          ],
          [
            112.1411325,
            -8.297621
          ],
          [
            112.1410983,
            -8.297523
          ],
          [
            112.1410507,
            -8.2974684
          ],
          [
            112.1409689,
            -8.2973967
          ],
          [
            112.1407074,
            -8.2972414
          ],
          [
            112.1405221,
            -8.2971385
          ],
          [
            112.1404539,
            -8.2970742
          ],
          [
            112.1403587,
            -8.2969773
          ],
          [
            112.1401857,
            -8.2967889
          ],
          [
            112.1400649,
            -8.2966354
          ],
          [
            112.1399255,
            -8.2963735
          ],
          [
            112.1398558,
            -8.2962674
          ],
          [
            112.1397646,
            -8.2962116
          ],
          [
            112.1395889,
            -8.2961439
          ],
          [
            112.1392831,
            -8.2960351
          ],
          [
            112.1391758,
            -8.2959807
          ],
          [
            112.1390967,
            -8.2959183
          ],
          [
            112.1389665,
            -8.2957809
          ],
          [
            112.138858,
            -8.2955574
          ],
          [
            112.138795,
            -8.2954459
          ],
          [
            112.1387367,
            -8.2953838
          ],
          [
            112.1385804,
            -8.2952455
          ],
          [
            112.1384945,
            -8.295154
          ],
          [
            112.1383859,
            -8.2950013
          ],
          [
            112.1383075,
            -8.2948609
          ],
          [
            112.1382156,
            -8.2947134
          ],
          [
            112.1381432,
            -8.2946364
          ],
          [
            112.1380936,
            -8.2946112
          ],
          [
            112.1380184,
            -8.2945891
          ],
          [
            112.1379313,
            -8.2945767
          ],
          [
            112.1376912,
            -8.2945594
          ],
          [
            112.1375209,
            -8.2945607
          ],
          [
            112.1372594,
            -8.294574
          ],
          [
            112.137085,
            -8.2945528
          ],
          [
            112.1369013,
            -8.2945355
          ],
          [
            112.1367551,
            -8.2945435
          ],
          [
            112.1365298,
            -8.2945634
          ],
          [
            112.1363971,
            -8.2945607
          ],
          [
            112.1363132,
            -8.2945332
          ],
          [
            112.1362482,
            -8.2944851
          ],
          [
            112.1360551,
            -8.2942688
          ],
          [
            112.1358618,
            -8.2940756
          ],
          [
            112.1357104,
            -8.2939742
          ],
          [
            112.1356091,
            -8.2939399
          ],
          [
            112.1355186,
            -8.2939415
          ],
          [
            112.1354221,
            -8.2939609
          ],
          [
            112.1352652,
            -8.2940472
          ],
          [
            112.1351069,
            -8.2941494
          ],
          [
            112.1349742,
            -8.2942104
          ],
          [
            112.1345074,
            -8.2943564
          ],
          [
            112.134249,
            -8.2944432
          ],
          [
            112.1341239,
            -8.2944546
          ],
          [
            112.1339723,
            -8.2944387
          ],
          [
            112.1338145,
            -8.2943834
          ],
          [
            112.1337242,
            -8.2943073
          ],
          [
            112.1335901,
            -8.2941746
          ],
          [
            112.1335345,
            -8.2940833
          ],
          [
            112.1334922,
            -8.294006
          ],
          [
            112.1334574,
            -8.2939078
          ],
          [
            112.1334685,
            -8.2935726
          ],
          [
            112.1334493,
            -8.2933876
          ],
          [
            112.1333997,
            -8.293227
          ],
          [
            112.133332,
            -8.2931131
          ],
          [
            112.133169,
            -8.2929324
          ],
          [
            112.1329384,
            -8.2927081
          ],
          [
            112.1327989,
            -8.2925953
          ],
          [
            112.132629,
            -8.2925109
          ],
          [
            112.1323174,
            -8.2923963
          ],
          [
            112.1320539,
            -8.2922612
          ],
          [
            112.1318561,
            -8.2921295
          ],
          [
            112.1317354,
            -8.2920194
          ],
          [
            112.1315584,
            -8.2918535
          ],
          [
            112.1314618,
            -8.2917473
          ],
          [
            112.1314209,
            -8.2917035
          ],
          [
            112.131379,
            -8.2916815
          ],
          [
            112.1311091,
            -8.2916
          ],
          [
            112.1307973,
            -8.2915313
          ],
          [
            112.1306545,
            -8.291466
          ],
          [
            112.130576,
            -8.2914169
          ],
          [
            112.1305163,
            -8.2913638
          ],
          [
            112.1304044,
            -8.2912419
          ],
          [
            112.1302459,
            -8.2910228
          ],
          [
            112.1302136,
            -8.2909278
          ],
          [
            112.1301904,
            -8.2908396
          ],
          [
            112.1301797,
            -8.2907454
          ],
          [
            112.1301824,
            -8.2906405
          ],
          [
            112.1302132,
            -8.2905092
          ],
          [
            112.1302655,
            -8.2904017
          ],
          [
            112.1303125,
            -8.2902969
          ],
          [
            112.1304318,
            -8.2899876
          ],
          [
            112.1305315,
            -8.2895688
          ],
          [
            112.1305465,
            -8.2895105
          ],
          [
            112.1305713,
            -8.2894581
          ],
          [
            112.1306075,
            -8.289411
          ],
          [
            112.1306558,
            -8.2893705
          ],
          [
            112.1308221,
            -8.2892577
          ],
          [
            112.1309267,
            -8.289202
          ],
          [
            112.1310568,
            -8.2891397
          ],
          [
            112.131093,
            -8.2891224
          ],
          [
            112.1312115,
            -8.2890499
          ],
          [
            112.1312727,
            -8.2889777
          ],
          [
            112.1313331,
            -8.2888755
          ],
          [
            112.1313599,
            -8.288776
          ],
          [
            112.1313683,
            -8.2886504
          ],
          [
            112.1313116,
            -8.2882571
          ],
          [
            112.1312821,
            -8.2880846
          ],
          [
            112.1312848,
            -8.28792
          ],
          [
            112.1312955,
            -8.2876625
          ],
          [
            112.1312855,
            -8.2875248
          ],
          [
            112.1312579,
            -8.2874051
          ],
          [
            112.1311681,
            -8.287218
          ],
          [
            112.1310729,
            -8.2870428
          ],
          [
            112.1309622,
            -8.286836
          ],
          [
            112.1308637,
            -8.2866792
          ],
          [
            112.1308154,
            -8.2864987
          ],
          [
            112.1307738,
            -8.2862863
          ],
          [
            112.1306779,
            -8.2849489
          ],
          [
            112.1306826,
            -8.284804
          ],
          [
            112.130696,
            -8.2847084
          ],
          [
            112.1307309,
            -8.2846129
          ],
          [
            112.130869,
            -8.2843527
          ],
          [
            112.1310357,
            -8.2840241
          ],
          [
            112.1310534,
            -8.2839626
          ],
          [
            112.1310595,
            -8.2839042
          ],
          [
            112.1310434,
            -8.2837688
          ],
          [
            112.1309951,
            -8.2834211
          ],
          [
            112.1309924,
            -8.2832459
          ],
          [
            112.1309903,
            -8.2831796
          ],
          [
            112.1309824,
            -8.2829343
          ],
          [
            112.1309575,
            -8.2828
          ],
          [
            112.1309187,
            -8.2827257
          ],
          [
            112.1308824,
            -8.2826673
          ],
          [
            112.1306441,
            -8.2823068
          ],
          [
            112.1305914,
            -8.282228
          ],
          [
            112.1305686,
            -8.2821577
          ],
          [
            112.1305552,
            -8.282025
          ],
          [
            112.1305552,
            -8.2819878
          ],
          [
            112.1305552,
            -8.2818073
          ],
          [
            112.1305445,
            -8.2816667
          ],
          [
            112.1305177,
            -8.2815552
          ],
          [
            112.1304828,
            -8.281449
          ],
          [
            112.1303889,
            -8.2812154
          ],
          [
            112.1302964,
            -8.2810031
          ],
          [
            112.1303822,
            -8.2809527
          ],
          [
            112.1304318,
            -8.2809275
          ],
          [
            112.1304801,
            -8.2809062
          ],
          [
            112.1307255,
            -8.280812
          ],
          [
            112.1308382,
            -8.2807576
          ],
          [
            112.1309535,
            -8.2806833
          ],
          [
            112.1310487,
            -8.2806036
          ],
          [
            112.1314081,
            -8.2802546
          ],
          [
            112.1318393,
            -8.2798447
          ],
          [
            112.1319214,
            -8.2797625
          ],
          [
            112.1319205,
            -8.2795844
          ],
          [
            112.1319339,
            -8.278747
          ],
          [
            112.1319315,
            -8.2780654
          ],
          [
            112.1319258,
            -8.2779162
          ],
          [
            112.1319205,
            -8.2778804
          ],
          [
            112.1319097,
            -8.2778419
          ],
          [
            112.1318936,
            -8.2778074
          ],
          [
            112.131777,
            -8.277684
          ],
          [
            112.1317273,
            -8.2776216
          ],
          [
            112.1316794,
            -8.2775478
          ],
          [
            112.1316402,
            -8.2774026
          ],
          [
            112.1316321,
            -8.2773575
          ],
          [
            112.1316281,
            -8.2773163
          ],
          [
            112.1316348,
            -8.2760808
          ],
          [
            112.1316308,
            -8.2758777
          ],
          [
            112.1316254,
            -8.2757716
          ],
          [
            112.131616,
            -8.2756826
          ],
          [
            112.1315148,
            -8.275659
          ],
          [
            112.1312097,
            -8.2755712
          ],
          [
            112.1311158,
            -8.27553
          ],
          [
            112.1310434,
            -8.2754809
          ],
          [
            112.1309897,
            -8.2754239
          ],
          [
            112.1309052,
            -8.275327
          ],
          [
            112.1308596,
            -8.2752699
          ],
          [
            112.1308221,
            -8.2752434
          ],
          [
            112.1307711,
            -8.2752235
          ],
          [
            112.1307094,
            -8.2752261
          ],
          [
            112.1306504,
            -8.275246
          ],
          [
            112.1305968,
            -8.2752925
          ],
          [
            112.1305297,
            -8.2753655
          ],
          [
            112.1304627,
            -8.275469
          ],
          [
            112.1304157,
            -8.2755393
          ],
          [
            112.1303581,
            -8.275611
          ],
          [
            112.130232,
            -8.2757251
          ],
          [
            112.1301797,
            -8.2757623
          ],
          [
            112.1301167,
            -8.2758034
          ],
          [
            112.1300396,
            -8.2758315
          ],
          [
            112.1298552,
            -8.2758658
          ],
          [
            112.1297854,
            -8.2758711
          ],
          [
            112.1297264,
            -8.2758684
          ],
          [
            112.1296604,
            -8.2758537
          ],
          [
            112.129451,
            -8.2757914
          ],
          [
            112.129405,
            -8.2756845
          ],
          [
            112.1293274,
            -8.2754995
          ],
          [
            112.1293019,
            -8.2754305
          ],
          [
            112.1292899,
            -8.2753681
          ],
          [
            112.1292832,
            -8.2753077
          ],
          [
            112.1292687,
            -8.2748318
          ],
          [
            112.129261,
            -8.2745639
          ],
          [
            112.1292557,
            -8.2744935
          ],
          [
            112.1292315,
            -8.2743117
          ],
          [
            112.1292128,
            -8.2742201
          ],
          [
            112.12919,
            -8.2741445
          ],
          [
            112.1291618,
            -8.2740582
          ],
          [
            112.1289539,
            -8.2734875
          ],
          [
            112.1289338,
            -8.2734212
          ],
          [
            112.1289177,
            -8.2733442
          ],
          [
            112.1289083,
            -8.2732686
          ],
          [
            112.1289202,
            -8.2727666
          ],
          [
            112.1289325,
            -8.272252
          ],
          [
            112.1289613,
            -8.2711095
          ],
          [
            112.1289942,
            -8.2703249
          ],
          [
            112.1290024,
            -8.2701947
          ],
          [
            112.1290009,
            -8.2699746
          ],
          [
            112.1289875,
            -8.2698697
          ],
          [
            112.1289513,
            -8.2697808
          ],
          [
            112.1288989,
            -8.2697237
          ],
          [
            112.1288185,
            -8.2696561
          ],
          [
            112.1286871,
            -8.2695658
          ],
          [
            112.1284322,
            -8.269376
          ],
          [
            112.1283799,
            -8.2693296
          ],
          [
            112.1283491,
            -8.2692898
          ],
          [
            112.1283209,
            -8.269242
          ],
          [
            112.1282874,
            -8.2691159
          ],
          [
            112.1282566,
            -8.2689168
          ],
          [
            112.1282418,
            -8.2687018
          ],
          [
            112.1282472,
            -8.2686222
          ],
          [
            112.1282659,
            -8.2685532
          ],
          [
            112.1282968,
            -8.2684961
          ],
          [
            112.1283585,
            -8.2684006
          ],
          [
            112.1283813,
            -8.2683554
          ],
          [
            112.1283947,
            -8.2683116
          ],
          [
            112.1284027,
            -8.2682546
          ],
          [
            112.1284202,
            -8.2679998
          ],
          [
            112.1284322,
            -8.2677171
          ],
          [
            112.1284336,
            -8.2676268
          ],
          [
            112.1284282,
            -8.2675512
          ],
          [
            112.1284175,
            -8.2674636
          ],
          [
            112.1283773,
            -8.2671716
          ],
          [
            112.1283665,
            -8.2670681
          ],
          [
            112.128329,
            -8.2664072
          ],
          [
            112.1283424,
            -8.2662771
          ],
          [
            112.1283665,
            -8.2661683
          ],
          [
            112.1283987,
            -8.2660621
          ],
          [
            112.1285865,
            -8.2656427
          ],
          [
            112.1286884,
            -8.2654012
          ],
          [
            112.1287394,
            -8.2652711
          ],
          [
            112.1287662,
            -8.2651437
          ],
          [
            112.1287689,
            -8.2649791
          ],
          [
            112.1287554,
            -8.2647429
          ],
          [
            112.1287259,
            -8.26422
          ],
          [
            112.1286991,
            -8.263721
          ],
          [
            112.1286723,
            -8.2632485
          ],
          [
            112.1286482,
            -8.2627574
          ],
          [
            112.128624,
            -8.2626459
          ],
          [
            112.1285731,
            -8.2625504
          ],
          [
            112.128506,
            -8.2624813
          ],
          [
            112.1284068,
            -8.2624243
          ],
          [
            112.1280849,
            -8.2622836
          ],
          [
            112.1280018,
            -8.2622331
          ],
          [
            112.1279601,
            -8.2621549
          ],
          [
            112.1279441,
            -8.2620766
          ],
          [
            112.1279374,
            -8.2619611
          ],
          [
            112.1279474,
            -8.2614557
          ],
          [
            112.1279478,
            -8.2613985
          ],
          [
            112.1279427,
            -8.2610241
          ],
          [
            112.1279374,
            -8.2606021
          ],
          [
            112.1279213,
            -8.2602225
          ],
          [
            112.1279106,
            -8.2598907
          ],
          [
            112.1279052,
            -8.2597978
          ],
          [
            112.1278891,
            -8.2597128
          ],
          [
            112.1278167,
            -8.2595297
          ],
          [
            112.1277818,
            -8.2594315
          ],
          [
            112.127763,
            -8.2593333
          ],
          [
            112.1277738,
            -8.2592244
          ],
          [
            112.1277872,
            -8.258967
          ],
          [
            112.1277952,
            -8.2586113
          ],
          [
            112.1277845,
            -8.2584786
          ],
          [
            112.1277443,
            -8.2583618
          ],
          [
            112.1276987,
            -8.2582582
          ],
          [
            112.1275914,
            -8.2581016
          ],
          [
            112.127417,
            -8.2578919
          ],
          [
            112.1273178,
            -8.2577964
          ],
          [
            112.1272105,
            -8.2577194
          ],
          [
            112.1270871,
            -8.2576637
          ],
          [
            112.1268082,
            -8.2575893
          ],
          [
            112.1263146,
            -8.2574805
          ],
          [
            112.1261457,
            -8.2574195
          ],
          [
            112.1260303,
            -8.2573611
          ],
          [
            112.1259257,
            -8.2572735
          ],
          [
            112.1258587,
            -8.2572018
          ],
          [
            112.1257433,
            -8.2571222
          ],
          [
            112.1256387,
            -8.257077
          ],
          [
            112.1254644,
            -8.2570213
          ],
          [
            112.1252042,
            -8.2569204
          ],
          [
            112.1250594,
            -8.2568461
          ],
          [
            112.1249548,
            -8.2567505
          ],
          [
            112.1248797,
            -8.2566497
          ],
          [
            112.1246302,
            -8.2561931
          ],
          [
            112.1245283,
            -8.2560551
          ],
          [
            112.124421,
            -8.2559648
          ],
          [
            112.1243083,
            -8.2559091
          ],
          [
            112.1241796,
            -8.2558879
          ],
          [
            112.1240267,
            -8.2558666
          ],
          [
            112.1239248,
            -8.2558188
          ],
          [
            112.123839,
            -8.2557498
          ],
          [
            112.1237156,
            -8.2555985
          ],
          [
            112.1235895,
            -8.2553862
          ],
          [
            112.1235439,
            -8.255272
          ],
          [
            112.1235037,
            -8.2551101
          ],
          [
            112.1234205,
            -8.2545925
          ],
          [
            112.123391,
            -8.2543775
          ],
          [
            112.123324,
            -8.2540722
          ],
          [
            112.1231818,
            -8.2533715
          ],
          [
            112.1231309,
            -8.2530105
          ],
          [
            112.1231362,
            -8.2527503
          ],
          [
            112.123163,
            -8.2523787
          ],
          [
            112.1232221,
            -8.2520416
          ],
          [
            112.1233427,
            -8.2515771
          ],
          [
            112.1234313,
            -8.2511603
          ],
          [
            112.1234527,
            -8.2510249
          ],
          [
            112.1234581,
            -8.2508736
          ],
          [
            112.1234876,
            -8.2507675
          ],
          [
            112.1235493,
            -8.2506692
          ],
          [
            112.1236485,
            -8.2505339
          ],
          [
            112.123729,
            -8.250425
          ],
          [
            112.123748,
            -8.2503828
          ],
          [
            112.1237719,
            -8.2503295
          ],
          [
            112.1238014,
            -8.2501596
          ],
          [
            112.1238202,
            -8.2499048
          ],
          [
            112.123847,
            -8.2496685
          ],
          [
            112.1238631,
            -8.2495093
          ],
          [
            112.1238813,
            -8.2494718
          ],
          [
            112.1239301,
            -8.2494217
          ],
          [
            112.1239945,
            -8.2493871
          ],
          [
            112.1241072,
            -8.2493633
          ],
          [
            112.1242386,
            -8.2493739
          ],
          [
            112.1245283,
            -8.2493978
          ],
          [
            112.1248984,
            -8.2494455
          ],
          [
            112.1250057,
            -8.2494402
          ],
          [
            112.1250969,
            -8.2494217
          ],
          [
            112.1251693,
            -8.2493818
          ],
          [
            112.1252069,
            -8.2493314
          ],
          [
            112.1252283,
            -8.2492465
          ],
          [
            112.1252471,
            -8.249119
          ],
          [
            112.1252578,
            -8.2488987
          ],
          [
            112.1252715,
            -8.2487525
          ],
          [
            112.125282,
            -8.2486412
          ],
          [
            112.1253625,
            -8.2482723
          ],
          [
            112.1254724,
            -8.2477042
          ],
          [
            112.1255636,
            -8.2472264
          ],
          [
            112.1256253,
            -8.2469955
          ],
          [
            112.1257299,
            -8.2467141
          ],
          [
            112.1260276,
            -8.2457957
          ],
          [
            112.1262376,
            -8.2452284
          ],
          [
            112.126275,
            -8.2451513
          ],
          [
            112.1263287,
            -8.2450836
          ],
          [
            112.1264112,
            -8.2450126
          ],
          [
            112.1265507,
            -8.2449064
          ],
          [
            112.1268994,
            -8.2446595
          ],
          [
            112.1276075,
            -8.2442189
          ],
          [
            112.1280474,
            -8.2439853
          ],
          [
            112.1285006,
            -8.2437119
          ],
          [
            112.1285436,
            -8.2436641
          ],
          [
            112.1285677,
            -8.2435871
          ],
          [
            112.1285838,
            -8.2434464
          ],
          [
            112.1286106,
            -8.2427058
          ],
          [
            112.1286347,
            -8.2421643
          ],
          [
            112.1286696,
            -8.2418245
          ],
          [
            112.1287179,
            -8.241652
          ],
          [
            112.1287903,
            -8.2415166
          ],
          [
            112.1288547,
            -8.2414423
          ],
          [
            112.1289191,
            -8.2414104
          ],
          [
            112.1290961,
            -8.2413865
          ],
          [
            112.1292946,
            -8.2413547
          ],
          [
            112.1295172,
            -8.2413175
          ],
          [
            112.1296862,
            -8.241275
          ],
          [
            112.1298658,
            -8.2412166
          ],
          [
            112.1299705,
            -8.2411662
          ],
          [
            112.130067,
            -8.2411105
          ],
          [
            112.1301287,
            -8.2410361
          ],
          [
            112.1302146,
            -8.2408955
          ],
          [
            112.1303433,
            -8.2407043
          ],
          [
            112.1304131,
            -8.240622
          ],
          [
            112.1305284,
            -8.2405238
          ],
          [
            112.1306545,
            -8.2404389
          ],
          [
            112.1307376,
            -8.2403858
          ],
          [
            112.1308181,
            -8.2403035
          ],
          [
            112.1309146,
            -8.240184
          ],
          [
            112.1310729,
            -8.2399345
          ],
          [
            112.1312089,
            -8.2396998
          ],
          [
            112.1312499,
            -8.2395947
          ],
          [
            112.131274,
            -8.2394647
          ],
          [
            112.1312901,
            -8.2390134
          ],
          [
            112.1313384,
            -8.2385781
          ],
          [
            112.1313813,
            -8.238225
          ],
          [
            112.131384,
            -8.2380896
          ],
          [
            112.1313626,
            -8.2379649
          ],
          [
            112.1311533,
            -8.2372242
          ],
          [
            112.1309951,
            -8.2366774
          ],
          [
            112.1308127,
            -8.2360854
          ],
          [
            112.1306705,
            -8.2355625
          ],
          [
            112.1306424,
            -8.2354205
          ],
          [
            112.1306208,
            -8.2353348
          ],
          [
            112.1305726,
            -8.235224
          ],
          [
            112.130485,
            -8.2351158
          ],
          [
            112.1302005,
            -8.2347757
          ],
          [
            112.1297935,
            -8.2342273
          ],
          [
            112.1294485,
            -8.2338389
          ],
          [
            112.1292195,
            -8.233557
          ],
          [
            112.1291678,
            -8.2334601
          ],
          [
            112.1291309,
            -8.2333684
          ],
          [
            112.1290429,
            -8.2330625
          ],
          [
            112.1289329,
            -8.2326928
          ],
          [
            112.1288352,
            -8.2323786
          ],
          [
            112.1286983,
            -8.2320628
          ],
          [
            112.1284027,
            -8.2315442
          ],
          [
            112.1281889,
            -8.2312717
          ],
          [
            112.1280251,
            -8.2311203
          ],
          [
            112.1277875,
            -8.2309601
          ],
          [
            112.127411,
            -8.2307832
          ],
          [
            112.1270815,
            -8.2306573
          ],
          [
            112.1266475,
            -8.2304691
          ],
          [
            112.1265006,
            -8.2303649
          ],
          [
            112.1263757,
            -8.2302125
          ],
          [
            112.1262815,
            -8.2300353
          ],
          [
            112.1261481,
            -8.2296656
          ],
          [
            112.1261101,
            -8.2292064
          ],
          [
            112.1261352,
            -8.2287968
          ],
          [
            112.1261948,
            -8.2286968
          ],
          [
            112.1262154,
            -8.2285677
          ],
          [
            112.1262127,
            -8.2284536
          ],
          [
            112.1261799,
            -8.2282799
          ],
          [
            112.1261269,
            -8.2281085
          ],
          [
            112.1260518,
            -8.2279014
          ],
          [
            112.125966,
            -8.2277527
          ],
          [
            112.125907,
            -8.2276811
          ],
          [
            112.125797,
            -8.2275244
          ],
          [
            112.1256756,
            -8.2273747
          ],
          [
            112.1255725,
            -8.2272544
          ],
          [
            112.1254188,
            -8.2271528
          ],
          [
            112.1252418,
            -8.2270546
          ],
          [
            112.1250245,
            -8.2269564
          ],
          [
            112.1247368,
            -8.2268278
          ],
          [
            112.12457,
            -8.226738
          ],
          [
            112.1243399,
            -8.2265619
          ],
          [
            112.1238711,
            -8.2260936
          ],
          [
            112.1236566,
            -8.2258972
          ],
          [
            112.1233125,
            -8.2256386
          ],
          [
            112.1219887,
            -8.2247588
          ],
          [
            112.1215885,
            -8.2244531
          ],
          [
            112.1214503,
            -8.2243237
          ],
          [
            112.1213512,
            -8.2241438
          ],
          [
            112.121273,
            -8.2239219
          ],
          [
            112.1212124,
            -8.2236317
          ],
          [
            112.1211514,
            -8.2232425
          ],
          [
            112.1211238,
            -8.2228601
          ],
          [
            112.121103,
            -8.222571
          ],
          [
            112.121028,
            -8.2220294
          ],
          [
            112.1209744,
            -8.221748
          ],
          [
            112.120977,
            -8.2215728
          ],
          [
            112.1209958,
            -8.2214002
          ],
          [
            112.1209925,
            -8.2212851
          ],
          [
            112.1209449,
            -8.2211985
          ],
          [
            112.1208671,
            -8.2211215
          ],
          [
            112.1207812,
            -8.2210232
          ],
          [
            112.1206015,
            -8.2208029
          ],
          [
            112.120446,
            -8.2206025
          ],
          [
            112.1203843,
            -8.2205136
          ],
          [
            112.1203199,
            -8.2204591
          ],
          [
            112.1202354,
            -8.2204273
          ],
          [
            112.1201395,
            -8.2204077
          ],
          [
            112.1200289,
            -8.2203835
          ],
          [
            112.11977,
            -8.2202627
          ],
          [
            112.1195997,
            -8.2201393
          ],
          [
            112.1194569,
            -8.2200068
          ],
          [
            112.1192296,
            -8.2197052
          ],
          [
            112.1189453,
            -8.2192791
          ],
          [
            112.1188661,
            -8.2190734
          ],
          [
            112.1188326,
            -8.2190018
          ],
          [
            112.1187924,
            -8.2189487
          ],
          [
            112.1186456,
            -8.2187817
          ],
          [
            112.1185939,
            -8.218715
          ],
          [
            112.1185644,
            -8.2186315
          ],
          [
            112.1185724,
            -8.2185584
          ],
          [
            112.1186147,
            -8.2183861
          ],
          [
            112.1186368,
            -8.2182266
          ],
          [
            112.1186408,
            -8.2180819
          ],
          [
            112.1186448,
            -8.2178589
          ],
          [
            112.1186234,
            -8.217774
          ],
          [
            112.1185818,
            -8.2177089
          ],
          [
            112.1184692,
            -8.2175802
          ],
          [
            112.1183458,
            -8.2174448
          ],
          [
            112.1182063,
            -8.2173067
          ],
          [
            112.1181346,
            -8.2172247
          ],
          [
            112.118099,
            -8.2171648
          ],
          [
            112.1181004,
            -8.2169537
          ],
          [
            112.1180656,
            -8.216813
          ],
          [
            112.1180204,
            -8.2166967
          ],
          [
            112.1179341,
            -8.2165768
          ],
          [
            112.1178107,
            -8.2164997
          ],
          [
            112.1176297,
            -8.2164466
          ],
          [
            112.1174518,
            -8.2164137
          ],
          [
            112.1170771,
            -8.2164772
          ],
          [
            112.1167137,
            -8.2165356
          ],
          [
            112.1163006,
            -8.2166324
          ],
          [
            112.1158238,
            -8.21678
          ],
          [
            112.1155187,
            -8.2168781
          ],
          [
            112.1153444,
            -8.2169138
          ],
          [
            112.1152452,
            -8.2169192
          ],
          [
            112.1151432,
            -8.2169072
          ],
          [
            112.1150333,
            -8.216886
          ],
          [
            112.1147683,
            -8.2168079
          ],
          [
            112.1137691,
            -8.216476
          ],
          [
            112.1127306,
            -8.2162661
          ],
          [
            112.1125157,
            -8.2162231
          ],
          [
            112.1115002,
            -8.2159624
          ],
          [
            112.1087214,
            -8.2152138
          ],
          [
            112.1084009,
            -8.2150878
          ],
          [
            112.1082312,
            -8.2150211
          ],
          [
            112.1078668,
            -8.2147667
          ],
          [
            112.1077943,
            -8.2146778
          ],
          [
            112.1075407,
            -8.2143667
          ],
          [
            112.1074641,
            -8.2142724
          ],
          [
            112.1071764,
            -8.2138015
          ],
          [
            112.1068116,
            -8.2128299
          ],
          [
            112.1066447,
            -8.2124535
          ],
          [
            112.1065237,
            -8.2123103
          ],
          [
            112.106207,
            -8.212111
          ],
          [
            112.1045097,
            -8.2115246
          ],
          [
            112.1043741,
            -8.2114221
          ],
          [
            112.1042857,
            -8.2112939
          ],
          [
            112.1042115,
            -8.211117
          ],
          [
            112.1041569,
            -8.2109355
          ],
          [
            112.104108,
            -8.2107008
          ],
          [
            112.1040711,
            -8.2104762
          ],
          [
            112.1040613,
            -8.2102023
          ],
          [
            112.1040491,
            -8.2096664
          ],
          [
            112.1040457,
            -8.2095145
          ],
          [
            112.1039906,
            -8.2078985
          ],
          [
            112.1039312,
            -8.2062342
          ],
          [
            112.1039262,
            -8.2055543
          ],
          [
            112.1039095,
            -8.2050038
          ],
          [
            112.1038788,
            -8.2045573
          ],
          [
            112.1038163,
            -8.2040013
          ],
          [
            112.103717,
            -8.2034013
          ],
          [
            112.1035823,
            -8.2024631
          ],
          [
            112.1035078,
            -8.2020461
          ],
          [
            112.1033637,
            -8.2015459
          ],
          [
            112.1032517,
            -8.2012284
          ],
          [
            112.1032275,
            -8.2011328
          ],
          [
            112.1032222,
            -8.2010333
          ],
          [
            112.1032175,
            -8.2007323
          ],
          [
            112.103302,
            -8.2000123
          ],
          [
            112.1033381,
            -8.1997239
          ],
          [
            112.1033925,
            -8.1993077
          ],
          [
            112.1034885,
            -8.1986233
          ],
          [
            112.1035823,
            -8.1981279
          ],
          [
            112.10361,
            -8.1980063
          ],
          [
            112.1037241,
            -8.1974992
          ],
          [
            112.1038076,
            -8.1971881
          ],
          [
            112.1039584,
            -8.1966927
          ],
          [
            112.1041284,
            -8.1961768
          ],
          [
            112.104468,
            -8.1952644
          ],
          [
            112.1046343,
            -8.1947892
          ],
          [
            112.1046987,
            -8.1945768
          ],
          [
            112.1047376,
            -8.1944211
          ],
          [
            112.104747,
            -8.1943564
          ],
          [
            112.104745,
            -8.1942721
          ],
          [
            112.1047276,
            -8.1940704
          ],
          [
            112.1046638,
            -8.1936635
          ],
          [
            112.1046,
            -8.1932201
          ],
          [
            112.1045405,
            -8.1928459
          ],
          [
            112.1043521,
            -8.1915518
          ],
          [
            112.1043014,
            -8.1911463
          ],
          [
            112.1042218,
            -8.1903397
          ],
          [
            112.1040148,
            -8.1883207
          ],
          [
            112.104005,
            -8.1882208
          ],
          [
            112.1039953,
            -8.1881218
          ],
          [
            112.1039944,
            -8.188047
          ],
          [
            112.1039943,
            -8.1880353
          ],
          [
            112.1039933,
            -8.1879503
          ],
          [
            112.1040094,
            -8.1878123
          ],
          [
            112.1040308,
            -8.1877114
          ],
          [
            112.1040407,
            -8.1876754
          ],
          [
            112.1041918,
            -8.1871246
          ],
          [
            112.1044794,
            -8.1861517
          ],
          [
            112.1045463,
            -8.1859527
          ],
          [
            112.10458,
            -8.1858413
          ],
          [
            112.1046974,
            -8.1854056
          ],
          [
            112.1047443,
            -8.1852197
          ],
          [
            112.1048248,
            -8.1849556
          ],
          [
            112.1048382,
            -8.1847618
          ],
          [
            112.1048234,
            -8.1846609
          ],
          [
            112.1048087,
            -8.1845853
          ],
          [
            112.1047735,
            -8.1844521
          ],
          [
            112.1046333,
            -8.183834
          ],
          [
            112.10457,
            -8.183555
          ],
          [
            112.1044641,
            -8.1830883
          ],
          [
            112.1043067,
            -8.1823944
          ],
          [
            112.1041677,
            -8.1818979
          ],
          [
            112.104114,
            -8.181706
          ],
          [
            112.1038075,
            -8.1807093
          ],
          [
            112.1037962,
            -8.1806228
          ],
          [
            112.1037974,
            -8.1805219
          ],
          [
            112.1038132,
            -8.1804298
          ],
          [
            112.1038565,
            -8.1801768
          ],
          [
            112.1038954,
            -8.1800162
          ],
          [
            112.1039584,
            -8.1798582
          ],
          [
            112.1040402,
            -8.1797401
          ],
          [
            112.1041301,
            -8.1796485
          ],
          [
            112.1043414,
            -8.1794695
          ],
          [
            112.1047014,
            -8.1792449
          ],
          [
            112.1050259,
            -8.1790776
          ],
          [
            112.1051782,
            -8.1790209
          ],
          [
            112.1052673,
            -8.1790113
          ],
          [
            112.1056026,
            -8.1790299
          ],
          [
            112.1060076,
            -8.1790378
          ],
          [
            112.1062396,
            -8.1790538
          ],
          [
            112.1063215,
            -8.1790484
          ],
          [
            112.1064019,
            -8.1790312
          ],
          [
            112.1064851,
            -8.1789907
          ],
          [
            112.106526,
            -8.1789668
          ]
        ]
      },
      "properties": {
        "id": "osm:way:195271974",
        "name": "Blitar - Tambakrejo",
        "highway": "secondary",
        "restriction_type": "PROHIBITED_ROAD",
        "metadata": {
          "highway": "secondary",
          "name": "Blitar - Tambakrejo",
          "oneway": "no"
        }
      }
    },
    {
      "type": "Feature",
      "geometry": {
        "type": "LineString",
        "coordinates": [
          [
            112.169155,
            -8.095336
          ],
          [
            112.1700654,
            -8.0954613
          ],
          [
            112.1704017,
            -8.0955043
          ],
          [
            112.1706294,
            -8.0955345
          ],
          [
            112.1708982,
            -8.0955702
          ],
          [
            112.1711128,
            -8.0955895
          ],
          [
            112.171577,
            -8.0956486
          ],
          [
            112.1718312,
            -8.0956783
          ],
          [
            112.1720861,
            -8.0957187
          ]
        ]
      },
      "properties": {
        "id": "osm:way:233467090",
        "name": "Jalan Raden Ajeng Kartini",
        "highway": "primary",
        "restriction_type": "PROHIBITED_ROAD",
        "metadata": {
          "designation": "city_road",
          "highway": "primary",
          "lane_markings": "yes",
          "lanes": "2",
          "lit": "yes",
          "name": "Jalan Raden Ajeng Kartini",
          "name:etymology:wikidata": "Q1373764",
          "name:etymology:wikipedia": "id:Kartini",
          "oneway": "no",
          "source": "Bing;GPS",
          "surface": "asphalt"
        }
      }
    },
    {
      "type": "Feature",
      "geometry": {
        "type": "LineString",
        "coordinates": [
          [
            112.191914,
            -7.9914798
          ],
          [
            112.1916235,
            -7.9905155
          ]
        ]
      },
      "properties": {
        "id": "osm:way:262016917",
        "name": "Way #262016917",
        "highway": "secondary",
        "restriction_type": "PROHIBITED_ROAD",
        "metadata": {
          "bridge": "yes",
          "highway": "secondary",
          "layer": "1"
        }
      }
    },
    {
      "type": "Feature",
      "geometry": {
        "type": "LineString",
        "coordinates": [
          [
            112.1926439,
            -7.9938732
          ],
          [
            112.1923436,
            -7.9928878
          ]
        ]
      },
      "properties": {
        "id": "osm:way:262016919",
        "name": "Way #262016919",
        "highway": "secondary",
        "restriction_type": "PROHIBITED_ROAD",
        "metadata": {
          "bridge": "yes",
          "highway": "secondary",
          "layer": "1"
        }
      }
    },
    {
      "type": "Feature",
      "geometry": {
        "type": "LineString",
        "coordinates": [
          [
            112.1923436,
            -7.9928878
          ],
          [
            112.1923224,
            -7.9928286
          ],
          [
            112.1922113,
            -7.992472
          ],
          [
            112.1921606,
            -7.9922969
          ],
          [
            112.1921261,
            -7.9921888
          ],
          [
            112.191914,
            -7.9914798
          ]
        ]
      },
      "properties": {
        "id": "osm:way:262016930",
        "name": "Way #262016930",
        "highway": "secondary",
        "restriction_type": "PROHIBITED_ROAD",
        "metadata": {
          "highway": "secondary"
        }
      }
    },
    {
      "type": "Feature",
      "geometry": {
        "type": "LineString",
        "coordinates": [
          [
            112.187829,
            -7.9812837
          ],
          [
            112.1879058,
            -7.9812618
          ],
          [
            112.1879391,
            -7.9813293
          ],
          [
            112.1880605,
            -7.981645
          ],
          [
            112.1881226,
            -7.9817951
          ],
          [
            112.1883221,
            -7.9822787
          ],
          [
            112.1885228,
            -7.9827513
          ],
          [
            112.1887398,
            -7.9832713
          ],
          [
            112.1887681,
            -7.9833355
          ],
          [
            112.1887745,
            -7.9834089
          ]
        ]
      },
      "properties": {
        "id": "osm:way:262016951",
        "name": "Way #262016951",
        "highway": "secondary",
        "restriction_type": "PROHIBITED_ROAD",
        "metadata": {
          "highway": "secondary",
          "oneway": "yes"
        }
      }
    },
    {
      "type": "Feature",
      "geometry": {
        "type": "LineString",
        "coordinates": [
          [
            112.1916235,
            -7.9905155
          ],
          [
            112.1911724,
            -7.9890232
          ],
          [
            112.1909058,
            -7.9881617
          ]
        ]
      },
      "properties": {
        "id": "osm:way:262016979",
        "name": "Way #262016979",
        "highway": "secondary",
        "restriction_type": "PROHIBITED_ROAD",
        "metadata": {
          "embankment": "yes",
          "highway": "secondary"
        }
      }
    },
    {
      "type": "Feature",
      "geometry": {
        "type": "LineString",
        "coordinates": [
          [
            112.1539287,
            -8.057275
          ],
          [
            112.1543811,
            -8.056492
          ],
          [
            112.1548169,
            -8.0557623
          ]
        ]
      },
      "properties": {
        "id": "osm:way:262346830",
        "name": "Way #262346830",
        "highway": "secondary",
        "restriction_type": "PROHIBITED_ROAD",
        "metadata": {
          "highway": "secondary"
        }
      }
    },
    {
      "type": "Feature",
      "geometry": {
        "type": "LineString",
        "coordinates": [
          [
            112.1597714,
            -8.0577201
          ],
          [
            112.1584937,
            -8.0572579
          ],
          [
            112.1578495,
            -8.0570303
          ],
          [
            112.1576401,
            -8.0569501
          ],
          [
            112.1574068,
            -8.0568647
          ],
          [
            112.1569256,
            -8.0567238
          ],
          [
            112.1564741,
            -8.0566263
          ],
          [
            112.1563715,
            -8.0566011
          ],
          [
            112.1563071,
            -8.0565785
          ],
          [
            112.1561965,
            -8.0565321
          ],
          [
            112.1558413,
            -8.0563459
          ],
          [
            112.1557454,
            -8.0562913
          ],
          [
            112.1548169,
            -8.0557623
          ]
        ]
      },
      "properties": {
        "id": "osm:way:262346867",
        "name": "Way #262346867",
        "highway": "secondary",
        "restriction_type": "PROHIBITED_ROAD",
        "metadata": {
          "highway": "secondary"
        }
      }
    },
    {
      "type": "Feature",
      "geometry": {
        "type": "LineString",
        "coordinates": [
          [
            112.1393167,
            -8.0518922
          ],
          [
            112.1395232,
            -8.0519808
          ],
          [
            112.1399671,
            -8.0521919
          ],
          [
            112.1405035,
            -8.0523247
          ],
          [
            112.1412371,
            -8.0524761
          ],
          [
            112.14266,
            -8.0528412
          ],
          [
            112.1448809,
            -8.0534826
          ],
          [
            112.1456882,
            -8.0536738
          ],
          [
            112.1461603,
            -8.0538239
          ],
          [
            112.1466419,
            -8.0539473
          ],
          [
            112.1474451,
            -8.0541253
          ],
          [
            112.147502,
            -8.0541408
          ],
          [
            112.1477634,
            -8.0542132
          ],
          [
            112.1477908,
            -8.0542264
          ],
          [
            112.1480729,
            -8.0542964
          ],
          [
            112.1484049,
            -8.0544012
          ],
          [
            112.1486799,
            -8.0545314
          ],
          [
            112.1499932,
            -8.0552558
          ],
          [
            112.1505806,
            -8.0555607
          ],
          [
            112.1511868,
            -8.0558736
          ],
          [
            112.1513726,
            -8.0559799
          ],
          [
            112.1520808,
            -8.0563486
          ],
          [
            112.1526488,
            -8.0566161
          ],
          [
            112.1532157,
            -8.0569428
          ],
          [
            112.1537536,
            -8.0572669
          ],
          [
            112.1539287,
            -8.057275
          ]
        ]
      },
      "properties": {
        "id": "osm:way:262346883",
        "name": "Way #262346883",
        "highway": "secondary",
        "restriction_type": "PROHIBITED_ROAD",
        "metadata": {
          "highway": "secondary"
        }
      }
    },
    {
      "type": "Feature",
      "geometry": {
        "type": "LineString",
        "coordinates": [
          [
            112.1909058,
            -7.9881617
          ],
          [
            112.190893,
            -7.988135
          ],
          [
            112.1906112,
            -7.987402
          ],
          [
            112.1901472,
            -7.9863196
          ],
          [
            112.1895759,
            -7.9850858
          ],
          [
            112.1890931,
            -7.9840738
          ],
          [
            112.1887745,
            -7.9834089
          ]
        ]
      },
      "properties": {
        "id": "osm:way:264644990",
        "name": "Way #264644990",
        "highway": "secondary",
        "restriction_type": "PROHIBITED_ROAD",
        "metadata": {
          "highway": "secondary"
        }
      }
    },
    {
      "type": "Feature",
      "geometry": {
        "type": "LineString",
        "coordinates": [
          [
            112.0421137,
            -8.0279525
          ],
          [
            112.0421641,
            -8.0282294
          ]
        ]
      },
      "properties": {
        "id": "osm:way:265731766",
        "name": "Jalan Raya Kediri - Blitar",
        "highway": "primary",
        "restriction_type": "PROHIBITED_ROAD",
        "metadata": {
          "bridge": "yes",
          "designation": "provincial_road",
          "highway": "primary",
          "layer": "1",
          "name": "Jalan Raya Kediri - Blitar",
          "ref": "008",
          "reg_ref": "35-008",
          "source": "GPS",
          "width": "10"
        }
      }
    },
    {
      "type": "Feature",
      "geometry": {
        "type": "LineString",
        "coordinates": [
          [
            112.0399573,
            -8.0177535
          ],
          [
            112.0400162,
            -8.0180226
          ]
        ]
      },
      "properties": {
        "id": "osm:way:265731767",
        "name": "Jalan Raya Kediri - Blitar",
        "highway": "primary",
        "restriction_type": "PROHIBITED_ROAD",
        "metadata": {
          "bridge": "yes",
          "designation": "provincial_road",
          "highway": "primary",
          "layer": "1",
          "name": "Jalan Raya Kediri - Blitar",
          "ref": "008",
          "reg_ref": "35-008",
          "source": "GPS",
          "width": "10"
        }
      }
    },
    {
      "type": "Feature",
      "geometry": {
        "type": "LineString",
        "coordinates": [
          [
            112.0400162,
            -8.0180226
          ],
          [
            112.0402227,
            -8.0189209
          ],
          [
            112.0402975,
            -8.0192564
          ],
          [
            112.0404021,
            -8.0197079
          ],
          [
            112.0405878,
            -8.0205797
          ],
          [
            112.0407642,
            -8.0213679
          ],
          [
            112.0409547,
            -8.0223294
          ],
          [
            112.0411129,
            -8.0231554
          ],
          [
            112.0412758,
            -8.0240017
          ],
          [
            112.0415099,
            -8.0251049
          ],
          [
            112.0417696,
            -8.0261769
          ],
          [
            112.0419869,
            -8.0273775
          ],
          [
            112.0421137,
            -8.0279525
          ]
        ]
      },
      "properties": {
        "id": "osm:way:265731768",
        "name": "Jalan Raya Kediri - Blitar",
        "highway": "primary",
        "restriction_type": "PROHIBITED_ROAD",
        "metadata": {
          "designation": "provincial_road",
          "highway": "primary",
          "name": "Jalan Raya Kediri - Blitar",
          "ref": "008",
          "reg_ref": "35-008",
          "source": "GPS",
          "width": "10"
        }
      }
    },
    {
      "type": "Feature",
      "geometry": {
        "type": "LineString",
        "coordinates": [
          [
            112.0421641,
            -8.0282294
          ],
          [
            112.0425587,
            -8.0301569
          ],
          [
            112.0426313,
            -8.0304539
          ],
          [
            112.042737,
            -8.0308762
          ],
          [
            112.0428733,
            -8.0314846
          ],
          [
            112.0430465,
            -8.0322464
          ],
          [
            112.0431581,
            -8.032576
          ],
          [
            112.0432359,
            -8.0328176
          ],
          [
            112.0433417,
            -8.0330498
          ],
          [
            112.0435421,
            -8.0334165
          ],
          [
            112.0439913,
            -8.0341701
          ],
          [
            112.0448175,
            -8.0354328
          ],
          [
            112.0448842,
            -8.0354982
          ],
          [
            112.0458711,
            -8.0365018
          ],
          [
            112.0460978,
            -8.0367324
          ],
          [
            112.0461946,
            -8.0368356
          ],
          [
            112.0472275,
            -8.0379294
          ],
          [
            112.048383,
            -8.0392768
          ],
          [
            112.0485064,
            -8.0395476
          ],
          [
            112.0485578,
            -8.0398241
          ],
          [
            112.0486432,
            -8.0403045
          ],
          [
            112.0487314,
            -8.040821
          ],
          [
            112.0487693,
            -8.0411332
          ],
          [
            112.0488189,
            -8.0414953
          ],
          [
            112.048962,
            -8.04254
          ],
          [
            112.0489792,
            -8.0427472
          ],
          [
            112.049126,
            -8.0435871
          ],
          [
            112.0492159,
            -8.0441696
          ],
          [
            112.049236,
            -8.0444317
          ],
          [
            112.049228,
            -8.0447185
          ],
          [
            112.0492199,
            -8.0450478
          ],
          [
            112.0492195,
            -8.0451472
          ],
          [
            112.0492262,
            -8.0457316
          ],
          [
            112.0492293,
            -8.0458973
          ],
          [
            112.0492284,
            -8.0459281
          ],
          [
            112.0492252,
            -8.0466652
          ],
          [
            112.049223,
            -8.0471661
          ],
          [
            112.0492226,
            -8.0472654
          ],
          [
            112.0492033,
            -8.0487976
          ],
          [
            112.0491945,
            -8.0496127
          ],
          [
            112.0491763,
            -8.0510754
          ],
          [
            112.0491503,
            -8.0520341
          ],
          [
            112.0491475,
            -8.0524469
          ],
          [
            112.0491475,
            -8.052816
          ],
          [
            112.0491287,
            -8.0535543
          ],
          [
            112.0491314,
            -8.0542767
          ],
          [
            112.0491314,
            -8.054598
          ],
          [
            112.0491332,
            -8.0547865
          ],
          [
            112.0491368,
            -8.0551584
          ],
          [
            112.0491314,
            -8.0552327
          ],
          [
            112.0491394,
            -8.0557453
          ],
          [
            112.049135,
            -8.0561583
          ],
          [
            112.0491136,
            -8.0567411
          ],
          [
            112.0491046,
            -8.0569882
          ],
          [
            112.0490965,
            -8.0570599
          ],
          [
            112.0491073,
            -8.0572272
          ],
          [
            112.0491233,
            -8.0574105
          ],
          [
            112.0491931,
            -8.0576468
          ],
          [
            112.049295,
            -8.0578566
          ],
          [
            112.0493835,
            -8.0579867
          ],
          [
            112.0494978,
            -8.0581694
          ],
          [
            112.0497096,
            -8.0582334
          ],
          [
            112.0499259,
            -8.0582987
          ],
          [
            112.0503802,
            -8.0584237
          ],
          [
            112.0505042,
            -8.0584578
          ],
          [
            112.0510009,
            -8.0585797
          ],
          [
            112.0517519,
            -8.0587781
          ],
          [
            112.0532459,
            -8.0591951
          ],
          [
            112.053567,
            -8.059281
          ],
          [
            112.0538742,
            -8.0593632
          ],
          [
            112.054601,
            -8.0595577
          ]
        ]
      },
      "properties": {
        "id": "osm:way:265731769",
        "name": "Jalan Raya Kediri - Blitar",
        "highway": "primary",
        "restriction_type": "PROHIBITED_ROAD",
        "metadata": {
          "designation": "provincial_road",
          "highway": "primary",
          "name": "Jalan Raya Kediri - Blitar",
          "oneway": "no",
          "ref": "008",
          "reg_ref": "35-008",
          "source": "GPS",
          "width": "10"
        }
      }
    },
    {
      "type": "Feature",
      "geometry": {
        "type": "LineString",
        "coordinates": [
          [
            111.9950574,
            -8.0774953
          ],
          [
            111.9949587,
            -8.0773764
          ]
        ]
      },
      "properties": {
        "id": "osm:way:265796476",
        "name": "35-009",
        "highway": "primary",
        "restriction_type": "PROHIBITED_ROAD",
        "metadata": {
          "bridge": "yes",
          "highway": "primary",
          "layer": "1",
          "ref": "35-009",
          "width": "6"
        }
      }
    },
    {
      "type": "Feature",
      "geometry": {
        "type": "LineString",
        "coordinates": [
          [
            111.948916,
            -8.0827622
          ],
          [
            111.9491038,
            -8.0827899
          ],
          [
            111.9495343,
            -8.0828646
          ],
          [
            111.9498558,
            -8.0829232
          ],
          [
            111.9502014,
            -8.0829811
          ],
          [
            111.9502886,
            -8.0829954
          ],
          [
            111.9506675,
            -8.0830574
          ],
          [
            111.9512181,
            -8.0831416
          ],
          [
            111.9526682,
            -8.0833972
          ],
          [
            111.9531463,
            -8.0834863
          ],
          [
            111.9547153,
            -8.083765
          ],
          [
            111.9550961,
            -8.0838311
          ],
          [
            111.9551213,
            -8.0838355
          ],
          [
            111.9576829,
            -8.084303
          ],
          [
            111.9592867,
            -8.0846406
          ],
          [
            111.9604614,
            -8.0848677
          ],
          [
            111.9612071,
            -8.0850302
          ],
          [
            111.9622766,
            -8.0852367
          ],
          [
            111.9625673,
            -8.0852737
          ],
          [
            111.9633206,
            -8.0854316
          ],
          [
            111.9639778,
            -8.0855648
          ],
          [
            111.9641059,
            -8.0855899
          ],
          [
            111.9644881,
            -8.0856647
          ],
          [
            111.9651447,
            -8.0857998
          ],
          [
            111.9659092,
            -8.0859466
          ],
          [
            111.9667823,
            -8.0861091
          ],
          [
            111.9676115,
            -8.0862718
          ],
          [
            111.9693019,
            -8.0866202
          ],
          [
            111.9700958,
            -8.0867771
          ],
          [
            111.9704438,
            -8.0868398
          ],
          [
            111.9712124,
            -8.0869746
          ],
          [
            111.9716673,
            -8.0870647
          ],
          [
            111.9719642,
            -8.0871323
          ],
          [
            111.9721182,
            -8.0871782
          ],
          [
            111.972284,
            -8.0872403
          ],
          [
            111.9726255,
            -8.0873762
          ],
          [
            111.9731288,
            -8.0875992
          ],
          [
            111.9733353,
            -8.0876875
          ],
          [
            111.9752808,
            -8.0885185
          ],
          [
            111.9757393,
            -8.0886849
          ],
          [
            111.9759986,
            -8.088794
          ],
          [
            111.9762731,
            -8.0889265
          ],
          [
            111.9768557,
            -8.0891597
          ],
          [
            111.976936,
            -8.0891978
          ],
          [
            111.9780609,
            -8.0896564
          ],
          [
            111.9787218,
            -8.089945
          ],
          [
            111.9792162,
            -8.0901486
          ],
          [
            111.9799264,
            -8.0904464
          ],
          [
            111.9804333,
            -8.0906535
          ],
          [
            111.9815289,
            -8.0911114
          ],
          [
            111.9820104,
            -8.0913094
          ],
          [
            111.9838157,
            -8.0920748
          ],
          [
            111.9842576,
            -8.0922622
          ],
          [
            111.9846525,
            -8.0924251
          ],
          [
            111.9863359,
            -8.0931313
          ],
          [
            111.9871941,
            -8.093488
          ],
          [
            111.9874566,
            -8.0935919
          ],
          [
            111.9877829,
            -8.0937304
          ],
          [
            111.9888588,
            -8.094176
          ],
          [
            111.9889346,
            -8.0942086
          ],
          [
            111.9898304,
            -8.0945651
          ],
          [
            111.9901335,
            -8.0946978
          ],
          [
            111.9913105,
            -8.0951997
          ],
          [
            111.9919708,
            -8.0954733
          ],
          [
            111.9927247,
            -8.0957749
          ],
          [
            111.9929614,
            -8.0958739
          ],
          [
            111.9931459,
            -8.0959511
          ],
          [
            111.9934392,
            -8.0960606
          ],
          [
            111.9946745,
            -8.0965222
          ],
          [
            111.9947952,
            -8.09657
          ],
          [
            111.995844,
            -8.0969497
          ],
          [
            111.9959964,
            -8.0970039
          ],
          [
            111.9963339,
            -8.0971218
          ],
          [
            111.9969762,
            -8.0973561
          ],
          [
            111.997977,
            -8.097734
          ],
          [
            111.998158,
            -8.0978026
          ],
          [
            111.9987591,
            -8.0980032
          ],
          [
            111.9988511,
            -8.0980394
          ],
          [
            111.9996353,
            -8.0983204
          ],
          [
            112.0014056,
            -8.09896
          ],
          [
            112.0023455,
            -8.099299
          ],
          [
            112.0025374,
            -8.0993682
          ],
          [
            112.0036089,
            -8.0997658
          ],
          [
            112.0037839,
            -8.0998342
          ],
          [
            112.0039026,
            -8.0998778
          ],
          [
            112.0043276,
            -8.1000658
          ],
          [
            112.0049471,
            -8.1004025
          ],
          [
            112.0052424,
            -8.1005737
          ],
          [
            112.0058667,
            -8.1009269
          ],
          [
            112.006043,
            -8.1010311
          ],
          [
            112.0064778,
            -8.101236
          ],
          [
            112.0067131,
            -8.1013588
          ],
          [
            112.0077513,
            -8.101971
          ],
          [
            112.0084471,
            -8.1023567
          ],
          [
            112.0084946,
            -8.1024166
          ],
          [
            112.0085182,
            -8.1024788
          ],
          [
            112.0085389,
            -8.1026022
          ],
          [
            112.0085314,
            -8.102949
          ],
          [
            112.0085318,
            -8.1030376
          ],
          [
            112.0085365,
            -8.1030855
          ],
          [
            112.0085479,
            -8.1036922
          ],
          [
            112.0085526,
            -8.1040982
          ],
          [
            112.0085602,
            -8.1041495
          ],
          [
            112.0085836,
            -8.1041893
          ],
          [
            112.0086369,
            -8.1042516
          ],
          [
            112.0086889,
            -8.1042869
          ],
          [
            112.0087445,
            -8.1043114
          ],
          [
            112.0089192,
            -8.1043302
          ],
          [
            112.0109667,
            -8.1043892
          ],
          [
            112.0121592,
            -8.1044205
          ],
          [
            112.0126774,
            -8.104446
          ],
          [
            112.0130462,
            -8.1044641
          ],
          [
            112.013693,
            -8.1044959
          ],
          [
            112.0143061,
            -8.1045145
          ],
          [
            112.0148258,
            -8.1045191
          ],
          [
            112.0153999,
            -8.1045341
          ],
          [
            112.0156232,
            -8.10454
          ],
          [
            112.0159832,
            -8.1045566
          ],
          [
            112.0164074,
            -8.1045811
          ],
          [
            112.0169572,
            -8.1046085
          ],
          [
            112.0179223,
            -8.1046692
          ],
          [
            112.0185497,
            -8.1047045
          ],
          [
            112.0185932,
            -8.1047038
          ],
          [
            112.0190189,
            -8.1047286
          ],
          [
            112.019841,
            -8.1047549
          ],
          [
            112.0203238,
            -8.1047859
          ],
          [
            112.0208266,
            -8.1048233
          ],
          [
            112.0217078,
            -8.1048642
          ],
          [
            112.0218547,
            -8.1048569
          ],
          [
            112.0219036,
            -8.104847
          ],
          [
            112.0219546,
            -8.104833
          ],
          [
            112.0220424,
            -8.104786
          ],
          [
            112.0220867,
            -8.1047574
          ],
          [
            112.0221256,
            -8.1047414
          ],
          [
            112.0221879,
            -8.1047209
          ],
          [
            112.0222335,
            -8.1047155
          ],
          [
            112.0222892,
            -8.1047195
          ],
          [
            112.0225473,
            -8.1047833
          ],
          [
            112.0229121,
            -8.1048904
          ],
          [
            112.0230466,
            -8.1049139
          ],
          [
            112.0231435,
            -8.1049257
          ],
          [
            112.0239821,
            -8.1049629
          ],
          [
            112.0247158,
            -8.105004
          ],
          [
            112.0248166,
            -8.1050076
          ],
          [
            112.025096,
            -8.1050226
          ],
          [
            112.0259674,
            -8.1050804
          ],
          [
            112.0264249,
            -8.1051108
          ],
          [
            112.0271049,
            -8.1051332
          ],
          [
            112.0279692,
            -8.1051931
          ],
          [
            112.0288044,
            -8.1052373
          ],
          [
            112.02948,
            -8.1052731
          ],
          [
            112.0311673,
            -8.1053436
          ],
          [
            112.0314516,
            -8.1053688
          ],
          [
            112.0315737,
            -8.1053847
          ],
          [
            112.0316957,
            -8.1054086
          ],
          [
            112.0318875,
            -8.1054684
          ],
          [
            112.0321919,
            -8.1055732
          ],
          [
            112.0325057,
            -8.1056842
          ],
          [
            112.03301,
            -8.1058627
          ],
          [
            112.0334534,
            -8.1060085
          ],
          [
            112.033915,
            -8.1061634
          ],
          [
            112.0340198,
            -8.1061986
          ],
          [
            112.0345812,
            -8.1063956
          ],
          [
            112.0348258,
            -8.1064814
          ],
          [
            112.0350337,
            -8.1065543
          ],
          [
            112.035114,
            -8.1065825
          ],
          [
            112.0355106,
            -8.1067194
          ],
          [
            112.0359558,
            -8.1068722
          ],
          [
            112.0364512,
            -8.1070417
          ],
          [
            112.0368868,
            -8.1071852
          ],
          [
            112.0372724,
            -8.1073301
          ],
          [
            112.0376581,
            -8.1074554
          ],
          [
            112.0386628,
            -8.1078019
          ],
          [
            112.0401817,
            -8.1083208
          ],
          [
            112.0410321,
            -8.1086184
          ],
          [
            112.0417342,
            -8.1088671
          ],
          [
            112.0419082,
            -8.1089317
          ],
          [
            112.0421099,
            -8.1090198
          ],
          [
            112.0433177,
            -8.1097104
          ],
          [
            112.043351,
            -8.1097294
          ],
          [
            112.044599,
            -8.1104824
          ],
          [
            112.0464547,
            -8.1116191
          ],
          [
            112.0472682,
            -8.1121094
          ],
          [
            112.0475364,
            -8.1122627
          ],
          [
            112.047813,
            -8.1124251
          ],
          [
            112.0478788,
            -8.1124822
          ],
          [
            112.0479186,
            -8.1125237
          ],
          [
            112.0479962,
            -8.1126626
          ],
          [
            112.0480409,
            -8.1127464
          ],
          [
            112.0480687,
            -8.1127986
          ],
          [
            112.0480996,
            -8.112839
          ],
          [
            112.0481559,
            -8.1128836
          ],
          [
            112.0485296,
            -8.1130128
          ],
          [
            112.0489015,
            -8.1131167
          ],
          [
            112.0495431,
            -8.113323
          ],
          [
            112.0497371,
            -8.1133853
          ],
          [
            112.0498063,
            -8.1134076
          ],
          [
            112.0511987,
            -8.1138496
          ],
          [
            112.0526715,
            -8.1143033
          ],
          [
            112.0532511,
            -8.1144767
          ],
          [
            112.054344,
            -8.1148113
          ],
          [
            112.0551704,
            -8.1150556
          ],
          [
            112.0572243,
            -8.1156931
          ],
          [
            112.0580733,
            -8.115951
          ],
          [
            112.0587592,
            -8.1161682
          ],
          [
            112.0598598,
            -8.1164946
          ],
          [
            112.0601737,
            -8.1165934
          ],
          [
            112.0607721,
            -8.1167795
          ],
          [
            112.0622042,
            -8.1171943
          ],
          [
            112.0634698,
            -8.1175587
          ],
          [
            112.0640803,
            -8.1177137
          ],
          [
            112.0643777,
            -8.1178115
          ],
          [
            112.0647371,
            -8.1179296
          ],
          [
            112.066176,
            -8.1183479
          ],
          [
            112.0663922,
            -8.1184138
          ],
          [
            112.0673174,
            -8.1186929
          ],
          [
            112.06803,
            -8.1189022
          ],
          [
            112.0695395,
            -8.1193635
          ],
          [
            112.0706818,
            -8.1197085
          ],
          [
            112.0720147,
            -8.1201007
          ],
          [
            112.0721112,
            -8.1201297
          ],
          [
            112.0729439,
            -8.1203795
          ],
          [
            112.0739103,
            -8.1206589
          ],
          [
            112.0742945,
            -8.1207699
          ],
          [
            112.0756544,
            -8.1211722
          ],
          [
            112.0760981,
            -8.1213003
          ],
          [
            112.0763843,
            -8.1213829
          ],
          [
            112.0775165,
            -8.1217067
          ],
          [
            112.0776299,
            -8.1217391
          ],
          [
            112.0781945,
            -8.121905
          ],
          [
            112.0783178,
            -8.1219342
          ],
          [
            112.0784654,
            -8.1219488
          ],
          [
            112.0786169,
            -8.1219422
          ],
          [
            112.0790152,
            -8.1218599
          ],
          [
            112.0794095,
            -8.1217882
          ],
          [
            112.0809183,
            -8.1214842
          ],
          [
            112.0812824,
            -8.1214145
          ],
          [
            112.0827006,
            -8.121135
          ],
          [
            112.0830774,
            -8.1210474
          ],
          [
            112.0832061,
            -8.120969
          ],
          [
            112.0832719,
            -8.1208709
          ],
          [
            112.083288,
            -8.1207666
          ],
          [
            112.0832745,
            -8.1206822
          ],
          [
            112.0832571,
            -8.1206007
          ],
          [
            112.0832397,
            -8.1205176
          ],
          [
            112.083184,
            -8.1201923
          ],
          [
            112.0831948,
            -8.1201134
          ],
          [
            112.0832313,
            -8.1200087
          ],
          [
            112.0833041,
            -8.1199282
          ],
          [
            112.0834114,
            -8.1198677
          ],
          [
            112.0838123,
            -8.1197277
          ],
          [
            112.0842751,
            -8.1195397
          ],
          [
            112.0850546,
            -8.1192327
          ],
          [
            112.0862199,
            -8.1187631
          ],
          [
            112.0864436,
            -8.1186706
          ],
          [
            112.0870769,
            -8.1184099
          ],
          [
            112.087593,
            -8.1182004
          ],
          [
            112.0887495,
            -8.1177309
          ],
          [
            112.0893895,
            -8.1174663
          ],
          [
            112.0902259,
            -8.1171324
          ],
          [
            112.0903318,
            -8.1170901
          ],
          [
            112.0909183,
            -8.1168496
          ],
          [
            112.0914996,
            -8.1166183
          ],
          [
            112.0921611,
            -8.1163496
          ],
          [
            112.0933865,
            -8.1158602
          ],
          [
            112.0938919,
            -8.115654
          ],
          [
            112.0941697,
            -8.1155442
          ],
          [
            112.0946289,
            -8.115378
          ],
          [
            112.0956859,
            -8.115027
          ],
          [
            112.0957989,
            -8.1149973
          ],
          [
            112.0963089,
            -8.114863
          ],
          [
            112.0967312,
            -8.1147741
          ],
          [
            112.0969273,
            -8.114727
          ]
        ]
      },
      "properties": {
        "id": "osm:way:296779369",
        "name": "Jalan Raya Blitar - Tulungagung",
        "highway": "trunk",
        "restriction_type": "PROHIBITED_ROAD",
        "metadata": {
          "highway": "trunk",
          "name": "Jalan Raya Blitar - Tulungagung",
          "oneway": "no",
          "ref": "3",
          "surface": "asphalt"
        }
      }
    },
    {
      "type": "Feature",
      "geometry": {
        "type": "LineString",
        "coordinates": [
          [
            112.1466411,
            -8.1396323
          ],
          [
            112.1467061,
            -8.139585
          ],
          [
            112.1467963,
            -8.1395378
          ],
          [
            112.1469046,
            -8.1395093
          ],
          [
            112.14702,
            -8.1394907
          ],
          [
            112.1472079,
            -8.139485
          ],
          [
            112.1484936,
            -8.1394806
          ],
          [
            112.1485864,
            -8.1394575
          ],
          [
            112.1487222,
            -8.1394286
          ],
          [
            112.14875,
            -8.1393898
          ],
          [
            112.1488164,
            -8.1393241
          ],
          [
            112.1488968,
            -8.1392073
          ],
          [
            112.1490999,
            -8.138711
          ],
          [
            112.1492359,
            -8.138324
          ],
          [
            112.1495399,
            -8.137542
          ],
          [
            112.1496649,
            -8.137201
          ],
          [
            112.149784,
            -8.1369776
          ],
          [
            112.1498416,
            -8.1366776
          ],
          [
            112.1499511,
            -8.1363109
          ],
          [
            112.1502779,
            -8.135204
          ],
          [
            112.1506221,
            -8.1340871
          ],
          [
            112.1508535,
            -8.1332504
          ],
          [
            112.1509038,
            -8.1330796
          ],
          [
            112.1509199,
            -8.133025
          ],
          [
            112.1509937,
            -8.1327344
          ],
          [
            112.1510355,
            -8.1325399
          ],
          [
            112.1511139,
            -8.132261
          ],
          [
            112.1512825,
            -8.1316303
          ],
          [
            112.1513005,
            -8.1315781
          ],
          [
            112.1513479,
            -8.131332
          ],
          [
            112.151496,
            -8.1306914
          ],
          [
            112.1515139,
            -8.130614
          ],
          [
            112.1516163,
            -8.1301864
          ],
          [
            112.1519168,
            -8.1289338
          ],
          [
            112.1520478,
            -8.1283693
          ]
        ]
      },
      "properties": {
        "id": "osm:way:296779370",
        "name": "Jalan Raya Kademangan Blitar",
        "highway": "trunk",
        "restriction_type": "PROHIBITED_ROAD",
        "metadata": {
          "highway": "trunk",
          "name": "Jalan Raya Kademangan Blitar",
          "oneway": "no",
          "ref": "3",
          "surface": "asphalt"
        }
      }
    },
    {
      "type": "Feature",
      "geometry": {
        "type": "LineString",
        "coordinates": [
          [
            112.1466411,
            -8.1396323
          ],
          [
            112.1464929,
            -8.1397961
          ],
          [
            112.1464754,
            -8.1398213
          ],
          [
            112.1463896,
            -8.1398917
          ],
          [
            112.1462438,
            -8.1399819
          ]
        ]
      },
      "properties": {
        "id": "osm:way:296779371",
        "name": "Jalan Raya Kademangan Blitar",
        "highway": "trunk",
        "restriction_type": "PROHIBITED_ROAD",
        "metadata": {
          "highway": "trunk",
          "name": "Jalan Raya Kademangan Blitar",
          "oneway": "yes",
          "ref": "3",
          "surface": "asphalt"
        }
      }
    },
    {
      "type": "Feature",
      "geometry": {
        "type": "LineString",
        "coordinates": [
          [
            112.1448997,
            -8.1406431
          ],
          [
            112.1461717,
            -8.1398291
          ]
        ]
      },
      "properties": {
        "id": "osm:way:296779372",
        "name": "Jembatan Kademangan",
        "highway": "trunk",
        "restriction_type": "PROHIBITED_ROAD",
        "metadata": {
          "bridge": "yes",
          "highway": "trunk",
          "layer": "1",
          "name": "Jembatan Kademangan",
          "oneway": "yes",
          "ref": "3",
          "surface": "asphalt"
        }
      }
    },
    {
      "type": "Feature",
      "geometry": {
        "type": "LineString",
        "coordinates": [
          [
            112.1533653,
            -8.1230391
          ],
          [
            112.1533552,
            -8.1230836
          ],
          [
            112.1532467,
            -8.1235633
          ],
          [
            112.1531247,
            -8.124231
          ],
          [
            112.1530308,
            -8.1245338
          ],
          [
            112.152945,
            -8.1248949
          ],
          [
            112.1529121,
            -8.1250104
          ],
          [
            112.1527787,
            -8.1255521
          ],
          [
            112.1525016,
            -8.1265228
          ],
          [
            112.1521962,
            -8.1277655
          ],
          [
            112.1520478,
            -8.1283693
          ]
        ]
      },
      "properties": {
        "id": "osm:way:300233869",
        "name": "Jalan Letnan Jenderal Suprapto",
        "highway": "trunk",
        "restriction_type": "PROHIBITED_ROAD",
        "metadata": {
          "highway": "trunk",
          "name": "Jalan Letnan Jenderal Suprapto",
          "name:etymology:wikidata": "Q2605059",
          "name:etymology:wikipedia": "id:R. Suprapto",
          "oneway": "no",
          "ref": "3",
          "surface": "asphalt"
        }
      }
    },
    {
      "type": "Feature",
      "geometry": {
        "type": "LineString",
        "coordinates": [
          [
            112.1626761,
            -8.1167713
          ],
          [
            112.1626932,
            -8.1167388
          ],
          [
            112.162896,
            -8.1163549
          ],
          [
            112.1629223,
            -8.1163051
          ],
          [
            112.1631171,
            -8.1159337
          ],
          [
            112.1632271,
            -8.1157284
          ],
          [
            112.1633981,
            -8.1153793
          ],
          [
            112.163432,
            -8.1153137
          ],
          [
            112.1635239,
            -8.1151562
          ],
          [
            112.1635735,
            -8.1150719
          ],
          [
            112.1636684,
            -8.1148963
          ],
          [
            112.1638323,
            -8.1145901
          ],
          [
            112.1641334,
            -8.1140412
          ],
          [
            112.1641955,
            -8.1139151
          ],
          [
            112.1642652,
            -8.1137956
          ],
          [
            112.1643561,
            -8.1136149
          ],
          [
            112.1643952,
            -8.1135372
          ],
          [
            112.1644765,
            -8.1134018
          ],
          [
            112.1645057,
            -8.1133531
          ],
          [
            112.1645725,
            -8.1132344
          ],
          [
            112.1646273,
            -8.1131305
          ],
          [
            112.1647269,
            -8.1129375
          ],
          [
            112.1648593,
            -8.1126811
          ],
          [
            112.1650256,
            -8.1123536
          ],
          [
            112.1650675,
            -8.1122721
          ],
          [
            112.165245,
            -8.111965
          ],
          [
            112.1654032,
            -8.1116719
          ],
          [
            112.1655272,
            -8.1114421
          ],
          [
            112.1655542,
            -8.1113838
          ],
          [
            112.1657924,
            -8.1109402
          ],
          [
            112.1658405,
            -8.1108506
          ],
          [
            112.1660358,
            -8.1104912
          ],
          [
            112.1661555,
            -8.1102708
          ],
          [
            112.1664765,
            -8.1097186
          ],
          [
            112.1665751,
            -8.1095471
          ],
          [
            112.166606,
            -8.1094969
          ],
          [
            112.1666211,
            -8.1094731
          ]
        ]
      },
      "properties": {
        "id": "osm:way:300233870",
        "name": "Jalan Kenari",
        "highway": "trunk",
        "restriction_type": "PROHIBITED_ROAD",
        "metadata": {
          "highway": "trunk",
          "name": "Jalan Kenari",
          "oneway": "no",
          "ref": "3",
          "source": "GPS"
        }
      }
    },
    {
      "type": "Feature",
      "geometry": {
        "type": "LineString",
        "coordinates": [
          [
            112.1572844,
            -7.9785247
          ],
          [
            112.1573016,
            -7.978637
          ],
          [
            112.1573156,
            -7.9787188
          ],
          [
            112.1573156,
            -7.978823
          ],
          [
            112.1572942,
            -7.9792182
          ],
          [
            112.1572896,
            -7.9795837
          ],
          [
            112.1572942,
            -7.9803046
          ],
          [
            112.1573015,
            -7.9810062
          ],
          [
            112.157301,
            -7.9817948
          ],
          [
            112.1573006,
            -7.9823884
          ],
          [
            112.1572816,
            -7.9833832
          ],
          [
            112.1572851,
            -7.9840709
          ],
          [
            112.1572937,
            -7.9847833
          ],
          [
            112.1573427,
            -7.9847785
          ],
          [
            112.158501,
            -7.9846077
          ],
          [
            112.1598986,
            -7.9844098
          ],
          [
            112.1601541,
            -7.9843738
          ],
          [
            112.160596,
            -7.9843115
          ],
          [
            112.1612891,
            -7.9842172
          ],
          [
            112.1625178,
            -7.9840472
          ],
          [
            112.1631628,
            -7.9839569
          ],
          [
            112.1639424,
            -7.9838618
          ],
          [
            112.1640502,
            -7.9838374
          ],
          [
            112.1644382,
            -7.9837815
          ],
          [
            112.1648283,
            -7.9837231
          ],
          [
            112.1651503,
            -7.9836807
          ],
          [
            112.1654281,
            -7.9836442
          ],
          [
            112.1657266,
            -7.9836019
          ],
          [
            112.1667806,
            -7.9834295
          ],
          [
            112.1675094,
            -7.9833356
          ],
          [
            112.1677967,
            -7.9832998
          ],
          [
            112.1682168,
            -7.9832468
          ],
          [
            112.1683784,
            -7.9832187
          ],
          [
            112.1689471,
            -7.9830959
          ],
          [
            112.1693863,
            -7.9829883
          ],
          [
            112.16967,
            -7.9829221
          ],
          [
            112.1709656,
            -7.9826216
          ],
          [
            112.1711531,
            -7.9825805
          ],
          [
            112.1715111,
            -7.9825027
          ],
          [
            112.1716741,
            -7.9824632
          ],
          [
            112.1717404,
            -7.9824486
          ],
          [
            112.1719829,
            -7.9823958
          ],
          [
            112.1723104,
            -7.9823194
          ],
          [
            112.172501,
            -7.9822715
          ],
          [
            112.1727732,
            -7.9822041
          ],
          [
            112.1739007,
            -7.9819459
          ],
          [
            112.174391,
            -7.9818377
          ],
          [
            112.1750799,
            -7.9816779
          ],
          [
            112.1754165,
            -7.9816022
          ],
          [
            112.1757669,
            -7.9815196
          ],
          [
            112.1761857,
            -7.9814202
          ],
          [
            112.1765382,
            -7.9813359
          ],
          [
            112.1769191,
            -7.9812493
          ],
          [
            112.1772827,
            -7.9811531
          ],
          [
            112.1775388,
            -7.9810855
          ],
          [
            112.1780598,
            -7.980982
          ],
          [
            112.1786392,
            -7.9808677
          ],
          [
            112.1792561,
            -7.9807349
          ],
          [
            112.179792,
            -7.9806164
          ],
          [
            112.1803263,
            -7.9804879
          ],
          [
            112.1808684,
            -7.9803698
          ],
          [
            112.1813737,
            -7.9802741
          ],
          [
            112.1819065,
            -7.9801651
          ],
          [
            112.1826463,
            -7.9799978
          ],
          [
            112.1833015,
            -7.9798404
          ],
          [
            112.1834604,
            -7.9798127
          ],
          [
            112.1835821,
            -7.9797925
          ],
          [
            112.183707,
            -7.979777
          ],
          [
            112.1838914,
            -7.9797864
          ],
          [
            112.1846813,
            -7.9798839
          ],
          [
            112.1851838,
            -7.979938
          ],
          [
            112.185697,
            -7.9800084
          ],
          [
            112.1865635,
            -7.9801254
          ],
          [
            112.1868744,
            -7.9801738
          ],
          [
            112.1872516,
            -7.980201
          ],
          [
            112.1873359,
            -7.980205
          ],
          [
            112.1873737,
            -7.9802212
          ],
          [
            112.1873926,
            -7.9802561
          ],
          [
            112.1874125,
            -7.9803696
          ],
          [
            112.1874443,
            -7.9809066
          ],
          [
            112.1874543,
            -7.9810098
          ],
          [
            112.1874818,
            -7.9811006
          ],
          [
            112.1875448,
            -7.9811885
          ],
          [
            112.1875971,
            -7.9812409
          ],
          [
            112.1876487,
            -7.9812695
          ],
          [
            112.1876889,
            -7.9812695
          ],
          [
            112.187829,
            -7.9812837
          ]
        ]
      },
      "properties": {
        "id": "osm:way:302022273",
        "name": "Way #302022273",
        "highway": "secondary",
        "restriction_type": "PROHIBITED_ROAD",
        "metadata": {
          "highway": "secondary",
          "lanes": "2"
        }
      }
    },
    {
      "type": "Feature",
      "geometry": {
        "type": "LineString",
        "coordinates": [
          [
            112.1720861,
            -8.0957187
          ],
          [
            112.1721071,
            -8.0955835
          ],
          [
            112.1721266,
            -8.0954799
          ],
          [
            112.1721444,
            -8.0953737
          ],
          [
            112.1723463,
            -8.0945347
          ],
          [
            112.1723769,
            -8.0944199
          ],
          [
            112.1725439,
            -8.0937919
          ],
          [
            112.1727142,
            -8.0931542
          ],
          [
            112.1727801,
            -8.0929052
          ],
          [
            112.1728524,
            -8.0926317
          ],
          [
            112.1729214,
            -8.092379
          ],
          [
            112.1730805,
            -8.0917962
          ],
          [
            112.1732986,
            -8.0909968
          ],
          [
            112.1733513,
            -8.0907991
          ],
          [
            112.1735715,
            -8.0899724
          ],
          [
            112.1736325,
            -8.0897318
          ],
          [
            112.1737863,
            -8.0891833
          ],
          [
            112.1737981,
            -8.089128
          ]
        ]
      },
      "properties": {
        "id": "osm:way:304942077",
        "name": "Jalan Insinyur Soekarno",
        "highway": "secondary",
        "restriction_type": "PROHIBITED_ROAD",
        "metadata": {
          "highway": "secondary",
          "lanes": "2",
          "name": "Jalan Insinyur Soekarno",
          "name:etymology:wikidata": "Q76127",
          "name:etymology:wikipedia": "id:Sukarno",
          "oneway": "no",
          "surface": "asphalt"
        }
      }
    },
    {
      "type": "Feature",
      "geometry": {
        "type": "LineString",
        "coordinates": [
          [
            112.1922515,
            -8.0858561
          ],
          [
            112.1919805,
            -8.0861949
          ],
          [
            112.1918258,
            -8.0863675
          ],
          [
            112.1917261,
            -8.0864528
          ],
          [
            112.1915124,
            -8.0866078
          ],
          [
            112.1914019,
            -8.0866861
          ],
          [
            112.1912849,
            -8.0867608
          ],
          [
            112.1911007,
            -8.0868747
          ],
          [
            112.1906616,
            -8.0871482
          ],
          [
            112.1904175,
            -8.087285
          ],
          [
            112.1899621,
            -8.0875521
          ],
          [
            112.1894833,
            -8.0878455
          ],
          [
            112.1892726,
            -8.0879621
          ],
          [
            112.1892366,
            -8.0879821
          ],
          [
            112.1890395,
            -8.0881035
          ],
          [
            112.1889163,
            -8.0881725
          ],
          [
            112.1887418,
            -8.0882726
          ],
          [
            112.1884773,
            -8.0884256
          ],
          [
            112.1880776,
            -8.0886487
          ],
          [
            112.1876408,
            -8.0889056
          ],
          [
            112.187403,
            -8.0890311
          ],
          [
            112.1871454,
            -8.0891716
          ],
          [
            112.1870399,
            -8.0892292
          ],
          [
            112.1867553,
            -8.0893763
          ],
          [
            112.1862538,
            -8.0896716
          ],
          [
            112.1858491,
            -8.0898713
          ],
          [
            112.1857742,
            -8.0899128
          ],
          [
            112.1854372,
            -8.0900998
          ],
          [
            112.184939,
            -8.0903773
          ],
          [
            112.1848027,
            -8.0904607
          ],
          [
            112.1844882,
            -8.0906237
          ],
          [
            112.1840948,
            -8.0908002
          ],
          [
            112.1838651,
            -8.0908989
          ]
        ]
      },
      "properties": {
        "id": "osm:way:304942085",
        "name": "Jalan Letnan Jenderal S. Parman",
        "highway": "trunk",
        "restriction_type": "PROHIBITED_ROAD",
        "metadata": {
          "highway": "trunk",
          "name": "Jalan Letnan Jenderal S. Parman",
          "name:etymology:wikidata": "Q2603618",
          "name:etymology:wikipedia": "id:Siswondo Parman",
          "oneway": "no",
          "ref": "3",
          "source": "GPS"
        }
      }
    },
    {
      "type": "Feature",
      "geometry": {
        "type": "LineString",
        "coordinates": [
          [
            112.1675242,
            -8.0976409
          ],
          [
            112.1675372,
            -8.0975155
          ],
          [
            112.1676498,
            -8.0964286
          ],
          [
            112.1676893,
            -8.0960474
          ],
          [
            112.1676931,
            -8.096011
          ],
          [
            112.1677417,
            -8.0952597
          ],
          [
            112.167744,
            -8.095227
          ],
          [
            112.1677486,
            -8.0951618
          ]
        ]
      },
      "properties": {
        "id": "osm:way:304942086",
        "name": "Jalan Kelud",
        "highway": "primary",
        "restriction_type": "PROHIBITED_ROAD",
        "metadata": {
          "designation": "city_road",
          "highway": "primary",
          "name": "Jalan Kelud",
          "source": "GPS",
          "surface": "asphalt"
        }
      }
    },
    {
      "type": "Feature",
      "geometry": {
        "type": "LineString",
        "coordinates": [
          [
            112.1707602,
            -8.0892315
          ],
          [
            112.1710416,
            -8.0893036
          ],
          [
            112.171362,
            -8.0893858
          ],
          [
            112.1715307,
            -8.089429
          ],
          [
            112.1722803,
            -8.0896179
          ],
          [
            112.1724224,
            -8.0896551
          ],
          [
            112.1728296,
            -8.0897669
          ],
          [
            112.1729084,
            -8.0897887
          ],
          [
            112.1735715,
            -8.0899724
          ]
        ]
      },
      "properties": {
        "id": "osm:way:304942093",
        "name": "Jalan Drs. Moh. Hatta",
        "highway": "secondary",
        "restriction_type": "PROHIBITED_ROAD",
        "metadata": {
          "highway": "secondary",
          "name": "Jalan Drs. Moh. Hatta",
          "name:etymology:wikidata": "Q29050",
          "name:etymology:wikipedia": "id:Mohammad Hatta"
        }
      }
    },
    {
      "type": "Feature",
      "geometry": {
        "type": "LineString",
        "coordinates": [
          [
            112.1670465,
            -8.0991365
          ],
          [
            112.1664485,
            -8.0991019
          ],
          [
            112.1661234,
            -8.0990872
          ],
          [
            112.1658355,
            -8.0990742
          ],
          [
            112.1655012,
            -8.0990617
          ],
          [
            112.1650488,
            -8.0990447
          ],
          [
            112.1647445,
            -8.0990256
          ],
          [
            112.1647102,
            -8.0990234
          ],
          [
            112.1643098,
            -8.0989993
          ],
          [
            112.1642822,
            -8.0989976
          ],
          [
            112.1640144,
            -8.0989839
          ],
          [
            112.1631199,
            -8.098906
          ],
          [
            112.163007,
            -8.098898
          ],
          [
            112.1629805,
            -8.098896
          ],
          [
            112.1629159,
            -8.0988684
          ],
          [
            112.1626908,
            -8.0988605
          ],
          [
            112.1626093,
            -8.098856
          ],
          [
            112.1625324,
            -8.0988517
          ],
          [
            112.1624818,
            -8.0988727
          ],
          [
            112.1623607,
            -8.0988644
          ],
          [
            112.1606966,
            -8.0987719
          ]
        ]
      },
      "properties": {
        "id": "osm:way:304950822",
        "name": "Jalan Merdeka",
        "highway": "primary",
        "restriction_type": "PROHIBITED_ROAD",
        "metadata": {
          "designation": "city_road",
          "highway": "primary",
          "lanes": "2",
          "name": "Jalan Merdeka",
          "oneway": "yes",
          "source": "GPS",
          "surface": "asphalt"
        }
      }
    },
    {
      "type": "Feature",
      "geometry": {
        "type": "LineString",
        "coordinates": [
          [
            112.1696347,
            -8.0922999
          ],
          [
            112.1696457,
            -8.0922681
          ],
          [
            112.1696495,
            -8.0922575
          ],
          [
            112.1698814,
            -8.0916169
          ],
          [
            112.1701804,
            -8.090792
          ],
          [
            112.1702142,
            -8.0906988
          ],
          [
            112.1702254,
            -8.0906678
          ],
          [
            112.1706958,
            -8.0893736
          ],
          [
            112.1707602,
            -8.0892315
          ]
        ]
      },
      "properties": {
        "id": "osm:way:304950829",
        "name": "Jalan Dokter Wahidin Sudirohusodo",
        "highway": "secondary",
        "restriction_type": "PROHIBITED_ROAD",
        "metadata": {
          "highway": "secondary",
          "name": "Jalan Dokter Wahidin Sudirohusodo",
          "name:etymology:wikidata": "Q12523858",
          "name:etymology:wikipedia": "id:Wahidin Soedirohoesodo",
          "surface": "asphalt"
        }
      }
    },
    {
      "type": "Feature",
      "geometry": {
        "type": "LineString",
        "coordinates": [
          [
            112.1593584,
            -8.1029862
          ],
          [
            112.1593154,
            -8.1031344
          ],
          [
            112.1592146,
            -8.1034144
          ],
          [
            112.1591784,
            -8.1035125
          ],
          [
            112.1591118,
            -8.1036932
          ],
          [
            112.1589316,
            -8.1042269
          ],
          [
            112.158879,
            -8.1043657
          ],
          [
            112.1584897,
            -8.1054551
          ],
          [
            112.1584743,
            -8.1054989
          ],
          [
            112.1581927,
            -8.1062305
          ],
          [
            112.1581548,
            -8.1063345
          ],
          [
            112.1580948,
            -8.1064993
          ],
          [
            112.1580572,
            -8.1065889
          ],
          [
            112.157897,
            -8.1069806
          ],
          [
            112.1577394,
            -8.1073949
          ],
          [
            112.1575731,
            -8.1078423
          ],
          [
            112.1575047,
            -8.1080229
          ],
          [
            112.1574088,
            -8.1082738
          ],
          [
            112.1573398,
            -8.1084663
          ],
          [
            112.1570809,
            -8.1091295
          ],
          [
            112.1569901,
            -8.1093616
          ],
          [
            112.1569696,
            -8.1094097
          ],
          [
            112.1566974,
            -8.1100848
          ],
          [
            112.1566498,
            -8.1102056
          ],
          [
            112.1566032,
            -8.1103337
          ],
          [
            112.1565539,
            -8.1104791
          ],
          [
            112.156468,
            -8.1107141
          ],
          [
            112.1563145,
            -8.111123
          ],
          [
            112.1562797,
            -8.1112171
          ],
          [
            112.1562421,
            -8.1113189
          ],
          [
            112.1561569,
            -8.1115432
          ],
          [
            112.1561415,
            -8.1115849
          ],
          [
            112.1559142,
            -8.1121984
          ],
          [
            112.1558786,
            -8.1122987
          ],
          [
            112.1558525,
            -8.1123644
          ],
          [
            112.1557673,
            -8.1125928
          ],
          [
            112.1556976,
            -8.1127906
          ],
          [
            112.1556218,
            -8.113003
          ],
          [
            112.1555534,
            -8.1131955
          ],
          [
            112.155489,
            -8.1133854
          ],
          [
            112.1553683,
            -8.1137213
          ],
          [
            112.1551732,
            -8.114279
          ],
          [
            112.1550156,
            -8.1147927
          ],
          [
            112.1549352,
            -8.1150362
          ],
          [
            112.1548975,
            -8.1151928
          ]
        ]
      },
      "properties": {
        "id": "osm:way:304950832",
        "name": "Jalan Cemara",
        "highway": "primary",
        "restriction_type": "PROHIBITED_ROAD",
        "metadata": {
          "designation": "provincial_road",
          "highway": "primary",
          "lanes": "2",
          "name": "Jalan Cemara",
          "oneway": "no",
          "ref": "127",
          "reg_ref": "35-127-13K",
          "surface": "asphalt"
        }
      }
    },
    {
      "type": "Feature",
      "geometry": {
        "type": "LineString",
        "coordinates": [
          [
            112.1733085,
            -8.0747285
          ],
          [
            112.1736422,
            -8.0737258
          ],
          [
            112.1742166,
            -8.0721959
          ],
          [
            112.1745072,
            -8.0714538
          ],
          [
            112.1748078,
            -8.0706862
          ],
          [
            112.1751319,
            -8.0698515
          ],
          [
            112.1752532,
            -8.0695391
          ],
          [
            112.1756411,
            -8.0686055
          ],
          [
            112.1756881,
            -8.0684655
          ],
          [
            112.1757967,
            -8.0681302
          ],
          [
            112.1758119,
            -8.0680833
          ],
          [
            112.1760077,
            -8.0675734
          ],
          [
            112.1760584,
            -8.0674412
          ],
          [
            112.1762546,
            -8.06693
          ],
          [
            112.1762743,
            -8.0668787
          ],
          [
            112.1763428,
            -8.0666889
          ],
          [
            112.1765163,
            -8.0662207
          ],
          [
            112.1767068,
            -8.0657068
          ],
          [
            112.1768502,
            -8.0653569
          ],
          [
            112.1773134,
            -8.064123
          ],
          [
            112.177947,
            -8.0624454
          ],
          [
            112.1786123,
            -8.0607222
          ],
          [
            112.1786771,
            -8.0605238
          ],
          [
            112.1788523,
            -8.0600849
          ],
          [
            112.1792061,
            -8.0591284
          ],
          [
            112.1793711,
            -8.0587269
          ],
          [
            112.1795127,
            -8.0583367
          ],
          [
            112.1795549,
            -8.0582252
          ],
          [
            112.1796063,
            -8.0580881
          ],
          [
            112.179814,
            -8.0575406
          ],
          [
            112.1798347,
            -8.0574869
          ],
          [
            112.1800875,
            -8.0568381
          ],
          [
            112.1801429,
            -8.0566874
          ],
          [
            112.1802669,
            -8.0562441
          ],
          [
            112.180298,
            -8.0560618
          ],
          [
            112.1803325,
            -8.0558592
          ],
          [
            112.1803943,
            -8.0554444
          ],
          [
            112.180462,
            -8.054988
          ],
          [
            112.1805376,
            -8.0536925
          ],
          [
            112.180581,
            -8.0531551
          ],
          [
            112.1806097,
            -8.0527729
          ],
          [
            112.180692,
            -8.0520217
          ],
          [
            112.180717,
            -8.0518912
          ],
          [
            112.1808614,
            -8.0511255
          ],
          [
            112.1808672,
            -8.0510945
          ],
          [
            112.181024,
            -8.0503946
          ],
          [
            112.1811683,
            -8.0496827
          ],
          [
            112.1814289,
            -8.0484613
          ],
          [
            112.1814395,
            -8.0484409
          ],
          [
            112.1816195,
            -8.0476287
          ],
          [
            112.1816428,
            -8.0475329
          ],
          [
            112.1817558,
            -8.0470785
          ],
          [
            112.1818197,
            -8.0468057
          ],
          [
            112.1820355,
            -8.0459423
          ],
          [
            112.1821764,
            -8.0453487
          ],
          [
            112.1822763,
            -8.0448337
          ],
          [
            112.1823712,
            -8.0443441
          ],
          [
            112.1823922,
            -8.0442347
          ],
          [
            112.1824026,
            -8.0441805
          ],
          [
            112.1824085,
            -8.0441501
          ],
          [
            112.1825558,
            -8.0433845
          ],
          [
            112.1826079,
            -8.0429704
          ],
          [
            112.1826387,
            -8.042574
          ],
          [
            112.1826481,
            -8.0424968
          ],
          [
            112.1826625,
            -8.0420149
          ],
          [
            112.1826736,
            -8.0414704
          ],
          [
            112.1826806,
            -8.0409639
          ],
          [
            112.1826732,
            -8.0407779
          ],
          [
            112.182646,
            -8.0406002
          ],
          [
            112.1826196,
            -8.0404453
          ],
          [
            112.1825418,
            -8.040189
          ],
          [
            112.1824459,
            -8.0399015
          ],
          [
            112.1823953,
            -8.0396957
          ],
          [
            112.1823514,
            -8.0395011
          ],
          [
            112.1822814,
            -8.0389599
          ],
          [
            112.181923,
            -8.0371725
          ],
          [
            112.1819132,
            -8.0371235
          ],
          [
            112.1818507,
            -8.0366946
          ],
          [
            112.1818064,
            -8.0364067
          ],
          [
            112.1816647,
            -8.0354297
          ],
          [
            112.1816519,
            -8.0353631
          ],
          [
            112.1815244,
            -8.0347002
          ],
          [
            112.1814895,
            -8.0345186
          ],
          [
            112.1814358,
            -8.0339421
          ],
          [
            112.1814153,
            -8.0335201
          ],
          [
            112.1814177,
            -8.0332395
          ],
          [
            112.1814364,
            -8.0329218
          ],
          [
            112.1814662,
            -8.0327698
          ],
          [
            112.1815088,
            -8.0326132
          ],
          [
            112.1815242,
            -8.0325607
          ],
          [
            112.1815909,
            -8.0323343
          ]
        ]
      },
      "properties": {
        "id": "osm:way:304950836",
        "name": "Jalan Ciliwung",
        "highway": "secondary",
        "restriction_type": "PROHIBITED_ROAD",
        "metadata": {
          "highway": "secondary",
          "name": "Jalan Ciliwung",
          "source": "Bing;local knowledge"
        }
      }
    },
    {
      "type": "Feature",
      "geometry": {
        "type": "LineString",
        "coordinates": [
          [
            112.172214,
            -8.108704
          ],
          [
            112.17213,
            -8.1089819
          ],
          [
            112.1719997,
            -8.1093951
          ],
          [
            112.1719598,
            -8.109497
          ],
          [
            112.1716937,
            -8.1102932
          ],
          [
            112.1716678,
            -8.11039
          ],
          [
            112.171595,
            -8.1106388
          ],
          [
            112.1714148,
            -8.1112005
          ]
        ]
      },
      "properties": {
        "id": "osm:way:304950838",
        "name": "Jalan Sumatra",
        "highway": "secondary",
        "restriction_type": "PROHIBITED_ROAD",
        "metadata": {
          "designation": "city_road",
          "highway": "secondary",
          "name": "Jalan Sumatra",
          "source": "GPS"
        }
      }
    },
    {
      "type": "Feature",
      "geometry": {
        "type": "LineString",
        "coordinates": [
          [
            112.1613048,
            -8.0966842
          ],
          [
            112.1614117,
            -8.0966971
          ],
          [
            112.1615056,
            -8.0967052
          ],
          [
            112.1616255,
            -8.0967206
          ],
          [
            112.1628993,
            -8.0969001
          ]
        ]
      },
      "properties": {
        "id": "osm:way:304950842",
        "name": "Jalan Semeru",
        "highway": "secondary",
        "restriction_type": "PROHIBITED_ROAD",
        "metadata": {
          "highway": "secondary",
          "lanes": "2",
          "name": "Jalan Semeru",
          "oneway": "yes",
          "source": "GPS",
          "surface": "asphalt"
        }
      }
    },
    {
      "type": "Feature",
      "geometry": {
        "type": "LineString",
        "coordinates": [
          [
            112.0310316,
            -7.9315343
          ],
          [
            112.0310023,
            -7.9317697
          ],
          [
            112.0309769,
            -7.9320327
          ],
          [
            112.0309656,
            -7.932608
          ],
          [
            112.0309359,
            -7.9336964
          ],
          [
            112.0309221,
            -7.9341004
          ],
          [
            112.0309099,
            -7.9345219
          ],
          [
            112.0309179,
            -7.9349987
          ],
          [
            112.0309172,
            -7.936001
          ],
          [
            112.03091,
            -7.9363961
          ],
          [
            112.0309084,
            -7.9368091
          ],
          [
            112.0309178,
            -7.9371558
          ],
          [
            112.0309152,
            -7.9377574
          ],
          [
            112.0309205,
            -7.9380776
          ],
          [
            112.0309064,
            -7.9383625
          ],
          [
            112.0309017,
            -7.9386149
          ],
          [
            112.0309072,
            -7.9390114
          ],
          [
            112.0309178,
            -7.9392265
          ],
          [
            112.0309353,
            -7.9394391
          ],
          [
            112.0309648,
            -7.9399306
          ],
          [
            112.030997,
            -7.9402148
          ],
          [
            112.0310144,
            -7.9403795
          ],
          [
            112.0310184,
            -7.9405335
          ],
          [
            112.0310145,
            -7.9407023
          ],
          [
            112.0309903,
            -7.9410316
          ],
          [
            112.0309766,
            -7.9411919
          ],
          [
            112.0309407,
            -7.9413624
          ],
          [
            112.030883,
            -7.9415656
          ],
          [
            112.0308448,
            -7.941699
          ],
          [
            112.0307193,
            -7.9420146
          ],
          [
            112.030596,
            -7.942332
          ],
          [
            112.0303879,
            -7.9428636
          ],
          [
            112.0301279,
            -7.9436376
          ],
          [
            112.0300287,
            -7.943967
          ],
          [
            112.0298998,
            -7.9443638
          ],
          [
            112.0297457,
            -7.9448875
          ],
          [
            112.0296345,
            -7.9451811
          ],
          [
            112.0295701,
            -7.9453524
          ],
          [
            112.0295191,
            -7.9455012
          ],
          [
            112.0294882,
            -7.9455689
          ],
          [
            112.0294406,
            -7.9456818
          ],
          [
            112.0294011,
            -7.9457814
          ],
          [
            112.0293295,
            -7.9459832
          ],
          [
            112.0292495,
            -7.9461785
          ],
          [
            112.0291652,
            -7.9463758
          ],
          [
            112.029035,
            -7.9466674
          ],
          [
            112.0289169,
            -7.9469462
          ],
          [
            112.0287962,
            -7.9472066
          ],
          [
            112.0286608,
            -7.9475148
          ],
          [
            112.0285682,
            -7.9477412
          ],
          [
            112.0284961,
            -7.9479505
          ],
          [
            112.0284727,
            -7.9480328
          ],
          [
            112.0284382,
            -7.948139
          ],
          [
            112.0284114,
            -7.9482506
          ],
          [
            112.0283658,
            -7.948487
          ],
          [
            112.028338,
            -7.9486541
          ],
          [
            112.0283135,
            -7.9487925
          ],
          [
            112.0282947,
            -7.9489612
          ],
          [
            112.0282866,
            -7.9490196
          ],
          [
            112.0282611,
            -7.9491153
          ],
          [
            112.0282391,
            -7.9492196
          ],
          [
            112.0282048,
            -7.9494792
          ],
          [
            112.0281846,
            -7.9496373
          ],
          [
            112.0281605,
            -7.9498311
          ],
          [
            112.0280721,
            -7.9503811
          ],
          [
            112.0280076,
            -7.9509242
          ],
          [
            112.027978,
            -7.9511492
          ],
          [
            112.0279163,
            -7.951371
          ],
          [
            112.0278843,
            -7.9516349
          ],
          [
            112.0278391,
            -7.9521181
          ],
          [
            112.0278177,
            -7.9522451
          ],
          [
            112.0277742,
            -7.9526177
          ],
          [
            112.0277394,
            -7.9529976
          ],
          [
            112.0276433,
            -7.9539629
          ],
          [
            112.0275699,
            -7.9545459
          ],
          [
            112.0275409,
            -7.9549899
          ],
          [
            112.0274403,
            -7.9563965
          ],
          [
            112.0273143,
            -7.9577818
          ],
          [
            112.0272446,
            -7.9585681
          ],
          [
            112.0272225,
            -7.9587945
          ],
          [
            112.02704,
            -7.96061
          ],
          [
            112.0269884,
            -7.9613055
          ],
          [
            112.0269322,
            -7.9619844
          ],
          [
            112.0268503,
            -7.96289
          ],
          [
            112.0268288,
            -7.9632512
          ],
          [
            112.0268108,
            -7.9638791
          ],
          [
            112.0268127,
            -7.9639074
          ],
          [
            112.0268154,
            -7.9639691
          ],
          [
            112.026865,
            -7.9643868
          ],
          [
            112.0268784,
            -7.9645754
          ],
          [
            112.0268838,
            -7.9646896
          ],
          [
            112.0268878,
            -7.9648251
          ],
          [
            112.0268851,
            -7.965047
          ]
        ]
      },
      "properties": {
        "id": "osm:way:317889546",
        "name": "Jalan Raya Kediri - Blitar",
        "highway": "primary",
        "restriction_type": "PROHIBITED_ROAD",
        "metadata": {
          "designation": "provincial_road",
          "highway": "primary",
          "name": "Jalan Raya Kediri - Blitar",
          "oneway": "no",
          "ref": "012",
          "reg_ref": "35-012",
          "source": "GPS"
        }
      }
    },
    {
      "type": "Feature",
      "geometry": {
        "type": "LineString",
        "coordinates": [
          [
            112.1563257,
            -8.1018801
          ],
          [
            112.1566574,
            -8.1014698
          ],
          [
            112.1566907,
            -8.1014286
          ],
          [
            112.1570083,
            -8.1010223
          ],
          [
            112.1571967,
            -8.1007824
          ],
          [
            112.1574487,
            -8.1004693
          ],
          [
            112.1574754,
            -8.1004352
          ],
          [
            112.1575357,
            -8.1003567
          ],
          [
            112.1576186,
            -8.1002554
          ],
          [
            112.1576814,
            -8.1001838
          ],
          [
            112.1579728,
            -8.0998404
          ],
          [
            112.1582477,
            -8.0995058
          ],
          [
            112.1586342,
            -8.0990465
          ]
        ]
      },
      "properties": {
        "id": "osm:way:322629790",
        "name": "Jalan Mawar",
        "highway": "primary",
        "restriction_type": "PROHIBITED_ROAD",
        "metadata": {
          "designation": "city_road",
          "highway": "primary",
          "lanes": "2",
          "name": "Jalan Mawar",
          "oneway": "no",
          "source": "Bing",
          "surface": "asphalt"
        }
      }
    },
    {
      "type": "Feature",
      "geometry": {
        "type": "LineString",
        "coordinates": [
          [
            112.1560028,
            -8.1022123
          ],
          [
            112.1561106,
            -8.1020774
          ],
          [
            112.1562002,
            -8.101969
          ],
          [
            112.1562568,
            -8.1019194
          ],
          [
            112.1563257,
            -8.1018801
          ]
        ]
      },
      "properties": {
        "id": "osm:way:322629791",
        "name": "Jalan Mawar",
        "highway": "primary",
        "restriction_type": "PROHIBITED_ROAD",
        "metadata": {
          "designation": "city_road",
          "highway": "primary",
          "name": "Jalan Mawar",
          "oneway": "yes"
        }
      }
    },
    {
      "type": "Feature",
      "geometry": {
        "type": "LineString",
        "coordinates": [
          [
            112.1556422,
            -8.1023079
          ],
          [
            112.1550153,
            -8.1021948
          ],
          [
            112.1549517,
            -8.1021896
          ],
          [
            112.1544881,
            -8.102112
          ],
          [
            112.1538139,
            -8.1019878
          ],
          [
            112.1537134,
            -8.1019698
          ],
          [
            112.1527174,
            -8.1017611
          ],
          [
            112.1525198,
            -8.101722
          ],
          [
            112.1523238,
            -8.1016759
          ],
          [
            112.151941,
            -8.1015869
          ],
          [
            112.1512985,
            -8.1014164
          ],
          [
            112.1512349,
            -8.1014019
          ],
          [
            112.1508872,
            -8.1013062
          ],
          [
            112.1506907,
            -8.1012521
          ],
          [
            112.1505383,
            -8.1012051
          ],
          [
            112.1503452,
            -8.101148
          ]
        ]
      },
      "properties": {
        "id": "osm:way:322629792",
        "name": "Jalan Tanjung",
        "highway": "primary",
        "restriction_type": "PROHIBITED_ROAD",
        "metadata": {
          "designation": "provincial_road",
          "highway": "primary",
          "name": "Jalan Tanjung",
          "ref": "127",
          "reg_ref": "35-127-11K",
          "source": "GPS"
        }
      }
    },
    {
      "type": "Feature",
      "geometry": {
        "type": "LineString",
        "coordinates": [
          [
            112.1561521,
            -8.1022922
          ],
          [
            112.156215,
            -8.1023322
          ],
          [
            112.1563862,
            -8.1024368
          ],
          [
            112.1564137,
            -8.1024531
          ],
          [
            112.1564464,
            -8.1024778
          ]
        ]
      },
      "properties": {
        "id": "osm:way:322629794",
        "name": "Jalan Cempaka",
        "highway": "primary",
        "restriction_type": "PROHIBITED_ROAD",
        "metadata": {
          "designation": "provincial_road",
          "highway": "primary",
          "name": "Jalan Cempaka",
          "oneway": "yes",
          "ref": "127",
          "reg_ref": "35-127-12K"
        }
      }
    },
    {
      "type": "Feature",
      "geometry": {
        "type": "LineString",
        "coordinates": [
          [
            112.1785459,
            -8.0989471
          ],
          [
            112.1777192,
            -8.0988051
          ],
          [
            112.1772708,
            -8.0987225
          ],
          [
            112.1769219,
            -8.0986661
          ],
          [
            112.1763388,
            -8.0985652
          ],
          [
            112.175822,
            -8.0984684
          ],
          [
            112.1757302,
            -8.098454
          ],
          [
            112.1748093,
            -8.0982683
          ],
          [
            112.1739093,
            -8.098112
          ],
          [
            112.1738729,
            -8.0981097
          ],
          [
            112.1735633,
            -8.0980656
          ],
          [
            112.1733155,
            -8.0980311
          ],
          [
            112.1730769,
            -8.0979979
          ]
        ]
      },
      "properties": {
        "id": "osm:way:322629796",
        "name": "Jalan Sultan Agung",
        "highway": "secondary",
        "restriction_type": "PROHIBITED_ROAD",
        "metadata": {
          "designation": "city_road",
          "highway": "secondary",
          "name": "Jalan Sultan Agung",
          "surface": "asphalt"
        }
      }
    },
    {
      "type": "Feature",
      "geometry": {
        "type": "LineString",
        "coordinates": [
          [
            112.1667342,
            -8.1092546
          ],
          [
            112.1668166,
            -8.109135
          ],
          [
            112.1668528,
            -8.1090633
          ],
          [
            112.1668971,
            -8.1089664
          ],
          [
            112.1669387,
            -8.1088429
          ]
        ]
      },
      "properties": {
        "id": "osm:way:322629798",
        "name": "Jalan Veteran",
        "highway": "primary",
        "restriction_type": "PROHIBITED_ROAD",
        "metadata": {
          "designation": "city_road",
          "highway": "primary",
          "lane_markings": "no",
          "name": "Jalan Veteran",
          "oneway": "yes"
        }
      }
    },
    {
      "type": "Feature",
      "geometry": {
        "type": "LineString",
        "coordinates": [
          [
            112.1669468,
            -8.1093113
          ],
          [
            112.1669722,
            -8.1094119
          ],
          [
            112.1669957,
            -8.109453
          ],
          [
            112.1670345,
            -8.1095005
          ],
          [
            112.1670701,
            -8.1095379
          ],
          [
            112.1671385,
            -8.109613
          ]
        ]
      },
      "properties": {
        "id": "osm:way:322629799",
        "name": "3",
        "highway": "trunk",
        "restriction_type": "PROHIBITED_ROAD",
        "metadata": {
          "highway": "trunk",
          "lane_markings": "no",
          "oneway": "yes",
          "ref": "3"
        }
      }
    },
    {
      "type": "Feature",
      "geometry": {
        "type": "LineString",
        "coordinates": [
          [
            112.1668283,
            -8.1094244
          ],
          [
            112.16677,
            -8.1094341
          ],
          [
            112.1666802,
            -8.1094531
          ],
          [
            112.1666211,
            -8.1094731
          ]
        ]
      },
      "properties": {
        "id": "osm:way:322629800",
        "name": "3",
        "highway": "trunk",
        "restriction_type": "PROHIBITED_ROAD",
        "metadata": {
          "highway": "trunk",
          "lane_markings": "no",
          "oneway": "yes",
          "ref": "3"
        }
      }
    },
    {
      "type": "Feature",
      "geometry": {
        "type": "LineString",
        "coordinates": [
          [
            112.1548975,
            -8.1151928
          ],
          [
            112.1547956,
            -8.1151822
          ],
          [
            112.1542799,
            -8.1151075
          ],
          [
            112.1535024,
            -8.1149949
          ],
          [
            112.1533715,
            -8.1149764
          ],
          [
            112.1531678,
            -8.114944
          ],
          [
            112.152467,
            -8.1148324
          ],
          [
            112.1524284,
            -8.1148262
          ],
          [
            112.152257,
            -8.1147989
          ],
          [
            112.1517513,
            -8.1147089
          ],
          [
            112.1514963,
            -8.1146774
          ],
          [
            112.1509962,
            -8.1146077
          ],
          [
            112.1505098,
            -8.1145369
          ],
          [
            112.1504528,
            -8.1145285
          ],
          [
            112.1501245,
            -8.1144807
          ],
          [
            112.1499478,
            -8.1144536
          ],
          [
            112.1497499,
            -8.1144232
          ],
          [
            112.1491424,
            -8.1143349
          ]
        ]
      },
      "properties": {
        "id": "osm:way:322629801",
        "name": "Jalan Widuri",
        "highway": "secondary",
        "restriction_type": "PROHIBITED_ROAD",
        "metadata": {
          "highway": "secondary",
          "name": "Jalan Widuri",
          "surface": "asphalt"
        }
      }
    },
    {
      "type": "Feature",
      "geometry": {
        "type": "LineString",
        "coordinates": [
          [
            112.1548975,
            -8.1151928
          ],
          [
            112.1548735,
            -8.1152699
          ],
          [
            112.1548042,
            -8.1155705
          ],
          [
            112.1547193,
            -8.1159385
          ],
          [
            112.1546696,
            -8.1161403
          ],
          [
            112.1546394,
            -8.1162605
          ],
          [
            112.1545556,
            -8.1166342
          ],
          [
            112.15451,
            -8.1168692
          ],
          [
            112.1544004,
            -8.1174519
          ],
          [
            112.1543397,
            -8.1177747
          ],
          [
            112.154211,
            -8.1183628
          ],
          [
            112.1541707,
            -8.1186111
          ],
          [
            112.1541318,
            -8.1188249
          ],
          [
            112.1540339,
            -8.1193573
          ],
          [
            112.1540098,
            -8.1194887
          ],
          [
            112.1539722,
            -8.1196825
          ],
          [
            112.1538663,
            -8.120349
          ],
          [
            112.1537469,
            -8.121062
          ],
          [
            112.1536598,
            -8.1215492
          ],
          [
            112.1535507,
            -8.1221079
          ],
          [
            112.1534952,
            -8.1224006
          ],
          [
            112.1534674,
            -8.1225468
          ],
          [
            112.153406,
            -8.1228696
          ],
          [
            112.1533817,
            -8.1229645
          ],
          [
            112.1533653,
            -8.1230391
          ]
        ]
      },
      "properties": {
        "id": "osm:way:322629803",
        "name": "Jalan Cemara",
        "highway": "primary",
        "restriction_type": "PROHIBITED_ROAD",
        "metadata": {
          "designation": "provincial_road",
          "highway": "primary",
          "name": "Jalan Cemara",
          "oneway": "no",
          "ref": "127",
          "reg_ref": "35-127-13K",
          "surface": "asphalt"
        }
      }
    },
    {
      "type": "Feature",
      "geometry": {
        "type": "LineString",
        "coordinates": [
          [
            112.203949,
            -8.0743225
          ],
          [
            112.203209,
            -8.0743966
          ],
          [
            112.203049,
            -8.0744416
          ],
          [
            112.2018541,
            -8.0745494
          ],
          [
            112.2017357,
            -8.0745741
          ],
          [
            112.2016201,
            -8.0746248
          ],
          [
            112.2015676,
            -8.0746967
          ],
          [
            112.2014272,
            -8.0747748
          ],
          [
            112.2013199,
            -8.074914
          ],
          [
            112.2005258,
            -8.0758546
          ],
          [
            112.2003755,
            -8.0760627
          ],
          [
            112.1996557,
            -8.0769184
          ],
          [
            112.1986854,
            -8.0780788
          ],
          [
            112.1986408,
            -8.0781334
          ],
          [
            112.1980195,
            -8.0788735
          ],
          [
            112.1978235,
            -8.0790895
          ],
          [
            112.1975944,
            -8.0793665
          ],
          [
            112.1964307,
            -8.0807461
          ],
          [
            112.1955917,
            -8.0817875
          ],
          [
            112.1955329,
            -8.0818585
          ],
          [
            112.1953499,
            -8.0820472
          ],
          [
            112.1950838,
            -8.0823616
          ],
          [
            112.1940366,
            -8.0836957
          ],
          [
            112.1937937,
            -8.0839815
          ],
          [
            112.193524,
            -8.0843247
          ],
          [
            112.1934788,
            -8.0843733
          ],
          [
            112.193416,
            -8.0844401
          ],
          [
            112.1931,
            -8.084843
          ],
          [
            112.1924472,
            -8.0856109
          ],
          [
            112.1923412,
            -8.0857448
          ],
          [
            112.1922515,
            -8.0858561
          ]
        ]
      },
      "properties": {
        "id": "osm:way:322629972",
        "name": "Jalan Raya Blitar - Garum",
        "highway": "trunk",
        "restriction_type": "PROHIBITED_ROAD",
        "metadata": {
          "highway": "trunk",
          "name": "Jalan Raya Blitar - Garum",
          "oneway": "no",
          "ref": "3",
          "source": "GPS"
        }
      }
    },
    {
      "type": "Feature",
      "geometry": {
        "type": "LineString",
        "coordinates": [
          [
            112.0546189,
            -8.0596584
          ],
          [
            112.0544958,
            -8.0601007
          ]
        ]
      },
      "properties": {
        "id": "osm:way:324942257",
        "name": "35-009",
        "highway": "primary",
        "restriction_type": "PROHIBITED_ROAD",
        "metadata": {
          "highway": "primary",
          "ref": "35-009",
          "source": "GPS"
        }
      }
    },
    {
      "type": "Feature",
      "geometry": {
        "type": "LineString",
        "coordinates": [
          [
            112.0552026,
            -8.0597196
          ],
          [
            112.0550886,
            -8.0597448
          ],
          [
            112.0549947,
            -8.0597674
          ],
          [
            112.0548391,
            -8.0598458
          ],
          [
            112.054697,
            -8.0599214
          ],
          [
            112.0546044,
            -8.0599985
          ],
          [
            112.0544958,
            -8.0601007
          ]
        ]
      },
      "properties": {
        "id": "osm:way:324942265",
        "name": "35-009",
        "highway": "primary",
        "restriction_type": "PROHIBITED_ROAD",
        "metadata": {
          "highway": "primary",
          "ref": "35-009"
        }
      }
    },
    {
      "type": "Feature",
      "geometry": {
        "type": "LineString",
        "coordinates": [
          [
            112.1667342,
            -8.1092546
          ],
          [
            112.1667579,
            -8.1092263
          ],
          [
            112.1667894,
            -8.1092071
          ],
          [
            112.1668255,
            -8.1091988
          ],
          [
            112.1668624,
            -8.1092025
          ],
          [
            112.1668962,
            -8.1092177
          ],
          [
            112.1669232,
            -8.1092428
          ],
          [
            112.1669407,
            -8.1092751
          ],
          [
            112.1669468,
            -8.1093113
          ],
          [
            112.166941,
            -8.1093471
          ],
          [
            112.1669241,
            -8.1093792
          ],
          [
            112.1668977,
            -8.1094044
          ],
          [
            112.1668646,
            -8.10942
          ],
          [
            112.1668283,
            -8.1094244
          ],
          [
            112.1667954,
            -8.1094183
          ],
          [
            112.1667658,
            -8.109403
          ],
          [
            112.1667418,
            -8.1093798
          ],
          [
            112.1667257,
            -8.1093507
          ],
          [
            112.1667189,
            -8.1093183
          ],
          [
            112.1667218,
            -8.1092853
          ],
          [
            112.1667342,
            -8.1092546
          ]
        ]
      },
      "properties": {
        "id": "osm:way:339879380",
        "name": "3",
        "highway": "trunk",
        "restriction_type": "PROHIBITED_ROAD",
        "metadata": {
          "highway": "trunk",
          "junction": "roundabout",
          "lane_markings": "no",
          "ref": "3"
        }
      }
    },
    {
      "type": "Feature",
      "geometry": {
        "type": "LineString",
        "coordinates": [
          [
            112.037036,
            -7.9920484
          ],
          [
            112.0369183,
            -7.9927384
          ],
          [
            112.0368224,
            -7.9932691
          ],
          [
            112.0367543,
            -7.9937144
          ],
          [
            112.0366082,
            -7.9946179
          ],
          [
            112.0366042,
            -7.9946546
          ],
          [
            112.036588,
            -7.9948818
          ],
          [
            112.036525,
            -7.995425
          ],
          [
            112.0364794,
            -7.9959057
          ],
          [
            112.0364687,
            -7.9961049
          ],
          [
            112.0364694,
            -7.9962383
          ],
          [
            112.0364928,
            -7.9967849
          ],
          [
            112.0364955,
            -7.9969665
          ],
          [
            112.0364997,
            -7.9972382
          ],
          [
            112.0365075,
            -7.9977561
          ],
          [
            112.0365317,
            -7.9984158
          ],
          [
            112.0365547,
            -7.9990163
          ],
          [
            112.0365645,
            -7.99913
          ],
          [
            112.0365947,
            -7.9997775
          ],
          [
            112.036601,
            -7.9999105
          ],
          [
            112.0366772,
            -8.001478
          ],
          [
            112.0367221,
            -8.0024493
          ],
          [
            112.036808,
            -8.0033136
          ],
          [
            112.0368455,
            -8.0037638
          ],
          [
            112.036863,
            -8.0039331
          ],
          [
            112.0368818,
            -8.0041082
          ],
          [
            112.0368998,
            -8.0042293
          ],
          [
            112.0369164,
            -8.0043447
          ],
          [
            112.0369542,
            -8.0046669
          ],
          [
            112.0370293,
            -8.0051264
          ],
          [
            112.0371475,
            -8.0057033
          ],
          [
            112.037353,
            -8.0066094
          ],
          [
            112.0374388,
            -8.0069633
          ],
          [
            112.0375577,
            -8.0074425
          ],
          [
            112.0377347,
            -8.0081012
          ],
          [
            112.0378956,
            -8.0087173
          ],
          [
            112.0383355,
            -8.0105022
          ],
          [
            112.0384508,
            -8.010983
          ],
          [
            112.0385823,
            -8.0115487
          ],
          [
            112.0387834,
            -8.0123668
          ],
          [
            112.0388424,
            -8.0126828
          ],
          [
            112.0389134,
            -8.0129831
          ],
          [
            112.0389305,
            -8.0130989
          ],
          [
            112.0390731,
            -8.0136496
          ],
          [
            112.0391147,
            -8.0137884
          ],
          [
            112.0391375,
            -8.0139126
          ],
          [
            112.0392528,
            -8.014465
          ],
          [
            112.0393961,
            -8.0151742
          ],
          [
            112.0394245,
            -8.0152937
          ],
          [
            112.0394593,
            -8.0154584
          ],
          [
            112.0395881,
            -8.0161277
          ],
          [
            112.0396586,
            -8.0163906
          ],
          [
            112.0397222,
            -8.0166615
          ],
          [
            112.0397621,
            -8.0168915
          ],
          [
            112.0398536,
            -8.0173441
          ],
          [
            112.0399573,
            -8.0177535
          ]
        ]
      },
      "properties": {
        "id": "osm:way:358303718",
        "name": "Jalan Raya Kediri - Blitar",
        "highway": "primary",
        "restriction_type": "PROHIBITED_ROAD",
        "metadata": {
          "designation": "provincial_road",
          "highway": "primary",
          "name": "Jalan Raya Kediri - Blitar",
          "oneway": "no",
          "ref": "008",
          "reg_ref": "35-008",
          "source": "GPS"
        }
      }
    },
    {
      "type": "Feature",
      "geometry": {
        "type": "LineString",
        "coordinates": [
          [
            112.054601,
            -8.0595577
          ],
          [
            112.0546886,
            -8.0595896
          ]
        ]
      },
      "properties": {
        "id": "osm:way:358303719",
        "name": "Jalan Raya Kediri - Blitar",
        "highway": "primary",
        "restriction_type": "PROHIBITED_ROAD",
        "metadata": {
          "designation": "provincial_road",
          "highway": "primary",
          "name": "Jalan Raya Kediri - Blitar",
          "oneway": "no",
          "ref": "010",
          "reg_ref": "35-010",
          "source": "GPS",
          "width": "10"
        }
      }
    },
    {
      "type": "Feature",
      "geometry": {
        "type": "LineString",
        "coordinates": [
          [
            112.0552026,
            -8.0597196
          ],
          [
            112.0555821,
            -8.0598245
          ],
          [
            112.0559683,
            -8.0599467
          ],
          [
            112.0574167,
            -8.0603317
          ],
          [
            112.0580675,
            -8.0604625
          ],
          [
            112.0583415,
            -8.0605216
          ],
          [
            112.0597333,
            -8.060884
          ],
          [
            112.060204,
            -8.0610032
          ],
          [
            112.0602765,
            -8.0610187
          ],
          [
            112.0607516,
            -8.061143
          ],
          [
            112.0612589,
            -8.0612647
          ],
          [
            112.0616577,
            -8.0613689
          ],
          [
            112.0619518,
            -8.0614458
          ],
          [
            112.0621912,
            -8.0615084
          ],
          [
            112.0622971,
            -8.0615352
          ],
          [
            112.0624195,
            -8.0615662
          ],
          [
            112.063457,
            -8.0618293
          ],
          [
            112.0635827,
            -8.0618604
          ],
          [
            112.0638642,
            -8.0619299
          ],
          [
            112.0642748,
            -8.0620314
          ],
          [
            112.0649103,
            -8.0621884
          ],
          [
            112.0651473,
            -8.0622521
          ],
          [
            112.0655303,
            -8.0623552
          ],
          [
            112.0657206,
            -8.0624001
          ],
          [
            112.0664316,
            -8.0625679
          ],
          [
            112.0672242,
            -8.0627644
          ],
          [
            112.0684876,
            -8.0630578
          ],
          [
            112.0689891,
            -8.0631919
          ],
          [
            112.0691447,
            -8.0632172
          ],
          [
            112.0692185,
            -8.0632318
          ],
          [
            112.0697334,
            -8.0633606
          ],
          [
            112.0704067,
            -8.0635173
          ],
          [
            112.0708036,
            -8.0636102
          ],
          [
            112.0709767,
            -8.0636553
          ],
          [
            112.0719691,
            -8.0638691
          ],
          [
            112.0720056,
            -8.0638784
          ],
          [
            112.072999,
            -8.0641307
          ],
          [
            112.0737702,
            -8.0643087
          ],
          [
            112.0746731,
            -8.0645236
          ],
          [
            112.0755049,
            -8.0647216
          ],
          [
            112.075981,
            -8.0648272
          ],
          [
            112.0763364,
            -8.0649015
          ],
          [
            112.0769452,
            -8.0650184
          ],
          [
            112.0774496,
            -8.0650941
          ],
          [
            112.0781797,
            -8.0652036
          ],
          [
            112.0782213,
            -8.0652036
          ],
          [
            112.0793267,
            -8.065345
          ],
          [
            112.0794256,
            -8.0653577
          ],
          [
            112.0802677,
            -8.0654548
          ],
          [
            112.0806018,
            -8.0654891
          ],
          [
            112.0811838,
            -8.0655582
          ],
          [
            112.0812656,
            -8.0655648
          ],
          [
            112.0813153,
            -8.0655706
          ],
          [
            112.0823184,
            -8.065687
          ],
          [
            112.0832062,
            -8.0657786
          ],
          [
            112.0839398,
            -8.0658582
          ],
          [
            112.0844427,
            -8.065918
          ],
          [
            112.08527,
            -8.0659939
          ],
          [
            112.0863202,
            -8.0660521
          ],
          [
            112.0866861,
            -8.0660522
          ],
          [
            112.0871517,
            -8.0660295
          ],
          [
            112.0891137,
            -8.0659048
          ],
          [
            112.0904467,
            -8.0658256
          ],
          [
            112.0913064,
            -8.0657746
          ],
          [
            112.0915787,
            -8.065756
          ],
          [
            112.0920159,
            -8.0657268
          ],
          [
            112.093058,
            -8.0656697
          ],
          [
            112.093699,
            -8.0656259
          ],
          [
            112.0937634,
            -8.0656232
          ],
          [
            112.0947209,
            -8.0655609
          ],
          [
            112.0950696,
            -8.0655356
          ],
          [
            112.0953231,
            -8.0655223
          ],
          [
            112.0961264,
            -8.0654718
          ],
          [
            112.0968525,
            -8.0654282
          ],
          [
            112.0972085,
            -8.0654101
          ],
          [
            112.0976646,
            -8.0653816
          ],
          [
            112.0979414,
            -8.0653565
          ],
          [
            112.0981139,
            -8.065339
          ],
          [
            112.0983097,
            -8.0653311
          ],
          [
            112.0990768,
            -8.065274
          ],
          [
            112.0999586,
            -8.0652348
          ],
          [
            112.1002134,
            -8.0652202
          ],
          [
            112.1003669,
            -8.0652116
          ],
          [
            112.1017443,
            -8.0651213
          ],
          [
            112.1020433,
            -8.0650947
          ],
          [
            112.1035052,
            -8.0649938
          ],
          [
            112.1038766,
            -8.0649712
          ],
          [
            112.1039599,
            -8.06497
          ],
          [
            112.1040455,
            -8.0649719
          ],
          [
            112.1041327,
            -8.0649792
          ],
          [
            112.1041971,
            -8.0649912
          ],
          [
            112.1042749,
            -8.0650138
          ],
          [
            112.104405,
            -8.0650695
          ],
          [
            112.1053585,
            -8.0655528
          ],
          [
            112.1063644,
            -8.0660428
          ],
          [
            112.1076196,
            -8.0665726
          ],
          [
            112.1082339,
            -8.0666987
          ],
          [
            112.1087314,
            -8.0667665
          ],
          [
            112.1091391,
            -8.066793
          ],
          [
            112.1093389,
            -8.0668083
          ],
          [
            112.1099149,
            -8.0668528
          ],
          [
            112.1103515,
            -8.0668953
          ],
          [
            112.1107853,
            -8.066963
          ],
          [
            112.1110234,
            -8.0670055
          ],
          [
            112.111242,
            -8.0670765
          ],
          [
            112.1114244,
            -8.0671555
          ],
          [
            112.1116382,
            -8.0672764
          ],
          [
            112.11263,
            -8.0678805
          ],
          [
            112.1128191,
            -8.068004
          ],
          [
            112.1137954,
            -8.0687635
          ],
          [
            112.1140834,
            -8.0689851
          ],
          [
            112.115887,
            -8.0704148
          ],
          [
            112.1163192,
            -8.070768
          ],
          [
            112.1175249,
            -8.0717534
          ],
          [
            112.1175786,
            -8.0717972
          ],
          [
            112.118036,
            -8.072262
          ],
          [
            112.1183182,
            -8.0725642
          ],
          [
            112.1183806,
            -8.0726262
          ],
          [
            112.1184551,
            -8.0727465
          ]
        ]
      },
      "properties": {
        "id": "osm:way:358303720",
        "name": "Jalan Raya Kediri - Blitar",
        "highway": "primary",
        "restriction_type": "PROHIBITED_ROAD",
        "metadata": {
          "designation": "provincial_road",
          "highway": "primary",
          "name": "Jalan Raya Kediri - Blitar",
          "oneway": "no",
          "ref": "010",
          "reg_ref": "35-010",
          "source": "GPS",
          "width": "10"
        }
      }
    },
    {
      "type": "Feature",
      "geometry": {
        "type": "LineString",
        "coordinates": [
          [
            112.1687945,
            -8.0992194
          ],
          [
            112.1688633,
            -8.0986209
          ],
          [
            112.1689447,
            -8.0978701
          ],
          [
            112.1690243,
            -8.0969113
          ],
          [
            112.1690713,
            -8.0963444
          ],
          [
            112.169155,
            -8.095336
          ]
        ]
      },
      "properties": {
        "id": "osm:way:362368432",
        "name": "Jalan Dokter Wahidin Sudirohusodo",
        "highway": "secondary",
        "restriction_type": "PROHIBITED_ROAD",
        "metadata": {
          "designation": "city_road",
          "highway": "secondary",
          "lanes": "2",
          "lit": "yes",
          "name": "Jalan Dokter Wahidin Sudirohusodo",
          "name:etymology:wikidata": "Q12523858",
          "name:etymology:wikipedia": "id:Wahidin Soedirohoesodo",
          "oneway": "no",
          "source": "GPS",
          "surface": "asphalt"
        }
      }
    },
    {
      "type": "Feature",
      "geometry": {
        "type": "LineString",
        "coordinates": [
          [
            112.1593997,
            -8.0986611
          ],
          [
            112.1597422,
            -8.0986892
          ],
          [
            112.1606966,
            -8.0987719
          ]
        ]
      },
      "properties": {
        "id": "osm:way:372685483",
        "name": "Jalan Mawar",
        "highway": "primary",
        "restriction_type": "PROHIBITED_ROAD",
        "metadata": {
          "designation": "city_road",
          "highway": "primary",
          "lanes": "2",
          "name": "Jalan Mawar",
          "oneway": "no",
          "source": "Bing",
          "surface": "asphalt"
        }
      }
    },
    {
      "type": "Feature",
      "geometry": {
        "type": "LineString",
        "coordinates": [
          [
            112.1593997,
            -8.0986611
          ],
          [
            112.1592505,
            -8.0986828
          ],
          [
            112.1591659,
            -8.09869
          ],
          [
            112.1591012,
            -8.0986936
          ],
          [
            112.1590456,
            -8.098702
          ],
          [
            112.1589937,
            -8.0987256
          ],
          [
            112.1589725,
            -8.0987369
          ],
          [
            112.1588763,
            -8.0988181
          ],
          [
            112.158757,
            -8.0989429
          ],
          [
            112.1586342,
            -8.0990465
          ]
        ]
      },
      "properties": {
        "id": "osm:way:372685484",
        "name": "Jalan Mawar",
        "highway": "primary",
        "restriction_type": "PROHIBITED_ROAD",
        "metadata": {
          "designation": "city_road",
          "highway": "primary",
          "lanes": "1",
          "name": "Jalan Mawar",
          "oneway": "yes",
          "source": "Bing",
          "surface": "asphalt"
        }
      }
    },
    {
      "type": "Feature",
      "geometry": {
        "type": "LineString",
        "coordinates": [
          [
            112.1586342,
            -8.0990465
          ],
          [
            112.1586969,
            -8.0989238
          ],
          [
            112.1587881,
            -8.0987856
          ],
          [
            112.1588577,
            -8.0986894
          ],
          [
            112.1589253,
            -8.0986548
          ],
          [
            112.1589953,
            -8.0986369
          ],
          [
            112.1590488,
            -8.098633
          ],
          [
            112.1591613,
            -8.0986319
          ],
          [
            112.1592612,
            -8.0986366
          ],
          [
            112.1593997,
            -8.0986611
          ]
        ]
      },
      "properties": {
        "id": "osm:way:372685485",
        "name": "Jalan Mawar",
        "highway": "primary",
        "restriction_type": "PROHIBITED_ROAD",
        "metadata": {
          "designation": "city_road",
          "highway": "primary",
          "lanes": "1",
          "name": "Jalan Mawar",
          "oneway": "yes",
          "source": "Bing",
          "surface": "asphalt"
        }
      }
    },
    {
      "type": "Feature",
      "geometry": {
        "type": "LineString",
        "coordinates": [
          [
            112.1563257,
            -8.1018801
          ],
          [
            112.1563098,
            -8.1019386
          ],
          [
            112.1562801,
            -8.1019961
          ],
          [
            112.1562127,
            -8.1021151
          ],
          [
            112.1561878,
            -8.1021703
          ],
          [
            112.1561411,
            -8.1022597
          ]
        ]
      },
      "properties": {
        "id": "osm:way:372685486",
        "name": "Jalan Mawar",
        "highway": "primary",
        "restriction_type": "PROHIBITED_ROAD",
        "metadata": {
          "designation": "city_road",
          "highway": "primary",
          "name": "Jalan Mawar",
          "oneway": "yes"
        }
      }
    },
    {
      "type": "Feature",
      "geometry": {
        "type": "LineString",
        "coordinates": [
          [
            112.1564464,
            -8.1024778
          ],
          [
            112.1563949,
            -8.1024813
          ],
          [
            112.1563513,
            -8.1024763
          ],
          [
            112.1561813,
            -8.1024316
          ],
          [
            112.1560916,
            -8.1024056
          ]
        ]
      },
      "properties": {
        "id": "osm:way:372685488",
        "name": "Jalan Cempaka",
        "highway": "primary",
        "restriction_type": "PROHIBITED_ROAD",
        "metadata": {
          "designation": "provincial_road",
          "highway": "primary",
          "name": "Jalan Cempaka",
          "oneway": "yes",
          "ref": "127",
          "reg_ref": "35-127-12K"
        }
      }
    },
    {
      "type": "Feature",
      "geometry": {
        "type": "LineString",
        "coordinates": [
          [
            112.1556422,
            -8.1023079
          ],
          [
            112.1557302,
            -8.1022798
          ],
          [
            112.1558857,
            -8.102258
          ],
          [
            112.1559542,
            -8.1022551
          ]
        ]
      },
      "properties": {
        "id": "osm:way:372685489",
        "name": "Jalan Tanjung",
        "highway": "primary",
        "restriction_type": "PROHIBITED_ROAD",
        "metadata": {
          "designation": "provincial_road",
          "highway": "primary",
          "name": "Jalan Tanjung",
          "oneway": "yes",
          "ref": "127",
          "reg_ref": "35-127-11K"
        }
      }
    },
    {
      "type": "Feature",
      "geometry": {
        "type": "LineString",
        "coordinates": [
          [
            112.1744354,
            -8.0997042
          ],
          [
            112.1746201,
            -8.0997255
          ],
          [
            112.1749809,
            -8.0997542
          ],
          [
            112.1757551,
            -8.0998246
          ],
          [
            112.1761631,
            -8.0998603
          ],
          [
            112.1775461,
            -8.0999987
          ],
          [
            112.1783421,
            -8.1000727
          ],
          [
            112.1784736,
            -8.1000823
          ],
          [
            112.1785696,
            -8.1000891
          ],
          [
            112.1786461,
            -8.1000914
          ],
          [
            112.1787243,
            -8.1000999
          ],
          [
            112.1790319,
            -8.1001305
          ],
          [
            112.1793116,
            -8.1001583
          ],
          [
            112.1803419,
            -8.1002449
          ],
          [
            112.1806092,
            -8.1002661
          ],
          [
            112.1809427,
            -8.1002994
          ],
          [
            112.1819065,
            -8.1003814
          ],
          [
            112.182168,
            -8.1004081
          ]
        ]
      },
      "properties": {
        "id": "osm:way:372685490",
        "name": "Jalan Ahmad Yani",
        "highway": "primary",
        "restriction_type": "PROHIBITED_ROAD",
        "metadata": {
          "designation": "city_road",
          "highway": "primary",
          "lanes": "2",
          "lit": "yes",
          "name": "Jalan Ahmad Yani",
          "name:etymology:wikidata": "Q2992817",
          "name:etymology:wikipedia": "id:Ahmad Yani",
          "oneway": "no",
          "source": "GPS",
          "surface": "asphalt"
        }
      }
    },
    {
      "type": "Feature",
      "geometry": {
        "type": "LineString",
        "coordinates": [
          [
            112.1758738,
            -8.0942839
          ],
          [
            112.1760533,
            -8.0942038
          ],
          [
            112.1764,
            -8.0940497
          ],
          [
            112.17743,
            -8.0935954
          ],
          [
            112.1775749,
            -8.0935315
          ],
          [
            112.1776148,
            -8.0935148
          ],
          [
            112.1786871,
            -8.0930531
          ],
          [
            112.1795161,
            -8.0926843
          ],
          [
            112.1796769,
            -8.0926207
          ],
          [
            112.1798425,
            -8.0925538
          ],
          [
            112.1804743,
            -8.0922861
          ],
          [
            112.1805564,
            -8.0922514
          ],
          [
            112.180712,
            -8.0921856
          ],
          [
            112.1809164,
            -8.092104
          ],
          [
            112.1821269,
            -8.0915968
          ],
          [
            112.1824171,
            -8.0914807
          ],
          [
            112.1831447,
            -8.0911879
          ],
          [
            112.1832459,
            -8.0911472
          ],
          [
            112.1835181,
            -8.0910366
          ],
          [
            112.1836254,
            -8.0909941
          ],
          [
            112.1838651,
            -8.0908989
          ]
        ]
      },
      "properties": {
        "id": "osm:way:372685495",
        "name": "Jalan Sudanco Supriyadi",
        "highway": "primary",
        "restriction_type": "PROHIBITED_ROAD",
        "metadata": {
          "bicycle": "yes",
          "cycleway": "lane",
          "designation": "city_road",
          "highway": "primary",
          "lane_markings": "yes",
          "lanes": "2",
          "lit": "yes",
          "maxspeed:advisory": "50",
          "name": "Jalan Sudanco Supriyadi",
          "oneway": "no",
          "surface": "asphalt",
          "traffic_calming": "rumble_strip"
        }
      }
    },
    {
      "type": "Feature",
      "geometry": {
        "type": "LineString",
        "coordinates": [
          [
            112.1669387,
            -8.1088429
          ],
          [
            112.1669319,
            -8.1090703
          ],
          [
            112.1669324,
            -8.1091309
          ],
          [
            112.1669468,
            -8.1093113
          ]
        ]
      },
      "properties": {
        "id": "osm:way:372685496",
        "name": "Jalan Veteran",
        "highway": "primary",
        "restriction_type": "PROHIBITED_ROAD",
        "metadata": {
          "designation": "city_road",
          "highway": "primary",
          "lane_markings": "no",
          "name": "Jalan Veteran",
          "oneway": "yes"
        }
      }
    },
    {
      "type": "Feature",
      "geometry": {
        "type": "LineString",
        "coordinates": [
          [
            112.1671385,
            -8.109613
          ],
          [
            112.1669773,
            -8.109525
          ],
          [
            112.1668996,
            -8.1094757
          ],
          [
            112.1668283,
            -8.1094244
          ]
        ]
      },
      "properties": {
        "id": "osm:way:372685497",
        "name": "3",
        "highway": "trunk",
        "restriction_type": "PROHIBITED_ROAD",
        "metadata": {
          "highway": "trunk",
          "lane_markings": "no",
          "oneway": "yes",
          "ref": "3"
        }
      }
    },
    {
      "type": "Feature",
      "geometry": {
        "type": "LineString",
        "coordinates": [
          [
            112.1666211,
            -8.1094731
          ],
          [
            112.166677,
            -8.1093654
          ],
          [
            112.1666886,
            -8.1093413
          ],
          [
            112.1667342,
            -8.1092546
          ]
        ]
      },
      "properties": {
        "id": "osm:way:372685498",
        "name": "3",
        "highway": "trunk",
        "restriction_type": "PROHIBITED_ROAD",
        "metadata": {
          "highway": "trunk",
          "lane_markings": "no",
          "oneway": "yes",
          "ref": "3"
        }
      }
    },
    {
      "type": "Feature",
      "geometry": {
        "type": "LineString",
        "coordinates": [
          [
            111.9927379,
            -7.9586
          ],
          [
            111.9924751,
            -7.9585867
          ],
          [
            111.9921653,
            -7.9585561
          ],
          [
            111.9917724,
            -7.9585136
          ],
          [
            111.9913874,
            -7.9584817
          ],
          [
            111.9912399,
            -7.9584671
          ],
          [
            111.990968,
            -7.9584449
          ],
          [
            111.9907284,
            -7.9584214
          ],
          [
            111.9904649,
            -7.9583954
          ],
          [
            111.9900235,
            -7.9583582
          ],
          [
            111.9895971,
            -7.958321
          ],
          [
            111.9893087,
            -7.9582931
          ],
          [
            111.9889761,
            -7.9582586
          ],
          [
            111.9886368,
            -7.9582347
          ],
          [
            111.9883903,
            -7.9582138
          ],
          [
            111.9881822,
            -7.9581961
          ],
          [
            111.9879837,
            -7.9581749
          ],
          [
            111.9875801,
            -7.9581405
          ],
          [
            111.9874527,
            -7.9581301
          ],
          [
            111.9872608,
            -7.9581138
          ],
          [
            111.986825,
            -7.958074
          ],
          [
            111.9862712,
            -7.958021
          ],
          [
            111.9857773,
            -7.9579774
          ],
          [
            111.9855027,
            -7.9579558
          ],
          [
            111.9851835,
            -7.9579226
          ],
          [
            111.984796,
            -7.9578894
          ],
          [
            111.9843935,
            -7.9578548
          ],
          [
            111.9840771,
            -7.9578243
          ],
          [
            111.983778,
            -7.9577951
          ],
          [
            111.9835342,
            -7.9577793
          ],
          [
            111.9833222,
            -7.9577785
          ],
          [
            111.9829077,
            -7.9577714
          ],
          [
            111.9827841,
            -7.9577712
          ],
          [
            111.9826757,
            -7.9577725
          ],
          [
            111.9824329,
            -7.9577651
          ],
          [
            111.9822184,
            -7.9577586
          ],
          [
            111.981931,
            -7.95775
          ],
          [
            111.9818401,
            -7.9577473
          ],
          [
            111.9809349,
            -7.9577433
          ],
          [
            111.9797118,
            -7.9577371
          ],
          [
            111.9794463,
            -7.9577358
          ],
          [
            111.979292,
            -7.9577349
          ],
          [
            111.9791765,
            -7.9577343
          ],
          [
            111.9788185,
            -7.9577303
          ],
          [
            111.9780596,
            -7.9577247
          ],
          [
            111.9779268,
            -7.9577233
          ],
          [
            111.9775955,
            -7.9577176
          ],
          [
            111.9774654,
            -7.9577154
          ],
          [
            111.9770631,
            -7.9577074
          ],
          [
            111.9767815,
            -7.9577101
          ],
          [
            111.9764945,
            -7.9576994
          ],
          [
            111.9763523,
            -7.9576994
          ],
          [
            111.9762129,
            -7.9576994
          ],
          [
            111.9752312,
            -7.9576994
          ],
          [
            111.9746223,
            -7.9576915
          ],
          [
            111.974346,
            -7.9576915
          ],
          [
            111.9741395,
            -7.9576915
          ],
          [
            111.9739786,
            -7.9576968
          ],
          [
            111.9735923,
            -7.9576782
          ],
          [
            111.9733966,
            -7.9576801
          ],
          [
            111.9733268,
            -7.9576808
          ],
          [
            111.9731249,
            -7.9576795
          ],
          [
            111.9730304,
            -7.9576762
          ],
          [
            111.9728893,
            -7.9576662
          ],
          [
            111.9727739,
            -7.9576515
          ],
          [
            111.9724014,
            -7.9576018
          ],
          [
            111.9722187,
            -7.9575756
          ],
          [
            111.972098,
            -7.9575567
          ],
          [
            111.9719904,
            -7.9575381
          ],
          [
            111.9718509,
            -7.9575055
          ],
          [
            111.971692,
            -7.9574657
          ],
          [
            111.971521,
            -7.9574139
          ],
          [
            111.9711419,
            -7.9572885
          ],
          [
            111.9711067,
            -7.9572776
          ],
          [
            111.9708605,
            -7.9572014
          ],
          [
            111.9706848,
            -7.9571376
          ],
          [
            111.9705051,
            -7.9570699
          ],
          [
            111.9702597,
            -7.9569729
          ],
          [
            111.9701752,
            -7.9569371
          ],
          [
            111.9698319,
            -7.9568162
          ],
          [
            111.9693089,
            -7.956617
          ],
          [
            111.9690688,
            -7.9565142
          ],
          [
            111.9689119,
            -7.956447
          ],
          [
            111.9686303,
            -7.9563327
          ],
          [
            111.968248,
            -7.956184
          ],
          [
            111.9677398,
            -7.9559874
          ],
          [
            111.9675426,
            -7.9559104
          ],
          [
            111.9669753,
            -7.9556832
          ],
          [
            111.9664094,
            -7.9554535
          ],
          [
            111.9661253,
            -7.9553387
          ],
          [
            111.9659789,
            -7.9552795
          ],
          [
            111.9655591,
            -7.9551188
          ],
          [
            111.9651125,
            -7.9549288
          ],
          [
            111.9646096,
            -7.9547283
          ],
          [
            111.9642113,
            -7.9545742
          ],
          [
            111.9635957,
            -7.9543205
          ],
          [
            111.9631398,
            -7.9541399
          ],
          [
            111.9629091,
            -7.9540336
          ],
          [
            111.9625819,
            -7.9539061
          ],
          [
            111.9623029,
            -7.9538012
          ],
          [
            111.9620682,
            -7.9536976
          ],
          [
            111.9618657,
            -7.9536139
          ],
          [
            111.9616203,
            -7.9535249
          ],
          [
            111.9614634,
            -7.9534545
          ],
          [
            111.9611187,
            -7.9533164
          ],
          [
            111.9607885,
            -7.9531723
          ],
          [
            111.960322,
            -7.9529546
          ],
          [
            111.9602178,
            -7.9529055
          ]
        ]
      },
      "properties": {
        "id": "osm:way:394891916",
        "name": "Jalan Raya Kras-Sumberjo",
        "highway": "secondary",
        "restriction_type": "PROHIBITED_ROAD",
        "metadata": {
          "designation": "regental_road",
          "highway": "secondary",
          "name": "Jalan Raya Kras-Sumberjo",
          "oneway": "no"
        }
      }
    },
    {
      "type": "Feature",
      "geometry": {
        "type": "LineString",
        "coordinates": [
          [
            112.1628993,
            -8.0969001
          ],
          [
            112.1638217,
            -8.0970639
          ],
          [
            112.1639214,
            -8.0970816
          ],
          [
            112.1645277,
            -8.0971839
          ],
          [
            112.1651312,
            -8.097268
          ],
          [
            112.1653338,
            -8.0972962
          ],
          [
            112.1655239,
            -8.0973264
          ],
          [
            112.1656591,
            -8.0973478
          ],
          [
            112.1660295,
            -8.0974171
          ],
          [
            112.1660856,
            -8.0974276
          ]
        ]
      },
      "properties": {
        "id": "osm:way:403285349",
        "name": "Jalan Semeru",
        "highway": "secondary",
        "restriction_type": "PROHIBITED_ROAD",
        "metadata": {
          "designation": "city_road",
          "highway": "secondary",
          "lanes": "2",
          "name": "Jalan Semeru",
          "oneway:motorcar": "yes",
          "source": "GPS",
          "surface": "asphalt"
        }
      }
    },
    {
      "type": "Feature",
      "geometry": {
        "type": "LineString",
        "coordinates": [
          [
            112.1443457,
            -8.1407586
          ],
          [
            112.1444796,
            -8.1407612
          ],
          [
            112.1445702,
            -8.1407586
          ],
          [
            112.1446948,
            -8.1407448
          ],
          [
            112.1447796,
            -8.1407141
          ],
          [
            112.1448997,
            -8.1406431
          ]
        ]
      },
      "properties": {
        "id": "osm:way:410086749",
        "name": "Jalan Raya Jimbe Blitar",
        "highway": "trunk",
        "restriction_type": "PROHIBITED_ROAD",
        "metadata": {
          "highway": "trunk",
          "name": "Jalan Raya Jimbe Blitar",
          "oneway": "yes",
          "ref": "3",
          "surface": "asphalt"
        }
      }
    },
    {
      "type": "Feature",
      "geometry": {
        "type": "LineString",
        "coordinates": [
          [
            112.1928368,
            -8.1198505
          ],
          [
            112.1935006,
            -8.1202037
          ],
          [
            112.1947374,
            -8.1209098
          ],
          [
            112.1953251,
            -8.1212504
          ],
          [
            112.1959668,
            -8.1216205
          ],
          [
            112.1965148,
            -8.1218971
          ],
          [
            112.1968782,
            -8.122065
          ],
          [
            112.1969986,
            -8.1221129
          ],
          [
            112.1971108,
            -8.1221575
          ],
          [
            112.1972308,
            -8.1222042
          ],
          [
            112.1972738,
            -8.122221
          ],
          [
            112.1975031,
            -8.1222954
          ],
          [
            112.1978482,
            -8.1223975
          ],
          [
            112.1978981,
            -8.1224122
          ],
          [
            112.1983063,
            -8.1225236
          ],
          [
            112.198954,
            -8.1227004
          ],
          [
            112.1991165,
            -8.1227441
          ],
          [
            112.199683,
            -8.1229017
          ],
          [
            112.2003626,
            -8.1230883
          ],
          [
            112.200993,
            -8.123246
          ],
          [
            112.2013355,
            -8.123331
          ],
          [
            112.2016942,
            -8.1234201
          ],
          [
            112.202079,
            -8.1235174
          ],
          [
            112.2021006,
            -8.1235241
          ],
          [
            112.2026683,
            -8.1236509
          ],
          [
            112.203264,
            -8.1237876
          ],
          [
            112.2039593,
            -8.1239459
          ],
          [
            112.204381,
            -8.1240426
          ],
          [
            112.2047699,
            -8.1241313
          ],
          [
            112.2050147,
            -8.124181
          ],
          [
            112.2053057,
            -8.1242443
          ],
          [
            112.2055927,
            -8.1243028
          ],
          [
            112.206113,
            -8.1244541
          ],
          [
            112.2062471,
            -8.1245072
          ],
          [
            112.2064805,
            -8.1246108
          ],
          [
            112.2069257,
            -8.1248444
          ],
          [
            112.2070706,
            -8.1249321
          ]
        ]
      },
      "properties": {
        "id": "osm:way:447822603",
        "name": "Jalan Raya Blitar - Kanigoro",
        "highway": "secondary",
        "restriction_type": "PROHIBITED_ROAD",
        "metadata": {
          "highway": "secondary",
          "name": "Jalan Raya Blitar - Kanigoro",
          "source": "GPS"
        }
      }
    },
    {
      "type": "Feature",
      "geometry": {
        "type": "LineString",
        "coordinates": [
          [
            112.1559922,
            -8.102401
          ],
          [
            112.1559089,
            -8.1023785
          ],
          [
            112.1558547,
            -8.1023647
          ],
          [
            112.1557016,
            -8.1023297
          ],
          [
            112.1556422,
            -8.1023079
          ]
        ]
      },
      "properties": {
        "id": "osm:way:447980019",
        "name": "Jalan Tanjung",
        "highway": "primary",
        "restriction_type": "PROHIBITED_ROAD",
        "metadata": {
          "designation": "provincial_road",
          "highway": "primary",
          "name": "Jalan Tanjung",
          "oneway": "yes",
          "ref": "127",
          "reg_ref": "35-127-11K"
        }
      }
    },
    {
      "type": "Feature",
      "geometry": {
        "type": "LineString",
        "coordinates": [
          [
            112.0546189,
            -8.0596584
          ],
          [
            112.054601,
            -8.0595577
          ]
        ]
      },
      "properties": {
        "id": "osm:way:447986179",
        "name": "35-009",
        "highway": "primary",
        "restriction_type": "PROHIBITED_ROAD",
        "metadata": {
          "highway": "primary",
          "oneway": "yes",
          "ref": "35-009",
          "source": "GPS"
        }
      }
    },
    {
      "type": "Feature",
      "geometry": {
        "type": "LineString",
        "coordinates": [
          [
            112.0546886,
            -8.0595896
          ],
          [
            112.0552026,
            -8.0597196
          ]
        ]
      },
      "properties": {
        "id": "osm:way:447986180",
        "name": "Jalan Raya Kediri - Blitar",
        "highway": "primary",
        "restriction_type": "PROHIBITED_ROAD",
        "metadata": {
          "designation": "provincial_road",
          "highway": "primary",
          "name": "Jalan Raya Kediri - Blitar",
          "oneway": "no",
          "ref": "010",
          "reg_ref": "35-010",
          "source": "GPS",
          "width": "10"
        }
      }
    },
    {
      "type": "Feature",
      "geometry": {
        "type": "LineString",
        "coordinates": [
          [
            112.1425889,
            -8.1565539
          ],
          [
            112.1425864,
            -8.1565705
          ],
          [
            112.142567,
            -8.1567564
          ],
          [
            112.1423556,
            -8.1584656
          ],
          [
            112.1421982,
            -8.1598407
          ],
          [
            112.1419425,
            -8.1619119
          ],
          [
            112.1418776,
            -8.1622617
          ],
          [
            112.1415123,
            -8.1633118
          ],
          [
            112.1414443,
            -8.1634977
          ],
          [
            112.1413571,
            -8.1637534
          ],
          [
            112.1410708,
            -8.1650043
          ],
          [
            112.1410366,
            -8.1650753
          ],
          [
            112.140995,
            -8.1651245
          ],
          [
            112.140938,
            -8.1651563
          ],
          [
            112.1408743,
            -8.1651769
          ],
          [
            112.140176,
            -8.1651131
          ],
          [
            112.1398983,
            -8.1650877
          ],
          [
            112.1390229,
            -8.165009
          ],
          [
            112.1384571,
            -8.1649436
          ]
        ]
      },
      "properties": {
        "id": "osm:way:448154147",
        "name": "Way #448154147",
        "highway": "secondary",
        "restriction_type": "PROHIBITED_ROAD",
        "metadata": {
          "highway": "secondary"
        }
      }
    },
    {
      "type": "Feature",
      "geometry": {
        "type": "LineString",
        "coordinates": [
          [
            112.1449057,
            -8.1421106
          ],
          [
            112.1439997,
            -8.1419463
          ],
          [
            112.1433562,
            -8.1417991
          ],
          [
            112.1424541,
            -8.1416122
          ],
          [
            112.1428159,
            -8.1404393
          ],
          [
            112.1428527,
            -8.1403306
          ]
        ]
      },
      "properties": {
        "id": "osm:way:448154148",
        "name": "Way #448154148",
        "highway": "secondary",
        "restriction_type": "PROHIBITED_ROAD",
        "metadata": {
          "highway": "secondary",
          "oneway": "yes"
        }
      }
    },
    {
      "type": "Feature",
      "geometry": {
        "type": "LineString",
        "coordinates": [
          [
            112.1461717,
            -8.1398291
          ],
          [
            112.146257,
            -8.1397879
          ],
          [
            112.146387,
            -8.1397178
          ],
          [
            112.1464721,
            -8.1396739
          ],
          [
            112.1465459,
            -8.1396467
          ],
          [
            112.1466411,
            -8.1396323
          ]
        ]
      },
      "properties": {
        "id": "osm:way:449234473",
        "name": "Jalan Raya Kademangan Blitar",
        "highway": "trunk",
        "restriction_type": "PROHIBITED_ROAD",
        "metadata": {
          "highway": "trunk",
          "name": "Jalan Raya Kademangan Blitar",
          "oneway": "yes",
          "ref": "3",
          "surface": "asphalt"
        }
      }
    },
    {
      "type": "Feature",
      "geometry": {
        "type": "LineString",
        "coordinates": [
          [
            112.1434349,
            -8.1499526
          ],
          [
            112.1434056,
            -8.1501169
          ]
        ]
      },
      "properties": {
        "id": "osm:way:505861316",
        "name": "Way #505861316",
        "highway": "secondary",
        "restriction_type": "PROHIBITED_ROAD",
        "metadata": {
          "bridge": "yes",
          "highway": "secondary",
          "layer": "1"
        }
      }
    },
    {
      "type": "Feature",
      "geometry": {
        "type": "LineString",
        "coordinates": [
          [
            112.1449057,
            -8.1421106
          ],
          [
            112.1447113,
            -8.1431488
          ],
          [
            112.1446913,
            -8.1432555
          ],
          [
            112.1445678,
            -8.1438955
          ],
          [
            112.1445072,
            -8.1442087
          ],
          [
            112.1445027,
            -8.1442362
          ],
          [
            112.1442027,
            -8.1458656
          ],
          [
            112.1441789,
            -8.1459895
          ],
          [
            112.1441513,
            -8.1461087
          ],
          [
            112.1441352,
            -8.1462056
          ],
          [
            112.143914,
            -8.147275
          ],
          [
            112.1438419,
            -8.1476587
          ],
          [
            112.1436713,
            -8.1485255
          ],
          [
            112.1436614,
            -8.1486076
          ],
          [
            112.1434969,
            -8.1495675
          ],
          [
            112.1434421,
            -8.14991
          ],
          [
            112.1434349,
            -8.1499526
          ]
        ]
      },
      "properties": {
        "id": "osm:way:505861318",
        "name": "Way #505861318",
        "highway": "secondary",
        "restriction_type": "PROHIBITED_ROAD",
        "metadata": {
          "highway": "secondary"
        }
      }
    },
    {
      "type": "Feature",
      "geometry": {
        "type": "LineString",
        "coordinates": [
          [
            112.1372636,
            -8.1645371
          ],
          [
            112.1375008,
            -8.1647766
          ],
          [
            112.1375746,
            -8.1648317
          ],
          [
            112.1376545,
            -8.1648664
          ],
          [
            112.1384571,
            -8.1649436
          ]
        ]
      },
      "properties": {
        "id": "osm:way:505861377",
        "name": "Blitar - Tambakrejo",
        "highway": "secondary",
        "restriction_type": "PROHIBITED_ROAD",
        "metadata": {
          "highway": "secondary",
          "name": "Blitar - Tambakrejo",
          "oneway": "no"
        }
      }
    },
    {
      "type": "Feature",
      "geometry": {
        "type": "LineString",
        "coordinates": [
          [
            112.1369741,
            -8.1642567
          ],
          [
            112.1372636,
            -8.1645371
          ]
        ]
      },
      "properties": {
        "id": "osm:way:505861378",
        "name": "Blitar - Tambakrejo",
        "highway": "secondary",
        "restriction_type": "PROHIBITED_ROAD",
        "metadata": {
          "bridge": "yes",
          "highway": "secondary",
          "layer": "1",
          "name": "Blitar - Tambakrejo",
          "oneway": "no"
        }
      }
    },
    {
      "type": "Feature",
      "geometry": {
        "type": "LineString",
        "coordinates": [
          [
            112.1589391,
            -8.1522215
          ],
          [
            112.1591388,
            -8.1523029
          ]
        ]
      },
      "properties": {
        "id": "osm:way:505861380",
        "name": "Way #505861380",
        "highway": "secondary",
        "restriction_type": "PROHIBITED_ROAD",
        "metadata": {
          "bridge": "yes",
          "highway": "secondary",
          "layer": "1"
        }
      }
    },
    {
      "type": "Feature",
      "geometry": {
        "type": "LineString",
        "coordinates": [
          [
            112.148447,
            -8.1476839
          ],
          [
            112.1484724,
            -8.1476945
          ],
          [
            112.1490664,
            -8.1479666
          ],
          [
            112.1493221,
            -8.1480885
          ],
          [
            112.1496119,
            -8.1482323
          ],
          [
            112.1504218,
            -8.1486207
          ],
          [
            112.1506466,
            -8.1487273
          ],
          [
            112.1511486,
            -8.1489819
          ],
          [
            112.152179,
            -8.1494625
          ],
          [
            112.1522407,
            -8.1494945
          ],
          [
            112.1527011,
            -8.1497113
          ],
          [
            112.1529198,
            -8.1498279
          ],
          [
            112.1530903,
            -8.1499072
          ],
          [
            112.1545355,
            -8.1506371
          ],
          [
            112.156659,
            -8.1514359
          ],
          [
            112.1587852,
            -8.1521613
          ],
          [
            112.1589027,
            -8.1522083
          ],
          [
            112.1589391,
            -8.1522215
          ]
        ]
      },
      "properties": {
        "id": "osm:way:505861381",
        "name": "Way #505861381",
        "highway": "secondary",
        "restriction_type": "PROHIBITED_ROAD",
        "metadata": {
          "highway": "secondary"
        }
      }
    },
    {
      "type": "Feature",
      "geometry": {
        "type": "LineString",
        "coordinates": [
          [
            111.9485322,
            -7.9740486
          ],
          [
            111.9486826,
            -7.9737809
          ],
          [
            111.948739,
            -7.9736839
          ]
        ]
      },
      "properties": {
        "id": "osm:way:549287120",
        "name": "Jalan Raya Kediri-Tulungagung",
        "highway": "trunk",
        "restriction_type": "PROHIBITED_ROAD",
        "metadata": {
          "highway": "trunk",
          "name": "Jalan Raya Kediri-Tulungagung",
          "oneway": "no",
          "ref": "22"
        }
      }
    },
    {
      "type": "Feature",
      "geometry": {
        "type": "LineString",
        "coordinates": [
          [
            111.9251411,
            -8.0171096
          ],
          [
            111.9253748,
            -8.0167257
          ],
          [
            111.9254978,
            -8.0164815
          ],
          [
            111.9259731,
            -8.0155875
          ],
          [
            111.9261275,
            -8.0152898
          ],
          [
            111.9266233,
            -8.0144042
          ],
          [
            111.9271271,
            -8.0134212
          ],
          [
            111.9274195,
            -8.0128648
          ],
          [
            111.9276567,
            -8.0124297
          ],
          [
            111.9277202,
            -8.0123268
          ],
          [
            111.9278028,
            -8.0121673
          ],
          [
            111.9283056,
            -8.0111632
          ],
          [
            111.9287875,
            -8.0102838
          ],
          [
            111.9292956,
            -8.0093495
          ],
          [
            111.9294449,
            -8.0090648
          ],
          [
            111.9296146,
            -8.0087411
          ],
          [
            111.9303431,
            -8.0074424
          ],
          [
            111.9306931,
            -8.0067864
          ],
          [
            111.9310848,
            -8.006026
          ],
          [
            111.9318531,
            -8.0046629
          ],
          [
            111.9323539,
            -8.0036905
          ],
          [
            111.9323962,
            -8.0036084
          ],
          [
            111.9324526,
            -8.0035058
          ],
          [
            111.9325372,
            -8.0033519
          ],
          [
            111.9327331,
            -8.0029957
          ],
          [
            111.9328746,
            -8.0027383
          ],
          [
            111.9333717,
            -8.0018112
          ],
          [
            111.9338527,
            -8.0008926
          ],
          [
            111.9343395,
            -8.0000094
          ],
          [
            111.9348511,
            -7.9990344
          ],
          [
            111.9348817,
            -7.9989824
          ],
          [
            111.9351642,
            -7.9984433
          ],
          [
            111.9353802,
            -7.9980439
          ],
          [
            111.9354821,
            -7.9978485
          ],
          [
            111.9355804,
            -7.9976676
          ],
          [
            111.9358017,
            -7.9972676
          ],
          [
            111.9360159,
            -7.9968572
          ],
          [
            111.9361564,
            -7.9965946
          ],
          [
            111.9362495,
            -7.9964329
          ],
          [
            111.9363162,
            -7.9962955
          ],
          [
            111.9364884,
            -7.9959964
          ],
          [
            111.9366482,
            -7.9957042
          ],
          [
            111.9368203,
            -7.9953755
          ],
          [
            111.937017,
            -7.9950051
          ],
          [
            111.9372259,
            -7.9946172
          ],
          [
            111.9373559,
            -7.9943807
          ],
          [
            111.937456,
            -7.9942086
          ],
          [
            111.9375895,
            -7.9939512
          ],
          [
            111.9376931,
            -7.9937616
          ],
          [
            111.9377686,
            -7.9936242
          ],
          [
            111.9378687,
            -7.9934399
          ],
          [
            111.9380531,
            -7.9930955
          ],
          [
            111.9381708,
            -7.9928833
          ],
          [
            111.9382709,
            -7.9926955
          ],
          [
            111.93845,
            -7.9923807
          ],
          [
            111.9386098,
            -7.9920712
          ],
          [
            111.9388311,
            -7.9916694
          ],
          [
            111.9390155,
            -7.9913216
          ],
          [
            111.9391788,
            -7.9910277
          ],
          [
            111.9392877,
            -7.990819
          ],
          [
            111.9395002,
            -7.9904399
          ],
          [
            111.9396214,
            -7.9902068
          ],
          [
            111.9397865,
            -7.989939
          ],
          [
            111.9399937,
            -7.989586
          ],
          [
            111.9401658,
            -7.989266
          ],
          [
            111.9404222,
            -7.9888103
          ],
          [
            111.9406189,
            -7.9884451
          ],
          [
            111.9406768,
            -7.9883181
          ],
          [
            111.9408683,
            -7.9879825
          ],
          [
            111.9409455,
            -7.9878503
          ],
          [
            111.9411089,
            -7.9875477
          ],
          [
            111.9412581,
            -7.9872677
          ],
          [
            111.9413969,
            -7.987012
          ],
          [
            111.9414759,
            -7.9868677
          ],
          [
            111.9415637,
            -7.9867094
          ],
          [
            111.9416474,
            -7.9865539
          ],
          [
            111.9417693,
            -7.9863834
          ],
          [
            111.9419248,
            -7.9861509
          ],
          [
            111.9420482,
            -7.9859305
          ],
          [
            111.9422802,
            -7.9854962
          ],
          [
            111.9424264,
            -7.985204
          ],
          [
            111.9427282,
            -7.9846469
          ],
          [
            111.9428046,
            -7.9845094
          ],
          [
            111.942924,
            -7.9842982
          ],
          [
            111.943042,
            -7.9840911
          ],
          [
            111.9431573,
            -7.9838799
          ],
          [
            111.9432767,
            -7.9836794
          ],
          [
            111.9433665,
            -7.9835094
          ],
          [
            111.9435556,
            -7.9831614
          ],
          [
            111.9436146,
            -7.9830565
          ],
          [
            111.9436803,
            -7.9829389
          ],
          [
            111.9438493,
            -7.9826408
          ],
          [
            111.9439847,
            -7.9823827
          ],
          [
            111.9440518,
            -7.9822476
          ],
          [
            111.9441318,
            -7.9820813
          ],
          [
            111.9442302,
            -7.9819289
          ],
          [
            111.9443294,
            -7.9817642
          ],
          [
            111.9443992,
            -7.9816234
          ],
          [
            111.9444537,
            -7.9815245
          ],
          [
            111.9445802,
            -7.9813074
          ],
          [
            111.9446714,
            -7.9811294
          ],
          [
            111.9447372,
            -7.9810072
          ],
          [
            111.9448203,
            -7.9808638
          ],
          [
            111.9448981,
            -7.9807203
          ],
          [
            111.9450107,
            -7.9805091
          ],
          [
            111.9451287,
            -7.9802887
          ],
          [
            111.9453138,
            -7.9799686
          ],
          [
            111.945535,
            -7.9795885
          ],
          [
            111.9456987,
            -7.9792674
          ],
          [
            111.9458368,
            -7.9790057
          ],
          [
            111.9460541,
            -7.978578
          ],
          [
            111.9461841,
            -7.9783417
          ],
          [
            111.9463528,
            -7.9780383
          ],
          [
            111.9464537,
            -7.9778436
          ],
          [
            111.9465597,
            -7.9776338
          ],
          [
            111.9466508,
            -7.977477
          ],
          [
            111.9467442,
            -7.9773001
          ],
          [
            111.9469567,
            -7.9769232
          ],
          [
            111.9471559,
            -7.9765703
          ],
          [
            111.9473978,
            -7.976129
          ],
          [
            111.9474716,
            -7.9759909
          ],
          [
            111.9475427,
            -7.9758634
          ],
          [
            111.9476609,
            -7.9756463
          ],
          [
            111.9478673,
            -7.9752711
          ],
          [
            111.948,
            -7.9750239
          ],
          [
            111.9481837,
            -7.97468
          ],
          [
            111.9483823,
            -7.9743095
          ],
          [
            111.9485322,
            -7.9740486
          ]
        ]
      },
      "properties": {
        "id": "osm:way:549287121",
        "name": "Jalan Raya Kediri-Tulungagung",
        "highway": "trunk",
        "restriction_type": "PROHIBITED_ROAD",
        "metadata": {
          "highway": "trunk",
          "name": "Jalan Raya Kediri-Tulungagung",
          "oneway": "no",
          "ref": "22"
        }
      }
    },
    {
      "type": "Feature",
      "geometry": {
        "type": "LineString",
        "coordinates": [
          [
            111.9488264,
            -7.9735292
          ],
          [
            111.9489415,
            -7.9733147
          ],
          [
            111.9490407,
            -7.9731248
          ],
          [
            111.9491413,
            -7.9729401
          ],
          [
            111.9492621,
            -7.9727077
          ],
          [
            111.9493631,
            -7.9725425
          ],
          [
            111.9494608,
            -7.9723761
          ],
          [
            111.9495772,
            -7.9721671
          ],
          [
            111.9496617,
            -7.9720038
          ],
          [
            111.9497575,
            -7.9718059
          ],
          [
            111.9499283,
            -7.9714998
          ],
          [
            111.9500466,
            -7.9712773
          ],
          [
            111.9501029,
            -7.9711817
          ],
          [
            111.9501739,
            -7.9710582
          ],
          [
            111.9502692,
            -7.9709068
          ],
          [
            111.9503711,
            -7.9707341
          ],
          [
            111.9504529,
            -7.9705813
          ],
          [
            111.9505372,
            -7.9704258
          ],
          [
            111.9506139,
            -7.9702865
          ],
          [
            111.9506862,
            -7.9701617
          ],
          [
            111.9508496,
            -7.9698288
          ],
          [
            111.9509357,
            -7.9696689
          ],
          [
            111.9510468,
            -7.9694802
          ],
          [
            111.9512227,
            -7.9691563
          ],
          [
            111.9513649,
            -7.968888
          ],
          [
            111.9515701,
            -7.9685134
          ],
          [
            111.9517873,
            -7.9681176
          ],
          [
            111.9519291,
            -7.9678575
          ],
          [
            111.952085,
            -7.9675718
          ],
          [
            111.9523707,
            -7.9670444
          ],
          [
            111.9526711,
            -7.9665132
          ],
          [
            111.9528387,
            -7.9662157
          ],
          [
            111.9530385,
            -7.9658438
          ],
          [
            111.9532371,
            -7.965468
          ],
          [
            111.9534812,
            -7.9650137
          ],
          [
            111.9536957,
            -7.9646299
          ],
          [
            111.9538097,
            -7.9644307
          ],
          [
            111.9539079,
            -7.9642571
          ],
          [
            111.9540486,
            -7.9639954
          ],
          [
            111.9543743,
            -7.963396
          ],
          [
            111.9544575,
            -7.9632446
          ],
          [
            111.9545232,
            -7.9631317
          ],
          [
            111.9546076,
            -7.9629896
          ],
          [
            111.9548329,
            -7.9625898
          ],
          [
            111.9550462,
            -7.9621967
          ],
          [
            111.9552433,
            -7.9618394
          ],
          [
            111.9554164,
            -7.9615206
          ],
          [
            111.9556913,
            -7.9610557
          ],
          [
            111.9557874,
            -7.9608858
          ],
          [
            111.9558468,
            -7.9607808
          ],
          [
            111.95593,
            -7.9606334
          ],
          [
            111.9560775,
            -7.9603718
          ],
          [
            111.956213,
            -7.9601234
          ],
          [
            111.9563886,
            -7.9597741
          ],
          [
            111.9565992,
            -7.959369
          ],
          [
            111.9567966,
            -7.9590262
          ],
          [
            111.9569454,
            -7.9587527
          ],
          [
            111.9570999,
            -7.9584796
          ],
          [
            111.9573588,
            -7.958043
          ],
          [
            111.9575308,
            -7.9577352
          ],
          [
            111.957819,
            -7.9571973
          ],
          [
            111.9581053,
            -7.9566887
          ],
          [
            111.9583802,
            -7.9561906
          ],
          [
            111.9585693,
            -7.9558533
          ],
          [
            111.9587302,
            -7.955565
          ],
          [
            111.9589032,
            -7.9552516
          ],
          [
            111.9590816,
            -7.9549395
          ],
          [
            111.9592044,
            -7.9547248
          ],
          [
            111.9592781,
            -7.9545888
          ],
          [
            111.9592921,
            -7.9545639
          ]
        ]
      },
      "properties": {
        "id": "osm:way:552024667",
        "name": "Jalan Raya Kediri-Tulungagung",
        "highway": "trunk",
        "restriction_type": "PROHIBITED_ROAD",
        "metadata": {
          "highway": "trunk",
          "name": "Jalan Raya Kediri-Tulungagung",
          "oneway": "no",
          "ref": "22"
        }
      }
    },
    {
      "type": "Feature",
      "geometry": {
        "type": "LineString",
        "coordinates": [
          [
            111.9594279,
            -7.9543032
          ],
          [
            111.9594786,
            -7.9542129
          ],
          [
            111.9595724,
            -7.9540463
          ],
          [
            111.9596642,
            -7.9538935
          ],
          [
            111.9597551,
            -7.953734
          ],
          [
            111.9598935,
            -7.9534941
          ],
          [
            111.9600163,
            -7.9532819
          ],
          [
            111.9600941,
            -7.9531365
          ],
          [
            111.9601681,
            -7.952992
          ],
          [
            111.9602178,
            -7.9529055
          ],
          [
            111.9602618,
            -7.9528267
          ],
          [
            111.9603468,
            -7.9526713
          ],
          [
            111.9603757,
            -7.9526184
          ],
          [
            111.9605427,
            -7.9523036
          ],
          [
            111.9607405,
            -7.9519404
          ],
          [
            111.9610095,
            -7.9514788
          ],
          [
            111.9611583,
            -7.9512059
          ],
          [
            111.9612944,
            -7.9509734
          ],
          [
            111.961417,
            -7.9507511
          ],
          [
            111.9616022,
            -7.9504195
          ],
          [
            111.9617236,
            -7.9501924
          ],
          [
            111.9618503,
            -7.9499613
          ],
          [
            111.9619315,
            -7.9498219
          ],
          [
            111.9620051,
            -7.949691
          ],
          [
            111.9621518,
            -7.9494109
          ],
          [
            111.9622486,
            -7.9492494
          ],
          [
            111.9623382,
            -7.9490924
          ],
          [
            111.9625631,
            -7.9486803
          ],
          [
            111.9626972,
            -7.9484418
          ],
          [
            111.9628232,
            -7.948206
          ],
          [
            111.9629453,
            -7.9479956
          ],
          [
            111.9630284,
            -7.9478468
          ],
          [
            111.9631129,
            -7.9476899
          ],
          [
            111.9632906,
            -7.9473705
          ],
          [
            111.9633281,
            -7.9473022
          ],
          [
            111.9634596,
            -7.9470625
          ],
          [
            111.9636681,
            -7.9466806
          ],
          [
            111.9637816,
            -7.9464653
          ],
          [
            111.9638687,
            -7.9463061
          ],
          [
            111.9639967,
            -7.9460769
          ],
          [
            111.9640729,
            -7.9459381
          ],
          [
            111.964159,
            -7.9457814
          ],
          [
            111.964267,
            -7.9455882
          ],
          [
            111.9644252,
            -7.9453119
          ],
          [
            111.9644866,
            -7.9452038
          ],
          [
            111.9645527,
            -7.9450874
          ],
          [
            111.9647378,
            -7.9447447
          ],
          [
            111.9649288,
            -7.9444107
          ],
          [
            111.965012,
            -7.9442507
          ],
          [
            111.9651038,
            -7.9440852
          ],
          [
            111.9651964,
            -7.9439119
          ],
          [
            111.9652271,
            -7.9438501
          ],
          [
            111.9652607,
            -7.9437924
          ],
          [
            111.9652903,
            -7.9437373
          ],
          [
            111.9653184,
            -7.9436755
          ],
          [
            111.9653312,
            -7.9436204
          ],
          [
            111.9653466,
            -7.9435487
          ],
          [
            111.9653627,
            -7.9435088
          ],
          [
            111.9653727,
            -7.9434783
          ],
          [
            111.9653881,
            -7.9434404
          ],
          [
            111.9654129,
            -7.9433986
          ],
          [
            111.965488,
            -7.9432631
          ],
          [
            111.965661,
            -7.9429449
          ],
          [
            111.9658366,
            -7.9426215
          ],
          [
            111.9659721,
            -7.9423732
          ],
          [
            111.966088,
            -7.9421619
          ],
          [
            111.9663792,
            -7.9416506
          ],
          [
            111.9664144,
            -7.9415877
          ],
          [
            111.9666119,
            -7.9412342
          ],
          [
            111.9668205,
            -7.9408603
          ],
          [
            111.9669123,
            -7.9407003
          ],
          [
            111.9669992,
            -7.9405547
          ],
          [
            111.9671162,
            -7.9403316
          ],
          [
            111.9672005,
            -7.940174
          ],
          [
            111.9673474,
            -7.9399378
          ],
          [
            111.9674382,
            -7.9397716
          ],
          [
            111.9675977,
            -7.9394876
          ],
          [
            111.9676089,
            -7.9394623
          ]
        ]
      },
      "properties": {
        "id": "osm:way:553883834",
        "name": "Jalan Raya Kediri-Tulungagung",
        "highway": "trunk",
        "restriction_type": "PROHIBITED_ROAD",
        "metadata": {
          "highway": "trunk",
          "name": "Jalan Raya Kediri-Tulungagung",
          "oneway": "no",
          "ref": "22"
        }
      }
    },
    {
      "type": "Feature",
      "geometry": {
        "type": "LineString",
        "coordinates": [
          [
            111.9592921,
            -7.9545639
          ],
          [
            111.9594279,
            -7.9543032
          ]
        ]
      },
      "properties": {
        "id": "osm:way:553883835",
        "name": "Jalan Raya Kediri-Tulungagung",
        "highway": "trunk",
        "restriction_type": "PROHIBITED_ROAD",
        "metadata": {
          "bridge": "yes",
          "highway": "trunk",
          "layer": "1",
          "name": "Jalan Raya Kediri-Tulungagung",
          "oneway": "no",
          "ref": "22"
        }
      }
    },
    {
      "type": "Feature",
      "geometry": {
        "type": "LineString",
        "coordinates": [
          [
            111.948739,
            -7.9736839
          ],
          [
            111.9488264,
            -7.9735292
          ]
        ]
      },
      "properties": {
        "id": "osm:way:553883836",
        "name": "Jalan Raya Kediri-Tulungagung",
        "highway": "trunk",
        "restriction_type": "PROHIBITED_ROAD",
        "metadata": {
          "bridge": "yes",
          "highway": "trunk",
          "layer": "1",
          "name": "Jalan Raya Kediri-Tulungagung",
          "oneway": "no",
          "ref": "22"
        }
      }
    },
    {
      "type": "Feature",
      "geometry": {
        "type": "LineString",
        "coordinates": [
          [
            111.9527893,
            -8.1162022
          ],
          [
            111.9527947,
            -8.1162978
          ]
        ]
      },
      "properties": {
        "id": "osm:way:560918832",
        "name": "Way #560918832",
        "highway": "secondary",
        "restriction_type": "PROHIBITED_ROAD",
        "metadata": {
          "bridge": "yes",
          "highway": "secondary",
          "layer": "1"
        }
      }
    },
    {
      "type": "Feature",
      "geometry": {
        "type": "LineString",
        "coordinates": [
          [
            111.939533,
            -8.0953796
          ],
          [
            111.939724,
            -8.0972027
          ],
          [
            111.9397295,
            -8.0972551
          ],
          [
            111.9397441,
            -8.0974166
          ],
          [
            111.9399896,
            -8.0989267
          ],
          [
            111.9400486,
            -8.0992334
          ],
          [
            111.940052,
            -8.0992587
          ],
          [
            111.940054,
            -8.0992736
          ],
          [
            111.9401532,
            -8.1000167
          ],
          [
            111.9403289,
            -8.1009873
          ],
          [
            111.9404946,
            -8.1021504
          ],
          [
            111.9405717,
            -8.1027532
          ],
          [
            111.940695,
            -8.1033613
          ],
          [
            111.9407862,
            -8.1039972
          ],
          [
            111.940852,
            -8.104438
          ],
          [
            111.9409257,
            -8.1048556
          ],
          [
            111.9409774,
            -8.1051481
          ],
          [
            111.9409807,
            -8.105167
          ],
          [
            111.9411604,
            -8.1062145
          ],
          [
            111.9411782,
            -8.1063515
          ],
          [
            111.9412153,
            -8.1066378
          ],
          [
            111.9412877,
            -8.1071967
          ],
          [
            111.9414156,
            -8.1081728
          ],
          [
            111.9415016,
            -8.1086444
          ],
          [
            111.941568,
            -8.1091236
          ],
          [
            111.9417331,
            -8.1104153
          ],
          [
            111.9417679,
            -8.1106557
          ],
          [
            111.9429173,
            -8.1105933
          ],
          [
            111.9436938,
            -8.1105422
          ],
          [
            111.9442074,
            -8.1105003
          ],
          [
            111.9449641,
            -8.1104572
          ],
          [
            111.9455928,
            -8.1104127
          ],
          [
            111.9461386,
            -8.1103715
          ],
          [
            111.947237,
            -8.1102985
          ],
          [
            111.9480403,
            -8.1102494
          ],
          [
            111.9487175,
            -8.1102029
          ],
          [
            111.9487928,
            -8.1101975
          ],
          [
            111.9491224,
            -8.1101736
          ],
          [
            111.9496568,
            -8.110135
          ],
          [
            111.9501731,
            -8.1100976
          ],
          [
            111.9517551,
            -8.1099832
          ],
          [
            111.9522158,
            -8.1099673
          ],
          [
            111.9522326,
            -8.110193
          ],
          [
            111.9523648,
            -8.1116117
          ],
          [
            111.952366,
            -8.1116249
          ],
          [
            111.9523712,
            -8.1116749
          ],
          [
            111.9524002,
            -8.1119429
          ],
          [
            111.9524894,
            -8.1129001
          ],
          [
            111.9525518,
            -8.1135326
          ],
          [
            111.9526848,
            -8.1151079
          ],
          [
            111.9527531,
            -8.1156838
          ],
          [
            111.9527649,
            -8.1158821
          ],
          [
            111.9527733,
            -8.1160242
          ],
          [
            111.9527805,
            -8.1161046
          ],
          [
            111.9527893,
            -8.1162022
          ]
        ]
      },
      "properties": {
        "id": "osm:way:560918833",
        "name": "Way #560918833",
        "highway": "secondary",
        "restriction_type": "PROHIBITED_ROAD",
        "metadata": {
          "highway": "secondary",
          "surface": "asphalt"
        }
      }
    },
    {
      "type": "Feature",
      "geometry": {
        "type": "LineString",
        "coordinates": [
          [
            111.9629413,
            -8.1518465
          ],
          [
            111.9629252,
            -8.1520403
          ]
        ]
      },
      "properties": {
        "id": "osm:way:561415868",
        "name": "Way #561415868",
        "highway": "secondary",
        "restriction_type": "PROHIBITED_ROAD",
        "metadata": {
          "bridge": "yes",
          "highway": "secondary",
          "layer": "1"
        }
      }
    },
    {
      "type": "Feature",
      "geometry": {
        "type": "LineString",
        "coordinates": [
          [
            112.1597714,
            -8.0577201
          ],
          [
            112.1598362,
            -8.0574935
          ],
          [
            112.1601804,
            -8.0567195
          ]
        ]
      },
      "properties": {
        "id": "osm:way:655839418",
        "name": "Way #655839418",
        "highway": "secondary",
        "restriction_type": "PROHIBITED_ROAD",
        "metadata": {
          "highway": "secondary"
        }
      }
    },
    {
      "type": "Feature",
      "geometry": {
        "type": "LineString",
        "coordinates": [
          [
            112.1799619,
            -8.0634443
          ],
          [
            112.1804534,
            -8.0636979
          ],
          [
            112.1810793,
            -8.0639602
          ],
          [
            112.1811929,
            -8.064011
          ],
          [
            112.1817697,
            -8.0642195
          ],
          [
            112.1819909,
            -8.0642955
          ],
          [
            112.1827384,
            -8.064578
          ],
          [
            112.183553,
            -8.0648029
          ],
          [
            112.1839045,
            -8.0649159
          ],
          [
            112.1839475,
            -8.0649283
          ],
          [
            112.1843723,
            -8.0650497
          ],
          [
            112.1844721,
            -8.0650768
          ],
          [
            112.1850306,
            -8.0652505
          ],
          [
            112.1853602,
            -8.0653487
          ],
          [
            112.1870003,
            -8.0658485
          ],
          [
            112.1870242,
            -8.0658561
          ]
        ]
      },
      "properties": {
        "id": "osm:way:659439314",
        "name": "Jalan Mayor Jenderal D.I. Panjaitan",
        "highway": "secondary",
        "restriction_type": "PROHIBITED_ROAD",
        "metadata": {
          "designation": "city_road",
          "highway": "secondary",
          "name": "Jalan Mayor Jenderal D.I. Panjaitan",
          "name:etymology:wikidata": "Q4250996",
          "name:etymology:wikipedia": "id:D.I. Pandjaitan",
          "source": "Bing;survey;local knowledge",
          "surface": "asphalt"
        }
      }
    },
    {
      "type": "Feature",
      "geometry": {
        "type": "LineString",
        "coordinates": [
          [
            112.1677094,
            -8.0924221
          ],
          [
            112.1676557,
            -8.0923795
          ]
        ]
      },
      "properties": {
        "id": "osm:way:659474720",
        "name": "Jalan Raung",
        "highway": "primary",
        "restriction_type": "PROHIBITED_ROAD",
        "metadata": {
          "designation": "city_road",
          "highway": "primary",
          "lanes": "2",
          "name": "Jalan Raung",
          "source": "GPS",
          "surface": "asphalt"
        }
      }
    },
    {
      "type": "Feature",
      "geometry": {
        "type": "LineString",
        "coordinates": [
          [
            112.1478692,
            -8.2275373
          ],
          [
            112.1485394,
            -8.2273519
          ],
          [
            112.1488331,
            -8.2272723
          ],
          [
            112.1488663,
            -8.2272577
          ],
          [
            112.1488988,
            -8.2272351
          ],
          [
            112.148921,
            -8.2272085
          ],
          [
            112.1489418,
            -8.2271674
          ],
          [
            112.1489698,
            -8.2271013
          ],
          [
            112.1492998,
            -8.226385
          ],
          [
            112.1493863,
            -8.2262569
          ],
          [
            112.1495184,
            -8.2261155
          ],
          [
            112.1509977,
            -8.2250649
          ],
          [
            112.1513423,
            -8.2247445
          ],
          [
            112.1515757,
            -8.2244929
          ],
          [
            112.1521401,
            -8.2238014
          ],
          [
            112.1522798,
            -8.2236845
          ],
          [
            112.1523897,
            -8.2236169
          ],
          [
            112.1525533,
            -8.2235478
          ],
          [
            112.1527491,
            -8.2234722
          ],
          [
            112.1528471,
            -8.2233859
          ],
          [
            112.1530053,
            -8.2232386
          ],
          [
            112.1532078,
            -8.2230395
          ],
          [
            112.1533996,
            -8.2227926
          ],
          [
            112.1534985,
            -8.2226236
          ],
          [
            112.1538073,
            -8.2219179
          ],
          [
            112.1542311,
            -8.2211573
          ],
          [
            112.1542566,
            -8.2210644
          ],
          [
            112.1542592,
            -8.2209622
          ],
          [
            112.1542485,
            -8.220856
          ],
          [
            112.1542083,
            -8.2205786
          ],
          [
            112.1541828,
            -8.2203769
          ],
          [
            112.1542096,
            -8.2202295
          ],
          [
            112.1542525,
            -8.2201127
          ],
          [
            112.1543142,
            -8.2200238
          ],
          [
            112.1543652,
            -8.2199747
          ],
          [
            112.1544175,
            -8.2199548
          ],
          [
            112.1546267,
            -8.2198924
          ],
          [
            112.1548372,
            -8.2198433
          ],
          [
            112.1548976,
            -8.2198114
          ],
          [
            112.1549419,
            -8.2197411
          ],
          [
            112.1549593,
            -8.2196468
          ],
          [
            112.1549606,
            -8.2195579
          ],
          [
            112.1549338,
            -8.2192845
          ],
          [
            112.1548963,
            -8.219088
          ],
          [
            112.1548464,
            -8.2188477
          ],
          [
            112.1547836,
            -8.2185252
          ],
          [
            112.1547729,
            -8.2184031
          ],
          [
            112.154789,
            -8.2183195
          ],
          [
            112.1548683,
            -8.218165
          ],
          [
            112.1549231,
            -8.218058
          ],
          [
            112.1550786,
            -8.2176917
          ],
          [
            112.1551377,
            -8.2175351
          ],
          [
            112.1551511,
            -8.2174275
          ],
          [
            112.1551417,
            -8.2173267
          ],
          [
            112.1551269,
            -8.2172377
          ],
          [
            112.1550062,
            -8.2169975
          ],
          [
            112.1549861,
            -8.2169271
          ],
          [
            112.1549767,
            -8.2168462
          ],
          [
            112.1549928,
            -8.2167758
          ],
          [
            112.1553093,
            -8.216225
          ],
          [
            112.1553697,
            -8.216109
          ],
          [
            112.1556687,
            -8.2155348
          ],
          [
            112.1558887,
            -8.2151352
          ],
          [
            112.1559772,
            -8.2150224
          ],
          [
            112.1561059,
            -8.2149003
          ],
          [
            112.1563259,
            -8.2147363
          ],
          [
            112.156629,
            -8.2145446
          ],
          [
            112.1567497,
            -8.2144968
          ],
          [
            112.1568824,
            -8.2144702
          ],
          [
            112.1573894,
            -8.214514
          ],
          [
            112.1575248,
            -8.2145008
          ],
          [
            112.1576227,
            -8.2144822
          ],
          [
            112.1577582,
            -8.2144304
          ],
          [
            112.15784,
            -8.2143707
          ],
          [
            112.15795,
            -8.2142393
          ],
          [
            112.1580103,
            -8.2141278
          ],
          [
            112.1580492,
            -8.2139725
          ],
          [
            112.1580126,
            -8.2135028
          ],
          [
            112.1580197,
            -8.2134137
          ],
          [
            112.1580452,
            -8.2133168
          ],
          [
            112.158135,
            -8.2131216
          ],
          [
            112.1581551,
            -8.2130473
          ],
          [
            112.1582262,
            -8.2124965
          ],
          [
            112.1583161,
            -8.2116204
          ],
          [
            112.1583268,
            -8.2115036
          ],
          [
            112.1583268,
            -8.2114425
          ],
          [
            112.1583201,
            -8.2113908
          ],
          [
            112.1579285,
            -8.2102333
          ],
          [
            112.1575894,
            -8.2088193
          ],
          [
            112.1575651,
            -8.2086471
          ],
          [
            112.1575516,
            -8.2084135
          ],
          [
            112.1575718,
            -8.2079702
          ],
          [
            112.1575597,
            -8.2075308
          ],
          [
            112.1575651,
            -8.2072746
          ],
          [
            112.1576133,
            -8.2069189
          ],
          [
            112.1576415,
            -8.2068193
          ],
          [
            112.1576831,
            -8.2067145
          ],
          [
            112.1577367,
            -8.2066282
          ],
          [
            112.1577679,
            -8.2065741
          ],
          [
            112.1579513,
            -8.2064437
          ],
          [
            112.158009,
            -8.2063733
          ],
          [
            112.1580532,
            -8.2062937
          ],
          [
            112.1581243,
            -8.206076
          ],
          [
            112.1582812,
            -8.2051946
          ],
          [
            112.1582973,
            -8.2051163
          ],
          [
            112.1583348,
            -8.2050486
          ],
          [
            112.1584048,
            -8.2049882
          ],
          [
            112.1597621,
            -8.2046676
          ],
          [
            112.1598315,
            -8.2046305
          ],
          [
            112.159906,
            -8.2045452
          ],
          [
            112.1599613,
            -8.2044365
          ],
          [
            112.1599991,
            -8.2042026
          ],
          [
            112.1599578,
            -8.2035824
          ],
          [
            112.159437,
            -8.2026046
          ],
          [
            112.1592981,
            -8.2022766
          ],
          [
            112.1592824,
            -8.2020455
          ],
          [
            112.1593067,
            -8.201923
          ],
          [
            112.1593943,
            -8.2017846
          ],
          [
            112.1595822,
            -8.2016425
          ],
          [
            112.1603365,
            -8.2011395
          ],
          [
            112.16075,
            -8.2007928
          ],
          [
            112.1609899,
            -8.2006241
          ],
          [
            112.1611792,
            -8.200546
          ],
          [
            112.1615296,
            -8.2004679
          ],
          [
            112.1618326,
            -8.2003867
          ],
          [
            112.1620787,
            -8.2002617
          ],
          [
            112.1624199,
            -8.2000922
          ],
          [
            112.1624976,
            -8.2000457
          ],
          [
            112.1631645,
            -8.1997463
          ],
          [
            112.1639407,
            -8.19939
          ],
          [
            112.1643479,
            -8.1992644
          ],
          [
            112.1649825,
            -8.1991311
          ],
          [
            112.1650866,
            -8.199059
          ],
          [
            112.1651638,
            -8.1989971
          ],
          [
            112.165216,
            -8.1989215
          ],
          [
            112.1653012,
            -8.1987247
          ],
          [
            112.1653517,
            -8.1983092
          ],
          [
            112.1653484,
            -8.1979643
          ],
          [
            112.1653454,
            -8.1976595
          ],
          [
            112.1653059,
            -8.1972927
          ],
          [
            112.1652886,
            -8.1969503
          ],
          [
            112.1653202,
            -8.1966129
          ],
          [
            112.1653621,
            -8.1963935
          ],
          [
            112.1654039,
            -8.196175
          ],
          [
            112.1654211,
            -8.196085
          ],
          [
            112.1654668,
            -8.1956918
          ],
          [
            112.1654969,
            -8.1954696
          ],
          [
            112.1655316,
            -8.195304
          ],
          [
            112.1656358,
            -8.1951947
          ],
          [
            112.1658062,
            -8.1951447
          ],
          [
            112.1661092,
            -8.1951541
          ],
          [
            112.1663545,
            -8.1952148
          ],
          [
            112.1667559,
            -8.1953067
          ],
          [
            112.16692,
            -8.1953223
          ],
          [
            112.1670557,
            -8.1952942
          ],
          [
            112.1671995,
            -8.1951954
          ],
          [
            112.1672773,
            -8.1951175
          ],
          [
            112.1673875,
            -8.1949666
          ],
          [
            112.167438,
            -8.1947917
          ],
          [
            112.1674664,
            -8.1943637
          ],
          [
            112.1675169,
            -8.1941169
          ],
          [
            112.16758,
            -8.1939107
          ],
          [
            112.1677346,
            -8.1936389
          ],
          [
            112.1679524,
            -8.1933172
          ],
          [
            112.1683267,
            -8.1928697
          ],
          [
            112.1684143,
            -8.1927856
          ],
          [
            112.1684992,
            -8.1927462
          ],
          [
            112.168754,
            -8.1927357
          ],
          [
            112.1691934,
            -8.1927648
          ],
          [
            112.1693198,
            -8.192806
          ],
          [
            112.1694297,
            -8.1928592
          ],
          [
            112.1696728,
            -8.1930274
          ],
          [
            112.1700026,
            -8.1931823
          ],
          [
            112.1702921,
            -8.1932913
          ],
          [
            112.1711111,
            -8.193466
          ],
          [
            112.1717534,
            -8.1935842
          ],
          [
            112.1719631,
            -8.1936
          ],
          [
            112.1720878,
            -8.193579
          ],
          [
            112.1721993,
            -8.1935107
          ],
          [
            112.1724831,
            -8.1931162
          ],
          [
            112.172714,
            -8.1928246
          ],
          [
            112.1727698,
            -8.1927012
          ],
          [
            112.1728175,
            -8.1923912
          ],
          [
            112.1728812,
            -8.1920812
          ],
          [
            112.1729316,
            -8.1918604
          ],
          [
            112.1729448,
            -8.1916742
          ],
          [
            112.1729394,
            -8.1913195
          ],
          [
            112.1729258,
            -8.1910218
          ],
          [
            112.1729253,
            -8.1904751
          ],
          [
            112.172922,
            -8.1897818
          ],
          [
            112.1729207,
            -8.1889167
          ],
          [
            112.1729474,
            -8.1881952
          ],
          [
            112.1752019,
            -8.1881235
          ],
          [
            112.1760522,
            -8.1881109
          ],
          [
            112.1765238,
            -8.1881034
          ],
          [
            112.1774051,
            -8.1880876
          ],
          [
            112.1788228,
            -8.1880331
          ],
          [
            112.1788833,
            -8.1880313
          ],
          [
            112.1798978,
            -8.188014
          ],
          [
            112.180948,
            -8.1880242
          ],
          [
            112.1816332,
            -8.1880605
          ],
          [
            112.1835842,
            -8.1882577
          ],
          [
            112.1858315,
            -8.1884853
          ],
          [
            112.1867028,
            -8.1885878
          ],
          [
            112.1877868,
            -8.1886873
          ],
          [
            112.1890545,
            -8.1888328
          ],
          [
            112.1891092,
            -8.1888344
          ],
          [
            112.1891702,
            -8.1888384
          ],
          [
            112.1892158,
            -8.1888317
          ],
          [
            112.1892403,
            -8.1888267
          ],
          [
            112.1892751,
            -8.1888045
          ],
          [
            112.1892832,
            -8.18878
          ],
          [
            112.1892977,
            -8.1886778
          ],
          [
            112.1893696,
            -8.1883077
          ],
          [
            112.1893898,
            -8.1881991
          ],
          [
            112.1894679,
            -8.187627
          ],
          [
            112.1895303,
            -8.187343
          ],
          [
            112.189535,
            -8.1872972
          ],
          [
            112.1896376,
            -8.1866833
          ],
          [
            112.1899344,
            -8.184968
          ],
          [
            112.1900158,
            -8.1845344
          ],
          [
            112.1900238,
            -8.1845126
          ],
          [
            112.1900365,
            -8.1844931
          ],
          [
            112.1900498,
            -8.1844801
          ],
          [
            112.1900694,
            -8.1844711
          ],
          [
            112.1911474,
            -8.1841263
          ],
          [
            112.1912254,
            -8.1840928
          ],
          [
            112.1912874,
            -8.1840509
          ],
          [
            112.1913703,
            -8.1839746
          ],
          [
            112.1914446,
            -8.1838961
          ],
          [
            112.1917488,
            -8.1835156
          ],
          [
            112.1918099,
            -8.1834442
          ],
          [
            112.1923519,
            -8.1827213
          ],
          [
            112.192699,
            -8.182285
          ],
          [
            112.1928908,
            -8.1820439
          ],
          [
            112.1933122,
            -8.1815261
          ],
          [
            112.193395,
            -8.1814488
          ],
          [
            112.1934369,
            -8.1814196
          ],
          [
            112.1934567,
            -8.181408
          ],
          [
            112.1934821,
            -8.1814032
          ],
          [
            112.1954863,
            -8.1811844
          ],
          [
            112.1959964,
            -8.1811133
          ],
          [
            112.1960696,
            -8.181106
          ],
          [
            112.1967481,
            -8.1810451
          ],
          [
            112.1977031,
            -8.1808841
          ],
          [
            112.1977299,
            -8.1808786
          ],
          [
            112.1980284,
            -8.1808692
          ],
          [
            112.1986195,
            -8.1808371
          ],
          [
            112.1994202,
            -8.1808248
          ],
          [
            112.1998977,
            -8.1807955
          ],
          [
            112.2012564,
            -8.1807149
          ]
        ]
      },
      "properties": {
        "id": "osm:way:677307253",
        "name": "Lodoyo Tambakrejo",
        "highway": "secondary",
        "restriction_type": "PROHIBITED_ROAD",
        "metadata": {
          "highway": "secondary",
          "name": "Lodoyo Tambakrejo"
        }
      }
    },
    {
      "type": "Feature",
      "geometry": {
        "type": "LineString",
        "coordinates": [
          [
            112.1577955,
            -8.2064355
          ],
          [
            112.1578224,
            -8.2061623
          ],
          [
            112.1578037,
            -8.2060057
          ],
          [
            112.1577366,
            -8.2056897
          ],
          [
            112.1576794,
            -8.2053986
          ],
          [
            112.1576329,
            -8.2051345
          ],
          [
            112.1575757,
            -8.2045854
          ],
          [
            112.1575686,
            -8.2042986
          ],
          [
            112.1575623,
            -8.2040438
          ],
          [
            112.1575462,
            -8.2037305
          ],
          [
            112.1575167,
            -8.203473
          ],
          [
            112.1574721,
            -8.2032891
          ],
          [
            112.1574591,
            -8.2032513
          ],
          [
            112.1574423,
            -8.2032182
          ],
          [
            112.157396,
            -8.2031491
          ],
          [
            112.1569668,
            -8.2026447
          ],
          [
            112.1565912,
            -8.202225
          ],
          [
            112.1565304,
            -8.2021888
          ],
          [
            112.156476,
            -8.2021722
          ],
          [
            112.1561474,
            -8.2021218
          ],
          [
            112.1560429,
            -8.2021072
          ],
          [
            112.1559496,
            -8.2020812
          ],
          [
            112.1558672,
            -8.2020355
          ],
          [
            112.1558094,
            -8.2019811
          ],
          [
            112.1556687,
            -8.20177
          ],
          [
            112.1554635,
            -8.2013319
          ],
          [
            112.1553173,
            -8.2008846
          ],
          [
            112.1552636,
            -8.2007067
          ],
          [
            112.1552369,
            -8.2006284
          ],
          [
            112.1551934,
            -8.2005634
          ],
          [
            112.1551142,
            -8.2004818
          ],
          [
            112.1549781,
            -8.2003948
          ],
          [
            112.1548654,
            -8.2003284
          ],
          [
            112.1546696,
            -8.2001745
          ],
          [
            112.1543974,
            -8.1999116
          ],
          [
            112.1541657,
            -8.1997335
          ],
          [
            112.1540779,
            -8.1996455
          ],
          [
            112.1540481,
            -8.1995961
          ],
          [
            112.1540232,
            -8.1995413
          ],
          [
            112.1539897,
            -8.1994378
          ],
          [
            112.1539374,
            -8.1992904
          ],
          [
            112.1537738,
            -8.1988126
          ],
          [
            112.1537094,
            -8.1986241
          ],
          [
            112.1536477,
            -8.1984488
          ],
          [
            112.1535592,
            -8.1982099
          ],
          [
            112.15335,
            -8.197732
          ],
          [
            112.1531528,
            -8.1972436
          ],
          [
            112.153008,
            -8.1968918
          ],
          [
            112.1528792,
            -8.1965825
          ],
          [
            112.1526754,
            -8.1962016
          ],
          [
            112.1524957,
            -8.1959228
          ],
          [
            112.1524394,
            -8.1958352
          ],
          [
            112.1523683,
            -8.1957436
          ],
          [
            112.1520987,
            -8.1954688
          ],
          [
            112.1516877,
            -8.1950865
          ],
          [
            112.1515636,
            -8.1949764
          ],
          [
            112.1515019,
            -8.1949014
          ],
          [
            112.1514503,
            -8.1948217
          ],
          [
            112.1514238,
            -8.1947311
          ],
          [
            112.1514168,
            -8.1946565
          ],
          [
            112.1514117,
            -8.1945373
          ],
          [
            112.1514164,
            -8.1944524
          ],
          [
            112.1514332,
            -8.1943644
          ],
          [
            112.1514536,
            -8.194304
          ],
          [
            112.1515522,
            -8.1941554
          ],
          [
            112.1516501,
            -8.1940419
          ],
          [
            112.1518184,
            -8.1938627
          ],
          [
            112.151982,
            -8.1937226
          ],
          [
            112.1522295,
            -8.1935036
          ],
          [
            112.1523999,
            -8.1933348
          ],
          [
            112.1526056,
            -8.1931007
          ],
          [
            112.1528952,
            -8.1927344
          ],
          [
            112.1530543,
            -8.1924845
          ],
          [
            112.1530938,
            -8.1924128
          ],
          [
            112.153125,
            -8.1923192
          ],
          [
            112.1531421,
            -8.1922445
          ],
          [
            112.1531542,
            -8.1921091
          ],
          [
            112.1531662,
            -8.1915251
          ],
          [
            112.1531555,
            -8.1912928
          ],
          [
            112.1530992,
            -8.1908853
          ],
          [
            112.1530831,
            -8.1907299
          ],
          [
            112.1530724,
            -8.1905906
          ],
          [
            112.1530697,
            -8.1904963
          ],
          [
            112.1530589,
            -8.1903861
          ],
          [
            112.1530201,
            -8.1902521
          ],
          [
            112.1529195,
            -8.1900981
          ],
          [
            112.1528444,
            -8.1900105
          ],
          [
            112.1527827,
            -8.1899494
          ],
          [
            112.1527143,
            -8.1898804
          ],
          [
            112.152603,
            -8.189822
          ],
          [
            112.1524675,
            -8.189737
          ],
          [
            112.1522784,
            -8.1896255
          ],
          [
            112.1521296,
            -8.189526
          ],
          [
            112.1519767,
            -8.1893932
          ],
          [
            112.151809,
            -8.1892061
          ],
          [
            112.1516709,
            -8.1890348
          ],
          [
            112.1513517,
            -8.1886193
          ],
          [
            112.1510406,
            -8.1881587
          ],
          [
            112.1508796,
            -8.1878561
          ],
          [
            112.1507522,
            -8.1876171
          ],
          [
            112.1506557,
            -8.1873583
          ],
          [
            112.1505645,
            -8.1870808
          ],
          [
            112.1504304,
            -8.1865154
          ],
          [
            112.1503727,
            -8.1863149
          ],
          [
            112.150303,
            -8.186153
          ],
          [
            112.1500857,
            -8.1857853
          ],
          [
            112.1499134,
            -8.185553
          ],
          [
            112.1498577,
            -8.1854856
          ],
          [
            112.1498115,
            -8.1854431
          ],
          [
            112.1497545,
            -8.1854176
          ],
          [
            112.1496706,
            -8.1854023
          ],
          [
            112.1493608,
            -8.185401
          ],
          [
            112.1490625,
            -8.1853983
          ],
          [
            112.1488455,
            -8.1853887
          ],
          [
            112.1487141,
            -8.1853552
          ],
          [
            112.1486263,
            -8.185316
          ],
          [
            112.1485676,
            -8.1852559
          ],
          [
            112.1485176,
            -8.1851926
          ],
          [
            112.1484962,
            -8.1851395
          ],
          [
            112.1484814,
            -8.1850751
          ],
          [
            112.1484697,
            -8.1849868
          ],
          [
            112.1485019,
            -8.1846636
          ],
          [
            112.1485582,
            -8.1840954
          ],
          [
            112.148585,
            -8.1838034
          ],
          [
            112.1486467,
            -8.1835591
          ],
          [
            112.1487299,
            -8.1830262
          ],
          [
            112.1488251,
            -8.1826777
          ],
          [
            112.1488304,
            -8.1825967
          ],
          [
            112.1488237,
            -8.1825304
          ],
          [
            112.1487983,
            -8.1824627
          ],
          [
            112.1487594,
            -8.1823751
          ],
          [
            112.1486467,
            -8.1821746
          ],
          [
            112.1485341,
            -8.1819277
          ],
          [
            112.1484911,
            -8.1818295
          ],
          [
            112.148463,
            -8.1817233
          ],
          [
            112.1484227,
            -8.1813954
          ],
          [
            112.148475,
            -8.1806401
          ],
          [
            112.1485381,
            -8.180129
          ],
          [
            112.1485502,
            -8.1799352
          ],
          [
            112.1485502,
            -8.1798316
          ],
          [
            112.148522,
            -8.1797069
          ],
          [
            112.1483168,
            -8.1790139
          ],
          [
            112.1482404,
            -8.1787179
          ],
          [
            112.1482109,
            -8.1785135
          ],
          [
            112.1481679,
            -8.1782413
          ],
          [
            112.1481569,
            -8.177995
          ],
          [
            112.1481693,
            -8.1778776
          ],
          [
            112.148196,
            -8.1777581
          ],
          [
            112.1483704,
            -8.1771727
          ],
          [
            112.1485019,
            -8.1766338
          ],
          [
            112.1485113,
            -8.1765143
          ],
          [
            112.1485032,
            -8.1763696
          ],
          [
            112.1484268,
            -8.1759143
          ],
          [
            112.1483691,
            -8.1756939
          ],
          [
            112.148349,
            -8.1755798
          ],
          [
            112.1483302,
            -8.1754258
          ],
          [
            112.1483061,
            -8.1752054
          ],
          [
            112.1480539,
            -8.174251
          ],
          [
            112.1480164,
            -8.1741448
          ],
          [
            112.1479815,
            -8.1740651
          ],
          [
            112.1478293,
            -8.1738607
          ],
          [
            112.1477113,
            -8.1736855
          ],
          [
            112.1476113,
            -8.1734731
          ],
          [
            112.1475546,
            -8.1732515
          ],
          [
            112.1475376,
            -8.173023
          ],
          [
            112.1475577,
            -8.1726301
          ],
          [
            112.1476127,
            -8.1720925
          ],
          [
            112.1476597,
            -8.1719226
          ],
          [
            112.14772,
            -8.171815
          ],
          [
            112.1478796,
            -8.1716371
          ],
          [
            112.1480606,
            -8.1714858
          ],
          [
            112.1481277,
            -8.1714486
          ],
          [
            112.1483624,
            -8.1713079
          ],
          [
            112.1484402,
            -8.1712548
          ],
          [
            112.1485113,
            -8.1711845
          ],
          [
            112.1488009,
            -8.1708433
          ],
          [
            112.1490168,
            -8.1704092
          ],
          [
            112.1492301,
            -8.1699632
          ],
          [
            112.1492569,
            -8.1699161
          ],
          [
            112.149267,
            -8.1698776
          ],
          [
            112.1492636,
            -8.1698324
          ],
          [
            112.149208,
            -8.1697481
          ],
          [
            112.1491818,
            -8.1697295
          ],
          [
            112.1491054,
            -8.1696997
          ],
          [
            112.1490363,
            -8.169695
          ],
          [
            112.1490021,
            -8.169701
          ],
          [
            112.1488553,
            -8.169766
          ],
          [
            112.148526,
            -8.1699008
          ],
          [
            112.1483758,
            -8.1699446
          ],
          [
            112.1482672,
            -8.1699446
          ],
          [
            112.1481746,
            -8.1699161
          ],
          [
            112.1481176,
            -8.1698709
          ],
          [
            112.1480767,
            -8.1698099
          ],
          [
            112.1479373,
            -8.1695848
          ],
          [
            112.1477918,
            -8.1692682
          ],
          [
            112.1477354,
            -8.1691647
          ],
          [
            112.1476744,
            -8.1691123
          ],
          [
            112.1475966,
            -8.1690857
          ],
          [
            112.1474947,
            -8.1690711
          ],
          [
            112.1472774,
            -8.1690731
          ],
          [
            112.1465854,
            -8.1690552
          ],
          [
            112.146458,
            -8.1690525
          ],
          [
            112.1463856,
            -8.1690432
          ],
          [
            112.1463507,
            -8.169014
          ],
          [
            112.1463414,
            -8.168941
          ],
          [
            112.1463467,
            -8.1688202
          ],
          [
            112.1463615,
            -8.1686025
          ],
          [
            112.1463762,
            -8.168252
          ],
          [
            112.1464245,
            -8.1677635
          ],
          [
            112.1465211,
            -8.1669086
          ],
          [
            112.1465693,
            -8.1664188
          ],
          [
            112.1466504,
            -8.1655837
          ],
          [
            112.1466592,
            -8.1654935
          ],
          [
            112.1467598,
            -8.164608
          ]
        ]
      },
      "properties": {
        "id": "osm:way:677307255",
        "name": "Way #677307255",
        "highway": "secondary",
        "restriction_type": "PROHIBITED_ROAD",
        "metadata": {
          "highway": "secondary"
        }
      }
    },
    {
      "type": "Feature",
      "geometry": {
        "type": "LineString",
        "coordinates": [
          [
            111.9896655,
            -7.9742497
          ],
          [
            111.9898331,
            -7.9733466
          ],
          [
            111.9898425,
            -7.9732775
          ],
          [
            111.9900611,
            -7.9721446
          ],
          [
            111.9902059,
            -7.9714433
          ],
          [
            111.9903669,
            -7.9706677
          ],
          [
            111.9904983,
            -7.9699425
          ],
          [
            111.9907102,
            -7.9688295
          ],
          [
            111.9908202,
            -7.968285
          ],
          [
            111.990906,
            -7.9677351
          ],
          [
            111.991016,
            -7.9672437
          ],
          [
            111.9911125,
            -7.9666673
          ],
          [
            111.9911742,
            -7.9662316
          ],
          [
            111.9912547,
            -7.9657402
          ],
          [
            111.9913244,
            -7.965278
          ]
        ]
      },
      "properties": {
        "id": "osm:way:680276001",
        "name": "Way #680276001",
        "highway": "secondary",
        "restriction_type": "PROHIBITED_ROAD",
        "metadata": {
          "designation": "regental_road",
          "highway": "secondary",
          "import": "yes",
          "source": "digitalglobe"
        }
      }
    },
    {
      "type": "Feature",
      "geometry": {
        "type": "LineString",
        "coordinates": [
          [
            111.9913244,
            -7.965278
          ],
          [
            111.99137,
            -7.9649566
          ],
          [
            111.9914451,
            -7.9645714
          ],
          [
            111.9914907,
            -7.9642846
          ],
          [
            111.9915819,
            -7.9636683
          ],
          [
            111.9916557,
            -7.9633236
          ],
          [
            111.9917442,
            -7.962805
          ],
          [
            111.9918448,
            -7.9622551
          ],
          [
            111.9918904,
            -7.9620453
          ],
          [
            111.9919386,
            -7.9617624
          ],
          [
            111.9920661,
            -7.9612683
          ],
          [
            111.9921572,
            -7.9608951
          ],
          [
            111.9922283,
            -7.9605962
          ],
          [
            111.9923289,
            -7.9601712
          ],
          [
            111.992455,
            -7.9596572
          ],
          [
            111.9925757,
            -7.9592455
          ],
          [
            111.9927379,
            -7.9586
          ]
        ]
      },
      "properties": {
        "id": "osm:way:680298145",
        "name": "Way #680298145",
        "highway": "secondary",
        "restriction_type": "PROHIBITED_ROAD",
        "metadata": {
          "designation": "regental_road",
          "highway": "secondary"
        }
      }
    },
    {
      "type": "Feature",
      "geometry": {
        "type": "LineString",
        "coordinates": [
          [
            111.946982,
            -7.945622
          ],
          [
            111.9472799,
            -7.9451259
          ],
          [
            111.9474627,
            -7.9448247
          ],
          [
            111.947705,
            -7.944406
          ],
          [
            111.9479437,
            -7.9440023
          ],
          [
            111.9481158,
            -7.9437174
          ],
          [
            111.9483052,
            -7.9433931
          ],
          [
            111.9484895,
            -7.9430851
          ],
          [
            111.9486183,
            -7.9428753
          ],
          [
            111.9488823,
            -7.9424163
          ],
          [
            111.9491054,
            -7.9420334
          ],
          [
            111.9492829,
            -7.941723
          ],
          [
            111.949384,
            -7.9415383
          ],
          [
            111.9494739,
            -7.941381
          ],
          [
            111.9495823,
            -7.9411929
          ],
          [
            111.9497073,
            -7.9409712
          ],
          [
            111.9498166,
            -7.940776
          ],
          [
            111.9499514,
            -7.9405502
          ],
          [
            111.9500934,
            -7.9403164
          ],
          [
            111.9501565,
            -7.9402028
          ],
          [
            111.9502363,
            -7.9400614
          ],
          [
            111.9503067,
            -7.9399212
          ],
          [
            111.9503845,
            -7.9397731
          ],
          [
            111.9504448,
            -7.9396708
          ],
          [
            111.9505307,
            -7.9395148
          ],
          [
            111.9506011,
            -7.9393873
          ],
          [
            111.9507044,
            -7.9392046
          ],
          [
            111.9508176,
            -7.9389939
          ],
          [
            111.9508396,
            -7.9389529
          ],
          [
            111.9509478,
            -7.9387338
          ],
          [
            111.9510155,
            -7.9385983
          ],
          [
            111.9510839,
            -7.9384462
          ],
          [
            111.951157,
            -7.9382848
          ],
          [
            111.9512308,
            -7.9381228
          ],
          [
            111.9513809,
            -7.9377947
          ],
          [
            111.9514915,
            -7.9375545
          ],
          [
            111.951613,
            -7.9373079
          ],
          [
            111.9516874,
            -7.9371525
          ],
          [
            111.951802,
            -7.9369213
          ],
          [
            111.9519187,
            -7.9366663
          ],
          [
            111.952069,
            -7.9363163
          ],
          [
            111.9521454,
            -7.9361344
          ],
          [
            111.9522118,
            -7.9360016
          ],
          [
            111.9524497,
            -7.935524
          ],
          [
            111.9524988,
            -7.9354215
          ],
          [
            111.9526269,
            -7.9351541
          ],
          [
            111.9527042,
            -7.9349884
          ],
          [
            111.952823,
            -7.934734
          ],
          [
            111.9528575,
            -7.93466
          ],
          [
            111.9529916,
            -7.934399
          ]
        ]
      },
      "properties": {
        "id": "osm:way:682331443",
        "name": "Way #682331443",
        "highway": "secondary",
        "restriction_type": "PROHIBITED_ROAD",
        "metadata": {
          "highway": "secondary"
        }
      }
    },
    {
      "type": "Feature",
      "geometry": {
        "type": "LineString",
        "coordinates": [
          [
            111.9468896,
            -7.9457622
          ],
          [
            111.946982,
            -7.945622
          ]
        ]
      },
      "properties": {
        "id": "osm:way:682331444",
        "name": "Way #682331444",
        "highway": "secondary",
        "restriction_type": "PROHIBITED_ROAD",
        "metadata": {
          "bridge": "yes",
          "highway": "secondary",
          "layer": "1"
        }
      }
    },
    {
      "type": "Feature",
      "geometry": {
        "type": "LineString",
        "coordinates": [
          [
            111.9342779,
            -7.9563414
          ],
          [
            111.9343752,
            -7.9563109
          ],
          [
            111.9345776,
            -7.9562424
          ],
          [
            111.9347607,
            -7.95618
          ],
          [
            111.9348773,
            -7.9561388
          ],
          [
            111.9350275,
            -7.9560817
          ],
          [
            111.9352059,
            -7.9560166
          ],
          [
            111.9355036,
            -7.9559037
          ],
          [
            111.9357978,
            -7.9557795
          ],
          [
            111.9361044,
            -7.9556613
          ],
          [
            111.93638,
            -7.9555591
          ],
          [
            111.9370088,
            -7.9553684
          ],
          [
            111.9372893,
            -7.9552801
          ],
          [
            111.9375064,
            -7.9552077
          ],
          [
            111.9376628,
            -7.9551453
          ],
          [
            111.9377929,
            -7.9550849
          ],
          [
            111.9379351,
            -7.9550185
          ],
          [
            111.9380772,
            -7.9549434
          ],
          [
            111.9382234,
            -7.9548651
          ],
          [
            111.9385217,
            -7.9547043
          ],
          [
            111.938995,
            -7.9544593
          ],
          [
            111.9392265,
            -7.9543351
          ],
          [
            111.9394921,
            -7.954183
          ],
          [
            111.9395555,
            -7.9541418
          ],
          [
            111.9396081,
            -7.9541027
          ],
          [
            111.9396564,
            -7.9540612
          ],
          [
            111.939701,
            -7.9540197
          ],
          [
            111.9397677,
            -7.9539519
          ],
          [
            111.9399541,
            -7.9537427
          ],
          [
            111.9400701,
            -7.9536166
          ],
          [
            111.9401978,
            -7.9534788
          ],
          [
            111.9403096,
            -7.9533587
          ],
          [
            111.9403347,
            -7.9533327
          ],
          [
            111.9405046,
            -7.9531563
          ],
          [
            111.9406834,
            -7.9529704
          ],
          [
            111.9408351,
            -7.9528131
          ],
          [
            111.9409411,
            -7.9527074
          ],
          [
            111.941092,
            -7.952562
          ],
          [
            111.9412764,
            -7.952376
          ],
          [
            111.9415788,
            -7.9520539
          ],
          [
            111.9416687,
            -7.951955
          ],
          [
            111.9417865,
            -7.9518342
          ],
          [
            111.9421012,
            -7.9515087
          ],
          [
            111.9422802,
            -7.9513241
          ],
          [
            111.9424338,
            -7.9511574
          ],
          [
            111.942578,
            -7.9510086
          ],
          [
            111.9427221,
            -7.9508639
          ],
          [
            111.9429434,
            -7.9506368
          ],
          [
            111.9431617,
            -7.9504109
          ],
          [
            111.9434126,
            -7.9501613
          ],
          [
            111.9436586,
            -7.9499229
          ],
          [
            111.9438773,
            -7.9497024
          ],
          [
            111.944025,
            -7.9495463
          ],
          [
            111.9442033,
            -7.9493574
          ],
          [
            111.9445064,
            -7.9490362
          ],
          [
            111.9446728,
            -7.9488549
          ],
          [
            111.9448503,
            -7.9486623
          ],
          [
            111.9449866,
            -7.9485109
          ],
          [
            111.9450312,
            -7.9484574
          ],
          [
            111.9451535,
            -7.948311
          ],
          [
            111.9453661,
            -7.9480547
          ],
          [
            111.9455946,
            -7.9477784
          ],
          [
            111.9457336,
            -7.9476177
          ],
          [
            111.945806,
            -7.9475214
          ],
          [
            111.9458771,
            -7.9474125
          ],
          [
            111.9459971,
            -7.9472232
          ],
          [
            111.9461634,
            -7.9469596
          ],
          [
            111.9463838,
            -7.9466116
          ],
          [
            111.9465939,
            -7.9462621
          ],
          [
            111.9468896,
            -7.9457622
          ]
        ]
      },
      "properties": {
        "id": "osm:way:682588647",
        "name": "Way #682588647",
        "highway": "secondary",
        "restriction_type": "PROHIBITED_ROAD",
        "metadata": {
          "highway": "secondary"
        }
      }
    },
    {
      "type": "Feature",
      "geometry": {
        "type": "LineString",
        "coordinates": [
          [
            112.1441513,
            -8.1461087
          ],
          [
            112.1440749,
            -8.1460929
          ],
          [
            112.1436023,
            -8.1460166
          ],
          [
            112.1431019,
            -8.1459322
          ],
          [
            112.1428887,
            -8.1459016
          ],
          [
            112.1425943,
            -8.1458585
          ],
          [
            112.1423046,
            -8.1458173
          ],
          [
            112.1417682,
            -8.1457377
          ],
          [
            112.1413813,
            -8.1456899
          ],
          [
            112.1408274,
            -8.1456262
          ],
          [
            112.1406524,
            -8.1456122
          ],
          [
            112.140179,
            -8.1455897
          ],
          [
            112.1401577,
            -8.1455853
          ],
          [
            112.1401513,
            -8.1455679
          ],
          [
            112.1401518,
            -8.145545
          ],
          [
            112.1402071,
            -8.1446896
          ],
          [
            112.1402541,
            -8.1441957
          ],
          [
            112.140305,
            -8.143743
          ],
          [
            112.1403701,
            -8.1432982
          ],
          [
            112.1405685,
            -8.142039
          ],
          [
            112.1407433,
            -8.1411102
          ],
          [
            112.1408214,
            -8.1408329
          ],
          [
            112.1408723,
            -8.1406962
          ],
          [
            112.1409313,
            -8.1405727
          ],
          [
            112.1413323,
            -8.1399036
          ]
        ]
      },
      "properties": {
        "id": "osm:way:684502895",
        "name": "Way #684502895",
        "highway": "secondary",
        "restriction_type": "PROHIBITED_ROAD",
        "metadata": {
          "highway": "secondary",
          "import": "yes",
          "source": "digitalglobe"
        }
      }
    },
    {
      "type": "Feature",
      "geometry": {
        "type": "LineString",
        "coordinates": [
          [
            111.9631873,
            -8.148099
          ],
          [
            111.9631679,
            -8.1487677
          ],
          [
            111.9631394,
            -8.1492258
          ],
          [
            111.9630608,
            -8.1502874
          ],
          [
            111.9630446,
            -8.1504047
          ],
          [
            111.962942,
            -8.1518159
          ],
          [
            111.9629416,
            -8.1518345
          ],
          [
            111.9629413,
            -8.1518465
          ]
        ]
      },
      "properties": {
        "id": "osm:way:685157250",
        "name": "Way #685157250",
        "highway": "secondary",
        "restriction_type": "PROHIBITED_ROAD",
        "metadata": {
          "highway": "secondary"
        }
      }
    },
    {
      "type": "Feature",
      "geometry": {
        "type": "LineString",
        "coordinates": [
          [
            112.1302332,
            -7.9474594
          ],
          [
            112.130203,
            -7.9476675
          ]
        ]
      },
      "properties": {
        "id": "osm:way:719127148",
        "name": "Way #719127148",
        "highway": "secondary",
        "restriction_type": "PROHIBITED_ROAD",
        "metadata": {
          "bridge": "yes",
          "highway": "secondary",
          "layer": "1",
          "source": "Bing"
        }
      }
    },
    {
      "type": "Feature",
      "geometry": {
        "type": "LineString",
        "coordinates": [
          [
            112.1258758,
            -7.9256108
          ],
          [
            112.1258746,
            -7.9256183
          ],
          [
            112.1258654,
            -7.9256769
          ],
          [
            112.1258064,
            -7.9260574
          ],
          [
            112.1257976,
            -7.9261252
          ],
          [
            112.1258023,
            -7.9261916
          ],
          [
            112.1258211,
            -7.9262447
          ],
          [
            112.125858,
            -7.9262952
          ],
          [
            112.1259157,
            -7.9263271
          ],
          [
            112.1266243,
            -7.9266185
          ],
          [
            112.1270822,
            -7.9268117
          ],
          [
            112.1280285,
            -7.9271824
          ],
          [
            112.129532,
            -7.9277888
          ],
          [
            112.1305525,
            -7.9281993
          ],
          [
            112.1319688,
            -7.9287648
          ],
          [
            112.1318505,
            -7.9291248
          ],
          [
            112.1318166,
            -7.92923
          ],
          [
            112.1317944,
            -7.929311
          ],
          [
            112.131777,
            -7.929398
          ],
          [
            112.1317643,
            -7.9295076
          ],
          [
            112.1317656,
            -7.9295992
          ],
          [
            112.1317705,
            -7.9296683
          ],
          [
            112.1319339,
            -7.9309619
          ],
          [
            112.1319706,
            -7.9312364
          ],
          [
            112.1321083,
            -7.9322652
          ],
          [
            112.132132,
            -7.9324833
          ],
          [
            112.1322414,
            -7.9334143
          ],
          [
            112.132293,
            -7.9340238
          ],
          [
            112.1323483,
            -7.9347649
          ],
          [
            112.1323322,
            -7.9350293
          ],
          [
            112.1323536,
            -7.9354224
          ],
          [
            112.1323684,
            -7.9359803
          ],
          [
            112.1323872,
            -7.937885
          ],
          [
            112.1324234,
            -7.9387643
          ],
          [
            112.1324515,
            -7.939548
          ],
          [
            112.1324904,
            -7.9403582
          ],
          [
            112.1324971,
            -7.9406664
          ],
          [
            112.1324998,
            -7.9408802
          ],
          [
            112.1324931,
            -7.9409865
          ],
          [
            112.1324757,
            -7.9410914
          ],
          [
            112.1324489,
            -7.9412561
          ],
          [
            112.1323791,
            -7.9414912
          ],
          [
            112.1322624,
            -7.9418578
          ],
          [
            112.1319781,
            -7.9427145
          ],
          [
            112.1313525,
            -7.9448017
          ],
          [
            112.13103,
            -7.9454507
          ],
          [
            112.130648,
            -7.9462592
          ],
          [
            112.1303892,
            -7.9468897
          ],
          [
            112.1303232,
            -7.9470472
          ],
          [
            112.1302682,
            -7.9472425
          ],
          [
            112.1302332,
            -7.9474594
          ]
        ]
      },
      "properties": {
        "id": "osm:way:719127149",
        "name": "Way #719127149",
        "highway": "secondary",
        "restriction_type": "PROHIBITED_ROAD",
        "metadata": {
          "highway": "secondary",
          "source": "Bing"
        }
      }
    },
    {
      "type": "Feature",
      "geometry": {
        "type": "LineString",
        "coordinates": [
          [
            112.1887745,
            -7.9834089
          ],
          [
            112.1887048,
            -7.9833663
          ],
          [
            112.1884521,
            -7.9827776
          ],
          [
            112.1882599,
            -7.9823111
          ],
          [
            112.1880632,
            -7.9818152
          ],
          [
            112.1880551,
            -7.9817948
          ],
          [
            112.1878607,
            -7.9813409
          ],
          [
            112.187829,
            -7.9812837
          ]
        ]
      },
      "properties": {
        "id": "osm:way:725066628",
        "name": "Way #725066628",
        "highway": "secondary",
        "restriction_type": "PROHIBITED_ROAD",
        "metadata": {
          "highway": "secondary",
          "oneway": "yes"
        }
      }
    },
    {
      "type": "Feature",
      "geometry": {
        "type": "LineString",
        "coordinates": [
          [
            112.1865691,
            -8.0119816
          ],
          [
            112.1865302,
            -8.0118727
          ],
          [
            112.1864098,
            -8.011515
          ],
          [
            112.1861875,
            -8.0108315
          ],
          [
            112.1859688,
            -8.0100578
          ],
          [
            112.1858436,
            -8.0089538
          ],
          [
            112.1857705,
            -8.0078864
          ],
          [
            112.1857068,
            -8.0070361
          ],
          [
            112.1856415,
            -8.0062511
          ],
          [
            112.1856039,
            -8.0057745
          ]
        ]
      },
      "properties": {
        "id": "osm:way:725076103",
        "name": "Way #725076103",
        "highway": "secondary",
        "restriction_type": "PROHIBITED_ROAD",
        "metadata": {
          "highway": "secondary",
          "source": "Bing"
        }
      }
    },
    {
      "type": "Feature",
      "geometry": {
        "type": "LineString",
        "coordinates": [
          [
            112.1866007,
            -8.0120772
          ],
          [
            112.1865691,
            -8.0119816
          ]
        ]
      },
      "properties": {
        "id": "osm:way:725076104",
        "name": "Way #725076104",
        "highway": "secondary",
        "restriction_type": "PROHIBITED_ROAD",
        "metadata": {
          "bridge": "yes",
          "highway": "secondary",
          "layer": "1",
          "source": "Bing"
        }
      }
    },
    {
      "type": "Feature",
      "geometry": {
        "type": "LineString",
        "coordinates": [
          [
            112.1888059,
            -8.016428
          ],
          [
            112.1887216,
            -8.016291
          ],
          [
            112.1886344,
            -8.016125
          ],
          [
            112.1884802,
            -8.0157944
          ],
          [
            112.1881744,
            -8.0151715
          ],
          [
            112.1880068,
            -8.0148594
          ],
          [
            112.1878537,
            -8.0145866
          ],
          [
            112.1878364,
            -8.0145532
          ],
          [
            112.1873808,
            -8.0137007
          ]
        ]
      },
      "properties": {
        "id": "osm:way:725811984",
        "name": "Way #725811984",
        "highway": "secondary",
        "restriction_type": "PROHIBITED_ROAD",
        "metadata": {
          "highway": "secondary",
          "source": "Bing"
        }
      }
    },
    {
      "type": "Feature",
      "geometry": {
        "type": "LineString",
        "coordinates": [
          [
            112.1888698,
            -8.0165028
          ],
          [
            112.1888059,
            -8.016428
          ]
        ]
      },
      "properties": {
        "id": "osm:way:725811985",
        "name": "Way #725811985",
        "highway": "secondary",
        "restriction_type": "PROHIBITED_ROAD",
        "metadata": {
          "bridge": "yes",
          "highway": "secondary",
          "layer": "1",
          "source": "Bing"
        }
      }
    },
    {
      "type": "Feature",
      "geometry": {
        "type": "LineString",
        "coordinates": [
          [
            112.1873624,
            -8.0136649
          ],
          [
            112.1870621,
            -8.0130839
          ],
          [
            112.1868668,
            -8.0127001
          ],
          [
            112.1866636,
            -8.0122388
          ],
          [
            112.1866007,
            -8.0120772
          ]
        ]
      },
      "properties": {
        "id": "osm:way:726894681",
        "name": "Way #726894681",
        "highway": "secondary",
        "restriction_type": "PROHIBITED_ROAD",
        "metadata": {
          "highway": "secondary",
          "source": "Bing"
        }
      }
    },
    {
      "type": "Feature",
      "geometry": {
        "type": "LineString",
        "coordinates": [
          [
            112.1873808,
            -8.0137007
          ],
          [
            112.1873624,
            -8.0136649
          ]
        ]
      },
      "properties": {
        "id": "osm:way:726894682",
        "name": "Way #726894682",
        "highway": "secondary",
        "restriction_type": "PROHIBITED_ROAD",
        "metadata": {
          "highway": "secondary",
          "source": "Bing"
        }
      }
    },
    {
      "type": "Feature",
      "geometry": {
        "type": "LineString",
        "coordinates": [
          [
            112.1888021,
            -8.0170599
          ],
          [
            112.1889106,
            -8.0167557
          ],
          [
            112.1889268,
            -8.0166907
          ],
          [
            112.1889311,
            -8.0166147
          ],
          [
            112.1889234,
            -8.0165825
          ],
          [
            112.1889073,
            -8.0165506
          ],
          [
            112.1888698,
            -8.0165028
          ]
        ]
      },
      "properties": {
        "id": "osm:way:726929598",
        "name": "Way #726929598",
        "highway": "secondary",
        "restriction_type": "PROHIBITED_ROAD",
        "metadata": {
          "highway": "secondary",
          "source": "Bing"
        }
      }
    },
    {
      "type": "Feature",
      "geometry": {
        "type": "LineString",
        "coordinates": [
          [
            112.1887873,
            -8.0171024
          ],
          [
            112.1888021,
            -8.0170599
          ]
        ]
      },
      "properties": {
        "id": "osm:way:726929599",
        "name": "Way #726929599",
        "highway": "secondary",
        "restriction_type": "PROHIBITED_ROAD",
        "metadata": {
          "bridge": "yes",
          "highway": "secondary",
          "layer": "1",
          "source": "Bing"
        }
      }
    },
    {
      "type": "Feature",
      "geometry": {
        "type": "LineString",
        "coordinates": [
          [
            112.1890616,
            -8.0667279
          ],
          [
            112.1895599,
            -8.0670634
          ]
        ]
      },
      "properties": {
        "id": "osm:way:727440163",
        "name": "Jalan Mayor Jenderal D.I. Panjaitan",
        "highway": "secondary",
        "restriction_type": "PROHIBITED_ROAD",
        "metadata": {
          "designation": "city_road",
          "highway": "secondary",
          "name": "Jalan Mayor Jenderal D.I. Panjaitan",
          "name:etymology:wikidata": "Q4250996",
          "name:etymology:wikipedia": "id:D.I. Pandjaitan",
          "source": "Bing"
        }
      }
    },
    {
      "type": "Feature",
      "geometry": {
        "type": "LineString",
        "coordinates": [
          [
            112.18904,
            -8.066714
          ],
          [
            112.1890616,
            -8.0667279
          ]
        ]
      },
      "properties": {
        "id": "osm:way:727440164",
        "name": "Jalan Mayor Jenderal D.I. Panjaitan",
        "highway": "secondary",
        "restriction_type": "PROHIBITED_ROAD",
        "metadata": {
          "bridge": "yes",
          "designation": "city_road",
          "highway": "secondary",
          "layer": "1",
          "name": "Jalan Mayor Jenderal D.I. Panjaitan",
          "name:etymology:wikidata": "Q4250996",
          "name:etymology:wikipedia": "id:D.I. Pandjaitan",
          "source": "Bing"
        }
      }
    },
    {
      "type": "Feature",
      "geometry": {
        "type": "LineString",
        "coordinates": [
          [
            112.188355,
            -8.0663187
          ],
          [
            112.1884128,
            -8.0663474
          ],
          [
            112.1884975,
            -8.0663862
          ],
          [
            112.1885561,
            -8.0664188
          ],
          [
            112.1886144,
            -8.0664503
          ],
          [
            112.1890281,
            -8.0667078
          ],
          [
            112.18904,
            -8.066714
          ]
        ]
      },
      "properties": {
        "id": "osm:way:727440167",
        "name": "Jalan Mayor Jenderal D.I. Panjaitan",
        "highway": "secondary",
        "restriction_type": "PROHIBITED_ROAD",
        "metadata": {
          "designation": "city_road",
          "highway": "secondary",
          "name": "Jalan Mayor Jenderal D.I. Panjaitan",
          "name:etymology:wikidata": "Q4250996",
          "name:etymology:wikipedia": "id:D.I. Pandjaitan",
          "source": "Bing"
        }
      }
    },
    {
      "type": "Feature",
      "geometry": {
        "type": "LineString",
        "coordinates": [
          [
            112.1870242,
            -8.0658561
          ],
          [
            112.1870777,
            -8.0658739
          ]
        ]
      },
      "properties": {
        "id": "osm:way:727440168",
        "name": "Jalan Mayor Jenderal D.I. Panjaitan",
        "highway": "secondary",
        "restriction_type": "PROHIBITED_ROAD",
        "metadata": {
          "bridge": "yes",
          "designation": "city_road",
          "highway": "secondary",
          "layer": "1",
          "name": "Jalan Mayor Jenderal D.I. Panjaitan",
          "name:etymology:wikidata": "Q4250996",
          "name:etymology:wikipedia": "id:D.I. Pandjaitan",
          "source": "Bing"
        }
      }
    },
    {
      "type": "Feature",
      "geometry": {
        "type": "LineString",
        "coordinates": [
          [
            112.1335553,
            -7.9772712
          ],
          [
            112.1335579,
            -7.977392
          ]
        ]
      },
      "properties": {
        "id": "osm:way:727460296",
        "name": "Way #727460296",
        "highway": "secondary",
        "restriction_type": "PROHIBITED_ROAD",
        "metadata": {
          "bridge": "yes",
          "highway": "secondary",
          "layer": "1",
          "source": "Bing"
        }
      }
    },
    {
      "type": "Feature",
      "geometry": {
        "type": "LineString",
        "coordinates": [
          [
            112.1184551,
            -8.0727465
          ],
          [
            112.1185255,
            -8.0728691
          ]
        ]
      },
      "properties": {
        "id": "osm:way:731146666",
        "name": "Jalan Raya Kediri - Blitar",
        "highway": "primary",
        "restriction_type": "PROHIBITED_ROAD",
        "metadata": {
          "bridge": "yes",
          "designation": "provincial_road",
          "highway": "primary",
          "layer": "1",
          "name": "Jalan Raya Kediri - Blitar",
          "oneway": "no",
          "ref": "010",
          "reg_ref": "35-010",
          "source": "GPS",
          "width": "10"
        }
      }
    },
    {
      "type": "Feature",
      "geometry": {
        "type": "LineString",
        "coordinates": [
          [
            112.1185255,
            -8.0728691
          ],
          [
            112.1185648,
            -8.0729483
          ],
          [
            112.1186415,
            -8.0731706
          ],
          [
            112.1187267,
            -8.0735869
          ],
          [
            112.1187736,
            -8.0737913
          ],
          [
            112.1189775,
            -8.074517
          ],
          [
            112.1192685,
            -8.0755965
          ],
          [
            112.1193529,
            -8.07589
          ],
          [
            112.1195729,
            -8.0765711
          ],
          [
            112.119691,
            -8.076996
          ],
          [
            112.1197674,
            -8.0774291
          ],
          [
            112.1198103,
            -8.0775842
          ],
          [
            112.1199739,
            -8.0782614
          ],
          [
            112.1200477,
            -8.0785867
          ],
          [
            112.1201013,
            -8.0788576
          ],
          [
            112.1201965,
            -8.0793183
          ],
          [
            112.1204728,
            -8.080581
          ],
          [
            112.1205577,
            -8.0809484
          ],
          [
            112.1206109,
            -8.0811507
          ],
          [
            112.1206538,
            -8.0813684
          ],
          [
            112.1207206,
            -8.081653
          ],
          [
            112.1208825,
            -8.0823435
          ],
          [
            112.1209856,
            -8.0827086
          ],
          [
            112.1210299,
            -8.0829183
          ],
          [
            112.1211125,
            -8.0833734
          ],
          [
            112.1211836,
            -8.0837345
          ],
          [
            112.1212202,
            -8.0838809
          ],
          [
            112.121283,
            -8.0840275
          ],
          [
            112.1213259,
            -8.0840786
          ],
          [
            112.1214469,
            -8.0841679
          ]
        ]
      },
      "properties": {
        "id": "osm:way:731146667",
        "name": "Jalan Raya Kediri - Blitar",
        "highway": "primary",
        "restriction_type": "PROHIBITED_ROAD",
        "metadata": {
          "designation": "provincial_road",
          "highway": "primary",
          "name": "Jalan Raya Kediri - Blitar",
          "oneway": "no",
          "ref": "010",
          "reg_ref": "35-010",
          "source": "GPS",
          "width": "10"
        }
      }
    },
    {
      "type": "Feature",
      "geometry": {
        "type": "LineString",
        "coordinates": [
          [
            112.0268838,
            -7.965371
          ],
          [
            112.0268972,
            -7.9657256
          ],
          [
            112.026916,
            -7.9659368
          ],
          [
            112.0269375,
            -7.9661466
          ],
          [
            112.0269763,
            -7.9664601
          ],
          [
            112.0270649,
            -7.9669688
          ],
          [
            112.0271306,
            -7.9673313
          ],
          [
            112.027325,
            -7.968294
          ],
          [
            112.0273496,
            -7.968495
          ],
          [
            112.0273542,
            -7.9685325
          ]
        ]
      },
      "properties": {
        "id": "osm:way:731527746",
        "name": "Jalan Raya Kediri - Blitar",
        "highway": "primary",
        "restriction_type": "PROHIBITED_ROAD",
        "metadata": {
          "designation": "provincial_road",
          "highway": "primary",
          "name": "Jalan Raya Kediri - Blitar",
          "oneway": "no",
          "ref": "012",
          "reg_ref": "35-012",
          "source": "GPS"
        }
      }
    },
    {
      "type": "Feature",
      "geometry": {
        "type": "LineString",
        "coordinates": [
          [
            112.0268851,
            -7.965047
          ],
          [
            112.0268838,
            -7.965371
          ]
        ]
      },
      "properties": {
        "id": "osm:way:731527747",
        "name": "Jalan Raya Kediri - Blitar",
        "highway": "primary",
        "restriction_type": "PROHIBITED_ROAD",
        "metadata": {
          "bridge": "yes",
          "designation": "provincial_road",
          "highway": "primary",
          "layer": "1",
          "name": "Jalan Raya Kediri - Blitar",
          "oneway": "no",
          "ref": "012",
          "reg_ref": "35-012",
          "source": "GPS"
        }
      }
    },
    {
      "type": "Feature",
      "geometry": {
        "type": "LineString",
        "coordinates": [
          [
            112.0273653,
            -7.9686396
          ],
          [
            112.0274739,
            -7.96922
          ],
          [
            112.0275799,
            -7.9697125
          ],
          [
            112.0276764,
            -7.9700607
          ],
          [
            112.027773,
            -7.9703914
          ],
          [
            112.0279111,
            -7.9707886
          ],
          [
            112.0280412,
            -7.9711113
          ],
          [
            112.028296,
            -7.9716465
          ],
          [
            112.0284951,
            -7.9720301
          ],
          [
            112.0285374,
            -7.9721114
          ],
          [
            112.0290966,
            -7.9732881
          ],
          [
            112.0295164,
            -7.9740531
          ],
          [
            112.0296867,
            -7.9743347
          ],
          [
            112.0299724,
            -7.9748234
          ],
          [
            112.0302044,
            -7.9751781
          ],
          [
            112.0304431,
            -7.9755433
          ],
          [
            112.0305839,
            -7.9757558
          ],
          [
            112.0308776,
            -7.9761224
          ],
          [
            112.0315267,
            -7.9769033
          ],
          [
            112.0316434,
            -7.9770428
          ],
          [
            112.0319545,
            -7.977408
          ],
          [
            112.0320216,
            -7.9774824
          ],
          [
            112.0322188,
            -7.9777208
          ],
          [
            112.0325218,
            -7.9780973
          ],
          [
            112.0327793,
            -7.9784267
          ],
          [
            112.032951,
            -7.9786604
          ],
          [
            112.0330261,
            -7.9787706
          ],
          [
            112.0331736,
            -7.9790137
          ],
          [
            112.0334307,
            -7.9794054
          ],
          [
            112.0336913,
            -7.979857
          ],
          [
            112.0338334,
            -7.9801134
          ],
          [
            112.0339653,
            -7.9803389
          ],
          [
            112.0340145,
            -7.9804334
          ],
          [
            112.0340829,
            -7.9806008
          ],
          [
            112.0342451,
            -7.9809766
          ],
          [
            112.0344141,
            -7.981403
          ],
          [
            112.0344691,
            -7.981569
          ],
          [
            112.0345402,
            -7.9817562
          ],
          [
            112.0346864,
            -7.9822184
          ],
          [
            112.0347024,
            -7.9822981
          ],
          [
            112.0347132,
            -7.9823751
          ],
          [
            112.0347172,
            -7.9824734
          ],
          [
            112.0347193,
            -7.9825061
          ],
          [
            112.0347453,
            -7.9829066
          ],
          [
            112.0347363,
            -7.9836667
          ],
          [
            112.0347574,
            -7.9841083
          ],
          [
            112.0347936,
            -7.984527
          ],
          [
            112.0348298,
            -7.9848361
          ],
          [
            112.03485,
            -7.9849796
          ],
          [
            112.0348781,
            -7.9851018
          ],
          [
            112.0349552,
            -7.9853338
          ],
          [
            112.0351502,
            -7.9857458
          ],
          [
            112.0353287,
            -7.9861005
          ],
          [
            112.035528,
            -7.9865148
          ],
          [
            112.0356627,
            -7.9867553
          ],
          [
            112.0359027,
            -7.9872254
          ],
          [
            112.0361062,
            -7.9876032
          ],
          [
            112.0363312,
            -7.9880194
          ],
          [
            112.0364486,
            -7.9882612
          ],
          [
            112.0366577,
            -7.9886716
          ],
          [
            112.0367905,
            -7.988916
          ],
          [
            112.0368804,
            -7.9890688
          ],
          [
            112.0369461,
            -7.9892135
          ],
          [
            112.0370319,
            -7.9894074
          ],
          [
            112.0370856,
            -7.9895721
          ],
          [
            112.0371178,
            -7.9896717
          ],
          [
            112.0371982,
            -7.9900011
          ],
          [
            112.0372331,
            -7.9901671
          ],
          [
            112.0372464,
            -7.990265
          ],
          [
            112.0372438,
            -7.9903057
          ]
        ]
      },
      "properties": {
        "id": "osm:way:731527749",
        "name": "Jalan Raya Sambi",
        "highway": "primary",
        "restriction_type": "PROHIBITED_ROAD",
        "metadata": {
          "designation": "provincial_road",
          "highway": "primary",
          "name": "Jalan Raya Sambi",
          "oneway": "no",
          "ref": "012",
          "reg_ref": "35-012",
          "source": "GPS"
        }
      }
    },
    {
      "type": "Feature",
      "geometry": {
        "type": "LineString",
        "coordinates": [
          [
            112.0273542,
            -7.9685325
          ],
          [
            112.0273653,
            -7.9686396
          ]
        ]
      },
      "properties": {
        "id": "osm:way:731527750",
        "name": "Jalan Raya Kediri - Blitar",
        "highway": "primary",
        "restriction_type": "PROHIBITED_ROAD",
        "metadata": {
          "bridge": "yes",
          "designation": "provincial_road",
          "highway": "primary",
          "layer": "1",
          "name": "Jalan Raya Kediri - Blitar",
          "oneway": "no",
          "ref": "012",
          "reg_ref": "35-012",
          "source": "GPS"
        }
      }
    },
    {
      "type": "Feature",
      "geometry": {
        "type": "LineString",
        "coordinates": [
          [
            112.1650169,
            -8.1040606
          ],
          [
            112.1652401,
            -8.104103
          ],
          [
            112.1653305,
            -8.1041202
          ],
          [
            112.1653933,
            -8.1041321
          ],
          [
            112.1662019,
            -8.1042856
          ],
          [
            112.1664192,
            -8.1043269
          ],
          [
            112.1668868,
            -8.1044156
          ],
          [
            112.1676692,
            -8.1045642
          ],
          [
            112.1678344,
            -8.1045956
          ]
        ]
      },
      "properties": {
        "id": "osm:way:732231988",
        "name": "Jalan Melati",
        "highway": "secondary",
        "restriction_type": "PROHIBITED_ROAD",
        "metadata": {
          "hgv": "no",
          "highway": "secondary",
          "lanes": "2",
          "name": "Jalan Melati",
          "oneway": "no",
          "source": "GPS",
          "surface": "asphalt"
        }
      }
    },
    {
      "type": "Feature",
      "geometry": {
        "type": "LineString",
        "coordinates": [
          [
            112.16487,
            -8.1040327
          ],
          [
            112.1650169,
            -8.1040606
          ]
        ]
      },
      "properties": {
        "id": "osm:way:732231989",
        "name": "Jalan Melati",
        "highway": "secondary",
        "restriction_type": "PROHIBITED_ROAD",
        "metadata": {
          "bridge": "yes",
          "hgv": "no",
          "highway": "secondary",
          "lanes": "2",
          "layer": "1",
          "name": "Jalan Melati",
          "oneway": "no",
          "source": "GPS",
          "surface": "asphalt"
        }
      }
    },
    {
      "type": "Feature",
      "geometry": {
        "type": "LineString",
        "coordinates": [
          [
            112.1687945,
            -8.0992194
          ],
          [
            112.1686457,
            -8.0992095
          ],
          [
            112.1685738,
            -8.099237
          ],
          [
            112.1681251,
            -8.0992135
          ],
          [
            112.1678735,
            -8.0992003
          ]
        ]
      },
      "properties": {
        "id": "osm:way:732231998",
        "name": "Jalan Merdeka",
        "highway": "primary",
        "restriction_type": "PROHIBITED_ROAD",
        "metadata": {
          "designation": "city_road",
          "highway": "primary",
          "name": "Jalan Merdeka",
          "oneway": "yes",
          "source": "GPS",
          "surface": "asphalt"
        }
      }
    },
    {
      "type": "Feature",
      "geometry": {
        "type": "LineString",
        "coordinates": [
          [
            112.1678735,
            -8.0992003
          ],
          [
            112.167653,
            -8.0991776
          ],
          [
            112.1676021,
            -8.0991454
          ],
          [
            112.1674005,
            -8.0991329
          ],
          [
            112.1672399,
            -8.0991225
          ],
          [
            112.1671729,
            -8.0991421
          ],
          [
            112.1671348,
            -8.0991433
          ],
          [
            112.1670465,
            -8.0991365
          ]
        ]
      },
      "properties": {
        "id": "osm:way:732231999",
        "name": "Jalan Merdeka",
        "highway": "primary",
        "restriction_type": "PROHIBITED_ROAD",
        "metadata": {
          "designation": "city_road",
          "highway": "primary",
          "lanes": "1",
          "name": "Jalan Merdeka",
          "oneway": "yes",
          "surface": "asphalt"
        }
      }
    },
    {
      "type": "Feature",
      "geometry": {
        "type": "LineString",
        "coordinates": [
          [
            112.1729985,
            -8.097982
          ],
          [
            112.1721773,
            -8.0978679
          ],
          [
            112.1716974,
            -8.0977787
          ]
        ]
      },
      "properties": {
        "id": "osm:way:732232000",
        "name": "Jalan Sultan Agung",
        "highway": "secondary",
        "restriction_type": "PROHIBITED_ROAD",
        "metadata": {
          "designation": "city_road",
          "highway": "secondary",
          "name": "Jalan Sultan Agung",
          "surface": "asphalt"
        }
      }
    },
    {
      "type": "Feature",
      "geometry": {
        "type": "LineString",
        "coordinates": [
          [
            112.1730769,
            -8.0979979
          ],
          [
            112.1729985,
            -8.097982
          ]
        ]
      },
      "properties": {
        "id": "osm:way:732232001",
        "name": "Jalan Sultan Agung",
        "highway": "secondary",
        "restriction_type": "PROHIBITED_ROAD",
        "metadata": {
          "bridge": "yes",
          "designation": "city_road",
          "highway": "secondary",
          "layer": "1",
          "name": "Jalan Sultan Agung",
          "surface": "asphalt"
        }
      }
    },
    {
      "type": "Feature",
      "geometry": {
        "type": "LineString",
        "coordinates": [
          [
            112.1702747,
            -8.1108017
          ],
          [
            112.1703082,
            -8.1108123
          ]
        ]
      },
      "properties": {
        "id": "osm:way:732246469",
        "name": "Jalan Bali",
        "highway": "trunk",
        "restriction_type": "PROHIBITED_ROAD",
        "metadata": {
          "bridge": "yes",
          "highway": "trunk",
          "lanes": "2",
          "layer": "1",
          "name": "Jalan Bali",
          "oneway": "no",
          "ref": "3",
          "source": "GPS"
        }
      }
    },
    {
      "type": "Feature",
      "geometry": {
        "type": "LineString",
        "coordinates": [
          [
            112.1671385,
            -8.109613
          ],
          [
            112.167203,
            -8.1096376
          ],
          [
            112.1679143,
            -8.1099167
          ],
          [
            112.1683236,
            -8.110067
          ],
          [
            112.1686472,
            -8.1101843
          ],
          [
            112.1695508,
            -8.1105397
          ],
          [
            112.169895,
            -8.1106346
          ],
          [
            112.1702747,
            -8.1108017
          ]
        ]
      },
      "properties": {
        "id": "osm:way:732246470",
        "name": "Jalan Bali",
        "highway": "trunk",
        "restriction_type": "PROHIBITED_ROAD",
        "metadata": {
          "highway": "trunk",
          "lanes": "2",
          "name": "Jalan Bali",
          "oneway": "no",
          "ref": "3",
          "source": "GPS"
        }
      }
    },
    {
      "type": "Feature",
      "geometry": {
        "type": "LineString",
        "coordinates": [
          [
            112.1725854,
            -8.099564
          ],
          [
            112.1727658,
            -8.099576
          ]
        ]
      },
      "properties": {
        "id": "osm:way:732246477",
        "name": "Jalan Ahmad Yani",
        "highway": "primary",
        "restriction_type": "PROHIBITED_ROAD",
        "metadata": {
          "bridge": "yes",
          "designation": "city_road",
          "highway": "primary",
          "lanes": "2",
          "layer": "1",
          "name": "Jalan Ahmad Yani",
          "name:etymology:wikidata": "Q2992817",
          "name:etymology:wikipedia": "id:Ahmad Yani",
          "oneway": "no",
          "source": "GPS"
        }
      }
    },
    {
      "type": "Feature",
      "geometry": {
        "type": "LineString",
        "coordinates": [
          [
            112.1713552,
            -8.0994545
          ],
          [
            112.1716103,
            -8.0994756
          ],
          [
            112.1719856,
            -8.0995139
          ],
          [
            112.1724797,
            -8.0995552
          ],
          [
            112.1725854,
            -8.099564
          ]
        ]
      },
      "properties": {
        "id": "osm:way:732246478",
        "name": "Jalan Ahmad Yani",
        "highway": "primary",
        "restriction_type": "PROHIBITED_ROAD",
        "metadata": {
          "designation": "city_road",
          "highway": "primary",
          "lanes": "2",
          "name": "Jalan Ahmad Yani",
          "name:etymology:wikidata": "Q2992817",
          "name:etymology:wikipedia": "id:Ahmad Yani",
          "oneway": "no",
          "source": "GPS"
        }
      }
    },
    {
      "type": "Feature",
      "geometry": {
        "type": "LineString",
        "coordinates": [
          [
            112.1678344,
            -8.1045956
          ],
          [
            112.1677998,
            -8.1047642
          ],
          [
            112.167761,
            -8.1049697
          ],
          [
            112.1675821,
            -8.1059174
          ],
          [
            112.1675209,
            -8.1061811
          ],
          [
            112.1674377,
            -8.1065606
          ],
          [
            112.1673028,
            -8.1071762
          ],
          [
            112.1671746,
            -8.1077081
          ],
          [
            112.16711,
            -8.1080471
          ],
          [
            112.1669387,
            -8.1088429
          ]
        ]
      },
      "properties": {
        "id": "osm:way:732246496",
        "name": "Jalan Veteran",
        "highway": "primary",
        "restriction_type": "PROHIBITED_ROAD",
        "metadata": {
          "designation": "city_road",
          "highway": "primary",
          "lanes": "2",
          "name": "Jalan Veteran",
          "oneway": "no",
          "source": "GPS"
        }
      }
    },
    {
      "type": "Feature",
      "geometry": {
        "type": "LineString",
        "coordinates": [
          [
            112.17835,
            -8.1000041
          ],
          [
            112.1783653,
            -8.0999208
          ]
        ]
      },
      "properties": {
        "id": "osm:way:732246502",
        "name": "Jalan Dokter Sutomo",
        "highway": "secondary",
        "restriction_type": "PROHIBITED_ROAD",
        "metadata": {
          "bridge": "yes",
          "designation": "city_road",
          "highway": "secondary",
          "layer": "1",
          "name": "Jalan Dokter Sutomo",
          "name:etymology:wikidata": "Q2249375",
          "name:etymology:wikipedia": "id:Soetomo"
        }
      }
    },
    {
      "type": "Feature",
      "geometry": {
        "type": "LineString",
        "coordinates": [
          [
            112.1783421,
            -8.1000727
          ],
          [
            112.17835,
            -8.1000041
          ]
        ]
      },
      "properties": {
        "id": "osm:way:732246503",
        "name": "Jalan Dokter Sutomo",
        "highway": "secondary",
        "restriction_type": "PROHIBITED_ROAD",
        "metadata": {
          "designation": "city_road",
          "highway": "secondary",
          "name": "Jalan Dokter Sutomo",
          "name:etymology:wikidata": "Q2249375",
          "name:etymology:wikipedia": "id:Soetomo"
        }
      }
    },
    {
      "type": "Feature",
      "geometry": {
        "type": "LineString",
        "coordinates": [
          [
            112.1722722,
            -8.1085109
          ],
          [
            112.172214,
            -8.108704
          ]
        ]
      },
      "properties": {
        "id": "osm:way:732247586",
        "name": "Jalan Sumatra",
        "highway": "secondary",
        "restriction_type": "PROHIBITED_ROAD",
        "metadata": {
          "bridge": "yes",
          "designation": "city_road",
          "highway": "secondary",
          "layer": "1",
          "name": "Jalan Sumatra",
          "source": "GPS"
        }
      }
    },
    {
      "type": "Feature",
      "geometry": {
        "type": "LineString",
        "coordinates": [
          [
            112.1729898,
            -8.1056834
          ],
          [
            112.172678,
            -8.107016
          ],
          [
            112.1725154,
            -8.1076325
          ],
          [
            112.1723945,
            -8.1080889
          ],
          [
            112.1723342,
            -8.1082968
          ],
          [
            112.1722722,
            -8.1085109
          ]
        ]
      },
      "properties": {
        "id": "osm:way:732247587",
        "name": "Jalan Sumatra",
        "highway": "secondary",
        "restriction_type": "PROHIBITED_ROAD",
        "metadata": {
          "designation": "city_road",
          "highway": "secondary",
          "name": "Jalan Sumatra",
          "source": "GPS",
          "surface": "asphalt"
        }
      }
    },
    {
      "type": "Feature",
      "geometry": {
        "type": "LineString",
        "coordinates": [
          [
            112.1626183,
            -8.1168732
          ],
          [
            112.1626761,
            -8.1167713
          ]
        ]
      },
      "properties": {
        "id": "osm:way:732248741",
        "name": "Jalan Kenari",
        "highway": "trunk",
        "restriction_type": "PROHIBITED_ROAD",
        "metadata": {
          "bridge": "yes",
          "highway": "trunk",
          "layer": "1",
          "name": "Jalan Kenari",
          "oneway": "no",
          "ref": "3",
          "source": "GPS"
        }
      }
    },
    {
      "type": "Feature",
      "geometry": {
        "type": "LineString",
        "coordinates": [
          [
            112.1583194,
            -8.1248205
          ],
          [
            112.1583737,
            -8.1247329
          ],
          [
            112.1584596,
            -8.1245882
          ],
          [
            112.1585588,
            -8.124409
          ],
          [
            112.158709,
            -8.1241315
          ],
          [
            112.1587962,
            -8.1239835
          ],
          [
            112.1588785,
            -8.123833
          ],
          [
            112.1589839,
            -8.1236403
          ],
          [
            112.1590075,
            -8.1235942
          ],
          [
            112.1590649,
            -8.1234753
          ],
          [
            112.1591321,
            -8.1233502
          ],
          [
            112.1592213,
            -8.1231822
          ],
          [
            112.159344,
            -8.1229506
          ],
          [
            112.1595794,
            -8.1225051
          ],
          [
            112.1597763,
            -8.1221279
          ],
          [
            112.1599878,
            -8.1217172
          ],
          [
            112.1602605,
            -8.1212077
          ],
          [
            112.1604732,
            -8.1208104
          ],
          [
            112.1610747,
            -8.1197383
          ],
          [
            112.1612927,
            -8.119346
          ],
          [
            112.1613787,
            -8.1191825
          ],
          [
            112.1614878,
            -8.1189716
          ],
          [
            112.1616202,
            -8.1187133
          ],
          [
            112.1617064,
            -8.1185534
          ],
          [
            112.1618966,
            -8.1182038
          ],
          [
            112.1620229,
            -8.1179801
          ],
          [
            112.1621018,
            -8.1178314
          ],
          [
            112.1622321,
            -8.1176277
          ],
          [
            112.1623984,
            -8.11731
          ],
          [
            112.1625498,
            -8.117053
          ],
          [
            112.1626183,
            -8.1168732
          ]
        ]
      },
      "properties": {
        "id": "osm:way:732248742",
        "name": "Jalan Kenari",
        "highway": "trunk",
        "restriction_type": "PROHIBITED_ROAD",
        "metadata": {
          "highway": "trunk",
          "name": "Jalan Kenari",
          "oneway": "no",
          "ref": "3",
          "source": "GPS"
        }
      }
    },
    {
      "type": "Feature",
      "geometry": {
        "type": "LineString",
        "coordinates": [
          [
            112.162976,
            -8.1004419
          ],
          [
            112.1624854,
            -8.1003404
          ],
          [
            112.161679,
            -8.1001648
          ],
          [
            112.1612238,
            -8.1000479
          ],
          [
            112.1603764,
            -8.0998303
          ]
        ]
      },
      "properties": {
        "id": "osm:way:732270631",
        "name": "Jalan Mastrip",
        "highway": "secondary",
        "restriction_type": "PROHIBITED_ROAD",
        "metadata": {
          "highway": "secondary",
          "lanes": "1",
          "maxspeed": "60",
          "name": "Jalan Mastrip",
          "oneway:4wd": "yes",
          "source": "GPS",
          "surface": "asphalt"
        }
      }
    },
    {
      "type": "Feature",
      "geometry": {
        "type": "LineString",
        "coordinates": [
          [
            112.1680847,
            -8.1017162
          ],
          [
            112.167897,
            -8.1016684
          ]
        ]
      },
      "properties": {
        "id": "osm:way:733126854",
        "name": "Jalan Mastrip",
        "highway": "secondary",
        "restriction_type": "PROHIBITED_ROAD",
        "metadata": {
          "bridge": "yes",
          "highway": "secondary",
          "lanes": "2",
          "layer": "1",
          "name": "Jalan Mastrip",
          "oneway:4wd": "yes",
          "source": "GPS",
          "surface": "asphalt"
        }
      }
    },
    {
      "type": "Feature",
      "geometry": {
        "type": "LineString",
        "coordinates": [
          [
            112.1684216,
            -8.1017926
          ],
          [
            112.1682613,
            -8.1017613
          ],
          [
            112.1680847,
            -8.1017162
          ]
        ]
      },
      "properties": {
        "id": "osm:way:733126855",
        "name": "Jalan Mastrip",
        "highway": "secondary",
        "restriction_type": "PROHIBITED_ROAD",
        "metadata": {
          "highway": "secondary",
          "lanes": "2",
          "name": "Jalan Mastrip",
          "oneway:4wd": "yes",
          "source": "GPS",
          "surface": "asphalt"
        }
      }
    },
    {
      "type": "Feature",
      "geometry": {
        "type": "LineString",
        "coordinates": [
          [
            112.169124,
            -8.1019672
          ],
          [
            112.1693265,
            -8.1020243
          ]
        ]
      },
      "properties": {
        "id": "osm:way:733126861",
        "name": "Jalan Tentara Genie Pelajar",
        "highway": "secondary",
        "restriction_type": "PROHIBITED_ROAD",
        "metadata": {
          "bridge": "yes",
          "highway": "secondary",
          "layer": "1",
          "name": "Jalan Tentara Genie Pelajar",
          "oneway": "yes",
          "source": "GPS",
          "surface": "asphalt"
        }
      }
    },
    {
      "type": "Feature",
      "geometry": {
        "type": "LineString",
        "coordinates": [
          [
            112.1684216,
            -8.1017926
          ],
          [
            112.169124,
            -8.1019672
          ]
        ]
      },
      "properties": {
        "id": "osm:way:733126862",
        "name": "Jalan Tentara Genie Pelajar",
        "highway": "secondary",
        "restriction_type": "PROHIBITED_ROAD",
        "metadata": {
          "highway": "secondary",
          "name": "Jalan Tentara Genie Pelajar",
          "oneway": "yes",
          "source": "GPS",
          "surface": "asphalt"
        }
      }
    },
    {
      "type": "Feature",
      "geometry": {
        "type": "LineString",
        "coordinates": [
          [
            112.1834638,
            -8.1154945
          ],
          [
            112.1836872,
            -8.1155285
          ]
        ]
      },
      "properties": {
        "id": "osm:way:734372216",
        "name": "Jalan Raya Blitar - Kanigoro",
        "highway": "secondary",
        "restriction_type": "PROHIBITED_ROAD",
        "metadata": {
          "bridge": "yes",
          "highway": "secondary",
          "layer": "1",
          "name": "Jalan Raya Blitar - Kanigoro",
          "source": "GPS"
        }
      }
    },
    {
      "type": "Feature",
      "geometry": {
        "type": "LineString",
        "coordinates": [
          [
            112.1786007,
            -8.1138059
          ],
          [
            112.178646,
            -8.1138233
          ],
          [
            112.1791631,
            -8.1140093
          ],
          [
            112.1794827,
            -8.1141282
          ],
          [
            112.1795462,
            -8.1141528
          ],
          [
            112.1802663,
            -8.1144067
          ],
          [
            112.1804395,
            -8.1144686
          ],
          [
            112.1809165,
            -8.1146438
          ],
          [
            112.1810165,
            -8.1146819
          ],
          [
            112.1813844,
            -8.1148219
          ],
          [
            112.1814094,
            -8.1148324
          ],
          [
            112.1815374,
            -8.1148755
          ],
          [
            112.1818225,
            -8.1149768
          ],
          [
            112.1827302,
            -8.1152941
          ],
          [
            112.1829821,
            -8.1153769
          ],
          [
            112.1832574,
            -8.1154392
          ],
          [
            112.1834638,
            -8.1154945
          ]
        ]
      },
      "properties": {
        "id": "osm:way:734372217",
        "name": "Jalan Raya Blitar - Kanigoro",
        "highway": "secondary",
        "restriction_type": "PROHIBITED_ROAD",
        "metadata": {
          "highway": "secondary",
          "name": "Jalan Raya Blitar - Kanigoro",
          "source": "GPS"
        }
      }
    },
    {
      "type": "Feature",
      "geometry": {
        "type": "LineString",
        "coordinates": [
          [
            112.1798287,
            -8.0633727
          ],
          [
            112.1799619,
            -8.0634443
          ]
        ]
      },
      "properties": {
        "id": "osm:way:734706340",
        "name": "Jalan Mayor Jenderal D.I. Panjaitan",
        "highway": "secondary",
        "restriction_type": "PROHIBITED_ROAD",
        "metadata": {
          "bridge": "yes",
          "designation": "city_road",
          "highway": "secondary",
          "layer": "1",
          "name": "Jalan Mayor Jenderal D.I. Panjaitan",
          "name:etymology:wikidata": "Q4250996",
          "name:etymology:wikipedia": "id:D.I. Pandjaitan",
          "source": "Bing;survey;local knowledge",
          "surface": "asphalt"
        }
      }
    },
    {
      "type": "Feature",
      "geometry": {
        "type": "LineString",
        "coordinates": [
          [
            112.177947,
            -8.0624454
          ],
          [
            112.1788658,
            -8.0629002
          ],
          [
            112.1795065,
            -8.0632102
          ],
          [
            112.1798287,
            -8.0633727
          ]
        ]
      },
      "properties": {
        "id": "osm:way:734706341",
        "name": "Jalan Mayor Jenderal D.I. Panjaitan",
        "highway": "secondary",
        "restriction_type": "PROHIBITED_ROAD",
        "metadata": {
          "designation": "city_road",
          "highway": "secondary",
          "name": "Jalan Mayor Jenderal D.I. Panjaitan",
          "name:etymology:wikidata": "Q4250996",
          "name:etymology:wikipedia": "id:D.I. Pandjaitan",
          "source": "Bing;survey;local knowledge",
          "surface": "asphalt"
        }
      }
    },
    {
      "type": "Feature",
      "geometry": {
        "type": "LineString",
        "coordinates": [
          [
            112.1815909,
            -8.0323343
          ],
          [
            112.1816248,
            -8.0322201
          ]
        ]
      },
      "properties": {
        "id": "osm:way:735394135",
        "name": "Jalan Ciliwung",
        "highway": "secondary",
        "restriction_type": "PROHIBITED_ROAD",
        "metadata": {
          "bridge": "yes",
          "highway": "secondary",
          "layer": "1",
          "name": "Jalan Ciliwung",
          "source": "Bing;local knowledge"
        }
      }
    },
    {
      "type": "Feature",
      "geometry": {
        "type": "LineString",
        "coordinates": [
          [
            112.1816248,
            -8.0322201
          ],
          [
            112.1816688,
            -8.032045
          ],
          [
            112.1816862,
            -8.0319518
          ],
          [
            112.1816942,
            -8.0317367
          ],
          [
            112.1816999,
            -8.031671
          ],
          [
            112.1817201,
            -8.0315884
          ],
          [
            112.1817566,
            -8.0314877
          ],
          [
            112.1818087,
            -8.0313687
          ],
          [
            112.1819631,
            -8.0310677
          ],
          [
            112.1820831,
            -8.0308337
          ],
          [
            112.1823467,
            -8.0302624
          ],
          [
            112.1825518,
            -8.0297985
          ],
          [
            112.1831468,
            -8.0287865
          ],
          [
            112.1839981,
            -8.0274436
          ],
          [
            112.1841477,
            -8.0271693
          ],
          [
            112.1844575,
            -8.026559
          ],
          [
            112.1848889,
            -8.0256774
          ],
          [
            112.1853872,
            -8.0247
          ],
          [
            112.1859469,
            -8.0235737
          ],
          [
            112.1864457,
            -8.022506
          ],
          [
            112.1866979,
            -8.0219695
          ],
          [
            112.1867414,
            -8.0218665
          ],
          [
            112.1869252,
            -8.0214311
          ],
          [
            112.1872554,
            -8.0206659
          ],
          [
            112.1875342,
            -8.0200197
          ],
          [
            112.187859,
            -8.0193449
          ],
          [
            112.1880899,
            -8.0188355
          ],
          [
            112.188323,
            -8.0183087
          ],
          [
            112.1886628,
            -8.0174627
          ],
          [
            112.1887873,
            -8.0171024
          ]
        ]
      },
      "properties": {
        "id": "osm:way:735394136",
        "name": "Jalan Ciliwung",
        "highway": "secondary",
        "restriction_type": "PROHIBITED_ROAD",
        "metadata": {
          "highway": "secondary",
          "name": "Jalan Ciliwung",
          "source": "Bing;local knowledge"
        }
      }
    },
    {
      "type": "Feature",
      "geometry": {
        "type": "LineString",
        "coordinates": [
          [
            112.2114097,
            -8.0151423
          ],
          [
            112.2111679,
            -8.0151504
          ],
          [
            112.2105595,
            -8.0151914
          ],
          [
            112.2103925,
            -8.0151948
          ],
          [
            112.2102966,
            -8.0151868
          ],
          [
            112.2102564,
            -8.0151803
          ],
          [
            112.2102239,
            -8.0151732
          ],
          [
            112.2101778,
            -8.0151587
          ],
          [
            112.2101323,
            -8.0151383
          ],
          [
            112.2099942,
            -8.0150746
          ],
          [
            112.2090608,
            -8.0146426
          ],
          [
            112.2088852,
            -8.0145011
          ],
          [
            112.2088087,
            -8.0143973
          ],
          [
            112.2087483,
            -8.0142964
          ],
          [
            112.2087228,
            -8.0142054
          ],
          [
            112.2087134,
            -8.0141078
          ],
          [
            112.2087255,
            -8.0139922
          ],
          [
            112.2087684,
            -8.0138741
          ],
          [
            112.2088899,
            -8.0135856
          ],
          [
            112.2099302,
            -8.0113263
          ],
          [
            112.2100297,
            -8.010988
          ],
          [
            112.2100368,
            -8.0109548
          ],
          [
            112.2100348,
            -8.0109202
          ],
          [
            112.210025,
            -8.0108874
          ],
          [
            112.2099999,
            -8.0108552
          ],
          [
            112.2095677,
            -8.0105075
          ],
          [
            112.2089904,
            -8.0100844
          ],
          [
            112.2087336,
            -8.0099376
          ],
          [
            112.2079982,
            -8.0096666
          ],
          [
            112.2077115,
            -8.0095721
          ],
          [
            112.2073428,
            -8.0093736
          ],
          [
            112.2070782,
            -8.009162
          ],
          [
            112.206783,
            -8.0089118
          ],
          [
            112.2063824,
            -8.008561
          ],
          [
            112.2061244,
            -8.008326
          ],
          [
            112.205536,
            -8.0078179
          ],
          [
            112.2052876,
            -8.0075945
          ],
          [
            112.2048418,
            -8.0072042
          ],
          [
            112.2047419,
            -8.0071109
          ],
          [
            112.2042006,
            -8.0066936
          ],
          [
            112.2038003,
            -8.0063186
          ],
          [
            112.2037652,
            -8.0062858
          ],
          [
            112.2030776,
            -8.0054678
          ],
          [
            112.2023971,
            -8.0045884
          ],
          [
            112.2019898,
            -8.0040547
          ],
          [
            112.2019106,
            -8.0039574
          ],
          [
            112.2015718,
            -8.0035069
          ],
          [
            112.2013776,
            -8.0032711
          ],
          [
            112.2007281,
            -8.0024609
          ],
          [
            112.200631,
            -8.0023634
          ],
          [
            112.2005052,
            -8.0023478
          ],
          [
            112.1993636,
            -8.0023119
          ],
          [
            112.1978773,
            -8.0022472
          ],
          [
            112.1959346,
            -8.00216
          ],
          [
            112.1948907,
            -8.002113
          ],
          [
            112.1938518,
            -8.0020704
          ],
          [
            112.1930327,
            -8.0020493
          ]
        ]
      },
      "properties": {
        "id": "osm:way:736387507",
        "name": "Jalan Insinyur Soekarno",
        "highway": "secondary",
        "restriction_type": "PROHIBITED_ROAD",
        "metadata": {
          "highway": "secondary",
          "lanes": "2",
          "name": "Jalan Insinyur Soekarno",
          "name:etymology:wikidata": "Q76127",
          "name:etymology:wikipedia": "id:Sukarno",
          "surface": "asphalt"
        }
      }
    },
    {
      "type": "Feature",
      "geometry": {
        "type": "LineString",
        "coordinates": [
          [
            112.1491578,
            -8.0871623
          ],
          [
            112.1486828,
            -8.0887406
          ],
          [
            112.1486182,
            -8.0889554
          ],
          [
            112.1485943,
            -8.0890402
          ],
          [
            112.1485583,
            -8.0891682
          ],
          [
            112.1485158,
            -8.0893056
          ],
          [
            112.1482821,
            -8.0901483
          ],
          [
            112.1481666,
            -8.0905734
          ]
        ]
      },
      "properties": {
        "id": "osm:way:736396804",
        "name": "Jalan Bengawan Solo",
        "highway": "secondary",
        "restriction_type": "PROHIBITED_ROAD",
        "metadata": {
          "designation": "city_road",
          "highway": "secondary",
          "name": "Jalan Bengawan Solo",
          "oneway": "no",
          "source": "GPS",
          "surface": "asphalt"
        }
      }
    },
    {
      "type": "Feature",
      "geometry": {
        "type": "LineString",
        "coordinates": [
          [
            112.1216401,
            -8.0843003
          ],
          [
            112.1217977,
            -8.084413
          ],
          [
            112.1219419,
            -8.0845186
          ],
          [
            112.1220183,
            -8.084583
          ],
          [
            112.1220988,
            -8.0846607
          ],
          [
            112.1223743,
            -8.0849483
          ],
          [
            112.1225005,
            -8.0850743
          ],
          [
            112.122662,
            -8.0852507
          ],
          [
            112.1227334,
            -8.0853224
          ],
          [
            112.1228186,
            -8.0854145
          ],
          [
            112.1231972,
            -8.0858928
          ],
          [
            112.1233763,
            -8.0860727
          ],
          [
            112.1234889,
            -8.0861929
          ],
          [
            112.1235828,
            -8.0862912
          ],
          [
            112.1241112,
            -8.0868
          ],
          [
            112.1242368,
            -8.0869378
          ],
          [
            112.1247138,
            -8.0874612
          ],
          [
            112.1251023,
            -8.087858
          ],
          [
            112.1254,
            -8.0881377
          ],
          [
            112.1259473,
            -8.0886207
          ]
        ]
      },
      "properties": {
        "id": "osm:way:737471846",
        "name": "Jalan Raya Kediri - Blitar",
        "highway": "primary",
        "restriction_type": "PROHIBITED_ROAD",
        "metadata": {
          "designation": "provincial_road",
          "highway": "primary",
          "name": "Jalan Raya Kediri - Blitar",
          "oneway": "no",
          "ref": "010",
          "reg_ref": "35-010",
          "source": "GPS",
          "width": "10"
        }
      }
    },
    {
      "type": "Feature",
      "geometry": {
        "type": "LineString",
        "coordinates": [
          [
            112.1214469,
            -8.0841679
          ],
          [
            112.1216401,
            -8.0843003
          ]
        ]
      },
      "properties": {
        "id": "osm:way:737471847",
        "name": "Jalan Raya Kediri - Blitar",
        "highway": "primary",
        "restriction_type": "PROHIBITED_ROAD",
        "metadata": {
          "bridge": "yes",
          "designation": "provincial_road",
          "highway": "primary",
          "layer": "1",
          "name": "Jalan Raya Kediri - Blitar",
          "oneway": "no",
          "ref": "010",
          "reg_ref": "35-010",
          "source": "GPS",
          "width": "10"
        }
      }
    },
    {
      "type": "Feature",
      "geometry": {
        "type": "LineString",
        "coordinates": [
          [
            112.1895599,
            -8.0670634
          ],
          [
            112.1890029,
            -8.0677046
          ],
          [
            112.1889541,
            -8.0677661
          ],
          [
            112.1886137,
            -8.0682619
          ],
          [
            112.1885746,
            -8.0683168
          ],
          [
            112.1881187,
            -8.0689813
          ],
          [
            112.1874949,
            -8.0697959
          ],
          [
            112.1870226,
            -8.070447
          ],
          [
            112.1869427,
            -8.0705831
          ],
          [
            112.1862385,
            -8.0720925
          ],
          [
            112.1857543,
            -8.0730946
          ],
          [
            112.185697,
            -8.0732111
          ],
          [
            112.1853197,
            -8.0741629
          ],
          [
            112.1852292,
            -8.0744116
          ],
          [
            112.1849267,
            -8.075052
          ],
          [
            112.1845482,
            -8.0758494
          ],
          [
            112.1841919,
            -8.0764571
          ],
          [
            112.1839584,
            -8.0767581
          ],
          [
            112.1837724,
            -8.0769738
          ],
          [
            112.1833679,
            -8.0773664
          ],
          [
            112.1833472,
            -8.0773865
          ],
          [
            112.1826868,
            -8.0780288
          ],
          [
            112.181882,
            -8.0788323
          ],
          [
            112.1817982,
            -8.0789042
          ],
          [
            112.1815157,
            -8.0791861
          ],
          [
            112.1814951,
            -8.0792062
          ],
          [
            112.1811179,
            -8.0795749
          ],
          [
            112.1806914,
            -8.0799918
          ],
          [
            112.1800567,
            -8.0806235
          ],
          [
            112.1797292,
            -8.0808996
          ],
          [
            112.1791819,
            -8.0813646
          ],
          [
            112.1791391,
            -8.081401
          ],
          [
            112.1789087,
            -8.0815968
          ],
          [
            112.1785828,
            -8.0818756
          ],
          [
            112.1784957,
            -8.0819487
          ],
          [
            112.1776017,
            -8.0827597
          ],
          [
            112.1775624,
            -8.0827985
          ],
          [
            112.1769822,
            -8.0833717
          ]
        ]
      },
      "properties": {
        "id": "osm:way:737758281",
        "name": "Jalan Insinyur Soekarno",
        "highway": "secondary",
        "restriction_type": "PROHIBITED_ROAD",
        "metadata": {
          "highway": "secondary",
          "lanes": "2",
          "name": "Jalan Insinyur Soekarno",
          "name:etymology:wikidata": "Q76127",
          "name:etymology:wikipedia": "id:Sukarno",
          "source": "GPS;Bing",
          "surface": "asphalt"
        }
      }
    },
    {
      "type": "Feature",
      "geometry": {
        "type": "LineString",
        "coordinates": [
          [
            112.161962,
            -8.1034805
          ],
          [
            112.1620553,
            -8.1034982
          ],
          [
            112.162542,
            -8.1035906
          ],
          [
            112.1637383,
            -8.1038178
          ],
          [
            112.1637866,
            -8.103827
          ],
          [
            112.1641799,
            -8.1039017
          ],
          [
            112.1646807,
            -8.1039968
          ],
          [
            112.16487,
            -8.1040327
          ]
        ]
      },
      "properties": {
        "id": "osm:way:737770774",
        "name": "Jalan Melati",
        "highway": "secondary",
        "restriction_type": "PROHIBITED_ROAD",
        "metadata": {
          "hgv": "no",
          "highway": "secondary",
          "name": "Jalan Melati",
          "oneway": "no",
          "source": "GPS",
          "surface": "asphalt"
        }
      }
    },
    {
      "type": "Feature",
      "geometry": {
        "type": "LineString",
        "coordinates": [
          [
            112.1618034,
            -8.1034504
          ],
          [
            112.161962,
            -8.1034805
          ]
        ]
      },
      "properties": {
        "id": "osm:way:737770775",
        "name": "Jalan Melati",
        "highway": "secondary",
        "restriction_type": "PROHIBITED_ROAD",
        "metadata": {
          "bridge": "yes",
          "hgv": "no",
          "highway": "secondary",
          "layer": "1",
          "name": "Jalan Melati",
          "oneway": "no",
          "source": "GPS",
          "surface": "asphalt"
        }
      }
    },
    {
      "type": "Feature",
      "geometry": {
        "type": "LineString",
        "coordinates": [
          [
            112.1737843,
            -8.0951649
          ],
          [
            112.1739496,
            -8.0950965
          ],
          [
            112.174189,
            -8.0949852
          ],
          [
            112.1746627,
            -8.0947837
          ],
          [
            112.1755236,
            -8.0944253
          ],
          [
            112.1756743,
            -8.094367
          ],
          [
            112.1758738,
            -8.0942839
          ]
        ]
      },
      "properties": {
        "id": "osm:way:737774636",
        "name": "Jalan Sudanco Supriyadi",
        "highway": "primary",
        "restriction_type": "PROHIBITED_ROAD",
        "metadata": {
          "bicycle": "yes",
          "cycleway": "lane",
          "designation": "city_road",
          "highway": "primary",
          "lane_markings": "yes",
          "lanes": "2",
          "lit": "yes",
          "maxspeed": "50",
          "name": "Jalan Sudanco Supriyadi",
          "name:etymology:wikidata": "Q7645143",
          "name:etymology:wikipedia": "id:Soeprijadi",
          "oneway": "no",
          "parking:both": "no",
          "surface": "asphalt"
        }
      }
    },
    {
      "type": "Feature",
      "geometry": {
        "type": "LineString",
        "coordinates": [
          [
            112.1734739,
            -8.0953033
          ],
          [
            112.1737843,
            -8.0951649
          ]
        ]
      },
      "properties": {
        "id": "osm:way:737774637",
        "name": "Jalan Sudanco Supriyadi",
        "highway": "primary",
        "restriction_type": "PROHIBITED_ROAD",
        "metadata": {
          "bicycle": "yes",
          "bridge": "yes",
          "designation": "city_road",
          "highway": "primary",
          "lanes": "2",
          "layer": "1",
          "name": "Jalan Sudanco Supriyadi",
          "name:etymology:wikidata": "Q7645143",
          "name:etymology:wikipedia": "id:Soeprijadi",
          "surface": "asphalt"
        }
      }
    },
    {
      "type": "Feature",
      "geometry": {
        "type": "LineString",
        "coordinates": [
          [
            112.128061,
            -8.0898465
          ],
          [
            112.1285964,
            -8.0901456
          ],
          [
            112.1288531,
            -8.0902775
          ],
          [
            112.1291987,
            -8.090455
          ],
          [
            112.1301641,
            -8.0910102
          ],
          [
            112.1302214,
            -8.0910384
          ],
          [
            112.1310728,
            -8.0915056
          ],
          [
            112.1314755,
            -8.0917328
          ],
          [
            112.1316665,
            -8.0918274
          ],
          [
            112.1325835,
            -8.092356
          ],
          [
            112.1329024,
            -8.0925223
          ],
          [
            112.1332895,
            -8.0927253
          ],
          [
            112.1335884,
            -8.0928821
          ],
          [
            112.1340591,
            -8.0931292
          ],
          [
            112.1345082,
            -8.0933737
          ]
        ]
      },
      "properties": {
        "id": "osm:way:737810626",
        "name": "Jalan Raya Kediri - Blitar",
        "highway": "primary",
        "restriction_type": "PROHIBITED_ROAD",
        "metadata": {
          "designation": "provincial_road",
          "highway": "primary",
          "name": "Jalan Raya Kediri - Blitar",
          "oneway": "no",
          "ref": "010",
          "reg_ref": "35-010",
          "source": "GPS",
          "width": "10"
        }
      }
    },
    {
      "type": "Feature",
      "geometry": {
        "type": "LineString",
        "coordinates": [
          [
            112.1259473,
            -8.0886207
          ],
          [
            112.1260289,
            -8.0886885
          ]
        ]
      },
      "properties": {
        "id": "osm:way:737810627",
        "name": "Jalan Raya Kediri - Blitar",
        "highway": "primary",
        "restriction_type": "PROHIBITED_ROAD",
        "metadata": {
          "bridge": "yes",
          "designation": "provincial_road",
          "highway": "primary",
          "layer": "1",
          "name": "Jalan Raya Kediri - Blitar",
          "oneway": "no",
          "ref": "010",
          "reg_ref": "35-010",
          "source": "GPS",
          "width": "10"
        }
      }
    },
    {
      "type": "Feature",
      "geometry": {
        "type": "LineString",
        "coordinates": [
          [
            112.1673912,
            -8.0921103
          ],
          [
            112.1672165,
            -8.0918691
          ]
        ]
      },
      "properties": {
        "id": "osm:way:738082733",
        "name": "Jalan Raung",
        "highway": "primary",
        "restriction_type": "PROHIBITED_ROAD",
        "metadata": {
          "designation": "city_road",
          "highway": "primary",
          "lanes": "2",
          "name": "Jalan Raung",
          "source": "GPS",
          "surface": "asphalt"
        }
      }
    },
    {
      "type": "Feature",
      "geometry": {
        "type": "LineString",
        "coordinates": [
          [
            112.1676557,
            -8.0923795
          ],
          [
            112.1673912,
            -8.0921103
          ]
        ]
      },
      "properties": {
        "id": "osm:way:738082734",
        "name": "Jalan Raung",
        "highway": "primary",
        "restriction_type": "PROHIBITED_ROAD",
        "metadata": {
          "bridge": "yes",
          "designation": "city_road",
          "highway": "primary",
          "lanes": "2",
          "layer": "1",
          "name": "Jalan Raung",
          "source": "GPS",
          "surface": "asphalt"
        }
      }
    },
    {
      "type": "Feature",
      "geometry": {
        "type": "LineString",
        "coordinates": [
          [
            112.1463648,
            -8.0992739
          ],
          [
            112.1462773,
            -8.0992301
          ],
          [
            112.1461154,
            -8.0991491
          ],
          [
            112.1459679,
            -8.0990719
          ],
          [
            112.145815,
            -8.0989926
          ],
          [
            112.1457298,
            -8.0989473
          ],
          [
            112.1455877,
            -8.0988722
          ],
          [
            112.145424,
            -8.0987966
          ],
          [
            112.1452072,
            -8.0986965
          ],
          [
            112.1450472,
            -8.0986226
          ],
          [
            112.1445951,
            -8.0983896
          ],
          [
            112.1442446,
            -8.0982089
          ],
          [
            112.1436498,
            -8.0979023
          ],
          [
            112.1429417,
            -8.0975578
          ],
          [
            112.1428518,
            -8.0975034
          ],
          [
            112.1427908,
            -8.0974263
          ],
          [
            112.1427418,
            -8.0973547
          ],
          [
            112.1426332,
            -8.0972352
          ],
          [
            112.1425688,
            -8.097202
          ],
          [
            112.1424991,
            -8.0971767
          ],
          [
            112.1422952,
            -8.0971409
          ],
          [
            112.1420605,
            -8.0970838
          ],
          [
            112.1419747,
            -8.0970559
          ],
          [
            112.1418446,
            -8.0970015
          ],
          [
            112.1416515,
            -8.0969138
          ],
          [
            112.1414738,
            -8.0968284
          ],
          [
            112.1411578,
            -8.0966766
          ],
          [
            112.1401942,
            -8.0962135
          ],
          [
            112.1393737,
            -8.0957996
          ],
          [
            112.1392268,
            -8.0957255
          ],
          [
            112.1387909,
            -8.0955412
          ],
          [
            112.1386872,
            -8.0954973
          ],
          [
            112.1384823,
            -8.0953988
          ],
          [
            112.1370492,
            -8.0947185
          ],
          [
            112.1364955,
            -8.0944279
          ],
          [
            112.1364508,
            -8.0944044
          ],
          [
            112.1355233,
            -8.0939233
          ],
          [
            112.1353012,
            -8.0937983
          ],
          [
            112.1346858,
            -8.0934702
          ],
          [
            112.1345082,
            -8.0933737
          ]
        ]
      },
      "properties": {
        "id": "osm:way:739700044",
        "name": "Jalan Tanjung",
        "highway": "primary",
        "restriction_type": "PROHIBITED_ROAD",
        "metadata": {
          "designation": "provincial_road",
          "highway": "primary",
          "name": "Jalan Tanjung",
          "ref": "127",
          "reg_ref": "35-127-11K",
          "source": "GPS"
        }
      }
    },
    {
      "type": "Feature",
      "geometry": {
        "type": "LineString",
        "coordinates": [
          [
            112.1464667,
            -8.0993257
          ],
          [
            112.1463648,
            -8.0992739
          ]
        ]
      },
      "properties": {
        "id": "osm:way:739700045",
        "name": "Jalan Tanjung",
        "highway": "primary",
        "restriction_type": "PROHIBITED_ROAD",
        "metadata": {
          "bridge": "yes",
          "designation": "provincial_road",
          "highway": "primary",
          "layer": "1",
          "name": "Jalan Tanjung",
          "ref": "127",
          "reg_ref": "35-127-11K",
          "source": "GPS"
        }
      }
    },
    {
      "type": "Feature",
      "geometry": {
        "type": "LineString",
        "coordinates": [
          [
            112.1499945,
            -8.1010265
          ],
          [
            112.1497967,
            -8.1009561
          ],
          [
            112.1494177,
            -8.1007834
          ],
          [
            112.1493176,
            -8.1007376
          ],
          [
            112.1489987,
            -8.1005998
          ],
          [
            112.1489197,
            -8.1005629
          ],
          [
            112.1484643,
            -8.10035
          ],
          [
            112.1479136,
            -8.1000543
          ],
          [
            112.1477603,
            -8.0999676
          ],
          [
            112.1474619,
            -8.0998181
          ],
          [
            112.1469214,
            -8.0995474
          ],
          [
            112.1464667,
            -8.0993257
          ]
        ]
      },
      "properties": {
        "id": "osm:way:739705813",
        "name": "Jalan Tanjung",
        "highway": "primary",
        "restriction_type": "PROHIBITED_ROAD",
        "metadata": {
          "designation": "provincial_road",
          "highway": "primary",
          "name": "Jalan Tanjung",
          "ref": "127",
          "reg_ref": "35-127-11K",
          "source": "GPS"
        }
      }
    },
    {
      "type": "Feature",
      "geometry": {
        "type": "LineString",
        "coordinates": [
          [
            112.1503452,
            -8.101148
          ],
          [
            112.1499945,
            -8.1010265
          ]
        ]
      },
      "properties": {
        "id": "osm:way:739705814",
        "name": "Jalan Tanjung",
        "highway": "primary",
        "restriction_type": "PROHIBITED_ROAD",
        "metadata": {
          "bridge": "yes",
          "designation": "provincial_road",
          "highway": "primary",
          "layer": "1",
          "name": "Jalan Tanjung",
          "ref": "127",
          "reg_ref": "35-127-11K",
          "source": "GPS"
        }
      }
    },
    {
      "type": "Feature",
      "geometry": {
        "type": "LineString",
        "coordinates": [
          [
            112.1928063,
            -8.1198329
          ],
          [
            112.1928368,
            -8.1198505
          ]
        ]
      },
      "properties": {
        "id": "osm:way:744526585",
        "name": "Jalan Raya Blitar - Kanigoro",
        "highway": "secondary",
        "restriction_type": "PROHIBITED_ROAD",
        "metadata": {
          "bridge": "yes",
          "highway": "secondary",
          "layer": "1",
          "name": "Jalan Raya Blitar - Kanigoro",
          "source": "GPS"
        }
      }
    },
    {
      "type": "Feature",
      "geometry": {
        "type": "LineString",
        "coordinates": [
          [
            112.1836872,
            -8.1155285
          ],
          [
            112.1839164,
            -8.1155548
          ],
          [
            112.1840975,
            -8.1155814
          ],
          [
            112.1842812,
            -8.1156159
          ],
          [
            112.1844502,
            -8.1156438
          ],
          [
            112.1847539,
            -8.1157035
          ],
          [
            112.1851489,
            -8.1157872
          ],
          [
            112.1854682,
            -8.1158712
          ],
          [
            112.1856077,
            -8.1159354
          ],
          [
            112.1857215,
            -8.1159911
          ],
          [
            112.186021,
            -8.1161355
          ],
          [
            112.1860343,
            -8.1161423
          ],
          [
            112.1863934,
            -8.1163262
          ],
          [
            112.1868547,
            -8.116549
          ],
          [
            112.1872719,
            -8.1167842
          ],
          [
            112.1875656,
            -8.1169464
          ],
          [
            112.1879251,
            -8.1171472
          ],
          [
            112.1882086,
            -8.1173107
          ],
          [
            112.1886147,
            -8.117494
          ],
          [
            112.1898523,
            -8.118212
          ],
          [
            112.1899972,
            -8.1182961
          ],
          [
            112.1902117,
            -8.1184143
          ],
          [
            112.1912388,
            -8.1189653
          ],
          [
            112.1917592,
            -8.1192445
          ],
          [
            112.1922205,
            -8.1194914
          ],
          [
            112.1925894,
            -8.1197103
          ],
          [
            112.1927929,
            -8.1198249
          ],
          [
            112.1928063,
            -8.1198329
          ]
        ]
      },
      "properties": {
        "id": "osm:way:744526586",
        "name": "Jalan Raya Blitar - Kanigoro",
        "highway": "secondary",
        "restriction_type": "PROHIBITED_ROAD",
        "metadata": {
          "highway": "secondary",
          "name": "Jalan Raya Blitar - Kanigoro",
          "source": "GPS"
        }
      }
    },
    {
      "type": "Feature",
      "geometry": {
        "type": "LineString",
        "coordinates": [
          [
            112.1882763,
            -8.0662824
          ],
          [
            112.188355,
            -8.0663187
          ]
        ]
      },
      "properties": {
        "id": "osm:way:754140467",
        "name": "Jalan Mayor Jenderal D.I. Panjaitan",
        "highway": "secondary",
        "restriction_type": "PROHIBITED_ROAD",
        "metadata": {
          "bridge": "yes",
          "designation": "city_road",
          "highway": "secondary",
          "layer": "1",
          "name": "Jalan Mayor Jenderal D.I. Panjaitan",
          "name:etymology:wikidata": "Q4250996",
          "name:etymology:wikipedia": "id:D.I. Pandjaitan"
        }
      }
    },
    {
      "type": "Feature",
      "geometry": {
        "type": "LineString",
        "coordinates": [
          [
            112.1696347,
            -8.0922999
          ],
          [
            112.1694693,
            -8.092745
          ],
          [
            112.1694096,
            -8.0928994
          ]
        ]
      },
      "properties": {
        "id": "osm:way:769208639",
        "name": "Jalan Dokter Wahidin Sudirohusodo",
        "highway": "secondary",
        "restriction_type": "PROHIBITED_ROAD",
        "metadata": {
          "highway": "secondary",
          "name": "Jalan Dokter Wahidin Sudirohusodo",
          "name:etymology:wikidata": "Q12523858",
          "name:etymology:wikipedia": "id:Wahidin Soedirohoesodo",
          "oneway": "yes",
          "surface": "asphalt"
        }
      }
    },
    {
      "type": "Feature",
      "geometry": {
        "type": "LineString",
        "coordinates": [
          [
            112.1758738,
            -8.0942839
          ],
          [
            112.1758313,
            -8.0943991
          ],
          [
            112.1757423,
            -8.0946633
          ]
        ]
      },
      "properties": {
        "id": "osm:way:769229278",
        "name": "Jalan Diponegoro",
        "highway": "secondary",
        "restriction_type": "PROHIBITED_ROAD",
        "metadata": {
          "designation": "city_road",
          "highway": "secondary",
          "lanes": "2",
          "name": "Jalan Diponegoro",
          "name:etymology:wikidata": "Q28899",
          "name:etymology:wikipedia": "id:Diponegoro",
          "source": "GPS",
          "surface": "asphalt"
        }
      }
    },
    {
      "type": "Feature",
      "geometry": {
        "type": "LineString",
        "coordinates": [
          [
            112.1692518,
            -8.0992939
          ],
          [
            112.1691996,
            -8.0992889
          ],
          [
            112.1690072,
            -8.0992703
          ],
          [
            112.168974,
            -8.0992361
          ],
          [
            112.1687945,
            -8.0992194
          ]
        ]
      },
      "properties": {
        "id": "osm:way:769370093",
        "name": "Jalan Ahmad Yani",
        "highway": "primary",
        "restriction_type": "PROHIBITED_ROAD",
        "metadata": {
          "designation": "city_road",
          "highway": "primary",
          "lanes": "1",
          "name": "Jalan Ahmad Yani",
          "name:etymology:wikidata": "Q2992817",
          "name:etymology:wikipedia": "id:Ahmad Yani",
          "oneway": "yes",
          "source": "GPS",
          "surface": "asphalt"
        }
      }
    },
    {
      "type": "Feature",
      "geometry": {
        "type": "LineString",
        "coordinates": [
          [
            112.1674005,
            -8.0991329
          ],
          [
            112.1674557,
            -8.0985337
          ],
          [
            112.1674854,
            -8.098146
          ],
          [
            112.1675155,
            -8.0977539
          ],
          [
            112.1675242,
            -8.0976409
          ]
        ]
      },
      "properties": {
        "id": "osm:way:777620494",
        "name": "Jalan Kelud",
        "highway": "primary",
        "restriction_type": "PROHIBITED_ROAD",
        "metadata": {
          "designation": "city_road",
          "highway": "primary",
          "name": "Jalan Kelud",
          "oneway:motorcar": "yes",
          "source": "GPS",
          "surface": "asphalt"
        }
      }
    },
    {
      "type": "Feature",
      "geometry": {
        "type": "LineString",
        "coordinates": [
          [
            112.1769822,
            -8.0833717
          ],
          [
            112.1767159,
            -8.0836335
          ],
          [
            112.1766964,
            -8.0836527
          ],
          [
            112.1761619,
            -8.0841924
          ],
          [
            112.175552,
            -8.0847824
          ],
          [
            112.1754382,
            -8.0849559
          ],
          [
            112.1753323,
            -8.085118
          ],
          [
            112.1751359,
            -8.085406
          ],
          [
            112.1750926,
            -8.0854759
          ]
        ]
      },
      "properties": {
        "id": "osm:way:777624600",
        "name": "Jalan Insinyur Soekarno",
        "highway": "secondary",
        "restriction_type": "PROHIBITED_ROAD",
        "metadata": {
          "highway": "secondary",
          "name": "Jalan Insinyur Soekarno",
          "name:etymology:wikidata": "Q76127",
          "name:etymology:wikipedia": "id:Sukarno",
          "source": "GPS;Bing"
        }
      }
    },
    {
      "type": "Feature",
      "geometry": {
        "type": "LineString",
        "coordinates": [
          [
            112.125866,
            -8.1324119
          ],
          [
            112.1259712,
            -8.1324093
          ],
          [
            112.1261548,
            -8.1324147
          ],
          [
            112.1263934,
            -8.132427
          ],
          [
            112.126705,
            -8.132463
          ],
          [
            112.1270936,
            -8.1325068
          ],
          [
            112.1280955,
            -8.1326376
          ],
          [
            112.128219,
            -8.132635
          ],
          [
            112.1288339,
            -8.1327392
          ],
          [
            112.1289848,
            -8.1327691
          ],
          [
            112.1291303,
            -8.1328102
          ],
          [
            112.1294347,
            -8.1328998
          ],
          [
            112.1297003,
            -8.1329875
          ],
          [
            112.1298424,
            -8.1330412
          ],
          [
            112.1300958,
            -8.133159
          ],
          [
            112.1301656,
            -8.1331904
          ],
          [
            112.1308029,
            -8.133471
          ],
          [
            112.1311369,
            -8.133636
          ],
          [
            112.131805,
            -8.1339784
          ],
          [
            112.1320939,
            -8.134125
          ],
          [
            112.1322389,
            -8.134204
          ],
          [
            112.1328834,
            -8.1345826
          ],
          [
            112.1334869,
            -8.1349384
          ],
          [
            112.1337873,
            -8.1351057
          ],
          [
            112.1340206,
            -8.1352413
          ],
          [
            112.1345571,
            -8.1355531
          ],
          [
            112.1350493,
            -8.1358199
          ],
          [
            112.1356983,
            -8.136177
          ],
          [
            112.136216,
            -8.1364704
          ],
          [
            112.1367042,
            -8.1367678
          ],
          [
            112.136896,
            -8.1368979
          ],
          [
            112.1371071,
            -8.1370307
          ],
          [
            112.1375544,
            -8.1373121
          ],
          [
            112.138166,
            -8.1376839
          ],
          [
            112.1383859,
            -8.1378113
          ],
          [
            112.1388285,
            -8.1381034
          ],
          [
            112.1395929,
            -8.1385574
          ],
          [
            112.1398424,
            -8.1387021
          ],
          [
            112.1401709,
            -8.138888
          ],
          [
            112.1402715,
            -8.138957
          ],
          [
            112.1404928,
            -8.1391203
          ],
          [
            112.1405464,
            -8.1391681
          ],
          [
            112.1408911,
            -8.1396421
          ],
          [
            112.1409474,
            -8.1396978
          ],
          [
            112.1410198,
            -8.1397563
          ],
          [
            112.1413323,
            -8.1399036
          ],
          [
            112.1416985,
            -8.1400059
          ],
          [
            112.1420646,
            -8.1400987
          ],
          [
            112.1426992,
            -8.140286
          ],
          [
            112.1428527,
            -8.1403306
          ],
          [
            112.1429354,
            -8.1403473
          ],
          [
            112.1430323,
            -8.1403695
          ],
          [
            112.143462,
            -8.1404944
          ],
          [
            112.1439354,
            -8.1406444
          ],
          [
            112.1443457,
            -8.1407586
          ]
        ]
      },
      "properties": {
        "id": "osm:way:785739457",
        "name": "Jalan Raya Jimbe Blitar",
        "highway": "trunk",
        "restriction_type": "PROHIBITED_ROAD",
        "metadata": {
          "highway": "trunk",
          "name": "Jalan Raya Jimbe Blitar",
          "oneway": "no",
          "ref": "3",
          "surface": "asphalt"
        }
      }
    },
    {
      "type": "Feature",
      "geometry": {
        "type": "LineString",
        "coordinates": [
          [
            112.1256883,
            -8.1324133
          ],
          [
            112.1257017,
            -8.1324304
          ],
          [
            112.125866,
            -8.1324119
          ]
        ]
      },
      "properties": {
        "id": "osm:way:785739458",
        "name": "Jalan Raya Jimbe Blitar",
        "highway": "trunk",
        "restriction_type": "PROHIBITED_ROAD",
        "metadata": {
          "bridge": "yes",
          "highway": "trunk",
          "layer": "1",
          "name": "Jalan Raya Jimbe Blitar",
          "oneway": "no",
          "ref": "3",
          "surface": "asphalt"
        }
      }
    },
    {
      "type": "Feature",
      "geometry": {
        "type": "LineString",
        "coordinates": [
          [
            111.9625216,
            -8.1559232
          ],
          [
            111.9625238,
            -8.1558951
          ],
          [
            111.962547,
            -8.155553
          ],
          [
            111.9626261,
            -8.154787
          ],
          [
            111.9626757,
            -8.1542546
          ],
          [
            111.9627924,
            -8.1531939
          ],
          [
            111.9628555,
            -8.1526178
          ],
          [
            111.9629252,
            -8.1520403
          ]
        ]
      },
      "properties": {
        "id": "osm:way:786077397",
        "name": "Way #786077397",
        "highway": "secondary",
        "restriction_type": "PROHIBITED_ROAD",
        "metadata": {
          "highway": "secondary"
        }
      }
    },
    {
      "type": "Feature",
      "geometry": {
        "type": "LineString",
        "coordinates": [
          [
            111.9625245,
            -8.1560754
          ],
          [
            111.9625216,
            -8.1559232
          ]
        ]
      },
      "properties": {
        "id": "osm:way:786077398",
        "name": "Way #786077398",
        "highway": "secondary",
        "restriction_type": "PROHIBITED_ROAD",
        "metadata": {
          "bridge": "yes",
          "highway": "secondary",
          "layer": "1"
        }
      }
    },
    {
      "type": "Feature",
      "geometry": {
        "type": "LineString",
        "coordinates": [
          [
            112.1483341,
            -8.1476363
          ],
          [
            112.148447,
            -8.1476839
          ]
        ]
      },
      "properties": {
        "id": "osm:way:787050063",
        "name": "Way #787050063",
        "highway": "secondary",
        "restriction_type": "PROHIBITED_ROAD",
        "metadata": {
          "bridge": "yes",
          "highway": "secondary",
          "layer": "1"
        }
      }
    },
    {
      "type": "Feature",
      "geometry": {
        "type": "LineString",
        "coordinates": [
          [
            112.1441789,
            -8.1459895
          ],
          [
            112.1442559,
            -8.1460154
          ],
          [
            112.1444544,
            -8.1460809
          ],
          [
            112.1451008,
            -8.1463172
          ],
          [
            112.1461658,
            -8.1467604
          ],
          [
            112.1464206,
            -8.1468664
          ],
          [
            112.1471038,
            -8.147119
          ],
          [
            112.1479692,
            -8.1474771
          ],
          [
            112.1482779,
            -8.1476036
          ],
          [
            112.1483341,
            -8.1476363
          ]
        ]
      },
      "properties": {
        "id": "osm:way:787050064",
        "name": "Way #787050064",
        "highway": "secondary",
        "restriction_type": "PROHIBITED_ROAD",
        "metadata": {
          "highway": "secondary"
        }
      }
    },
    {
      "type": "Feature",
      "geometry": {
        "type": "LineString",
        "coordinates": [
          [
            112.142591,
            -8.156509
          ],
          [
            112.1425889,
            -8.1565539
          ]
        ]
      },
      "properties": {
        "id": "osm:way:787075595",
        "name": "Way #787075595",
        "highway": "secondary",
        "restriction_type": "PROHIBITED_ROAD",
        "metadata": {
          "bridge": "yes",
          "highway": "secondary",
          "layer": "1"
        }
      }
    },
    {
      "type": "Feature",
      "geometry": {
        "type": "LineString",
        "coordinates": [
          [
            112.1434056,
            -8.1501169
          ],
          [
            112.1433969,
            -8.1501608
          ],
          [
            112.1433453,
            -8.1504286
          ],
          [
            112.1432642,
            -8.1509165
          ],
          [
            112.1431334,
            -8.1516845
          ],
          [
            112.1430302,
            -8.1524585
          ],
          [
            112.1429645,
            -8.1530419
          ],
          [
            112.1428958,
            -8.1535583
          ],
          [
            112.1427996,
            -8.1545176
          ],
          [
            112.1427389,
            -8.1551163
          ],
          [
            112.1426586,
            -8.1559015
          ],
          [
            112.1425993,
            -8.1564264
          ],
          [
            112.142591,
            -8.156509
          ]
        ]
      },
      "properties": {
        "id": "osm:way:787075596",
        "name": "Way #787075596",
        "highway": "secondary",
        "restriction_type": "PROHIBITED_ROAD",
        "metadata": {
          "highway": "secondary"
        }
      }
    },
    {
      "type": "Feature",
      "geometry": {
        "type": "LineString",
        "coordinates": [
          [
            112.0494234,
            -8.0825372
          ],
          [
            112.0494083,
            -8.0826023
          ]
        ]
      },
      "properties": {
        "id": "osm:way:788828721",
        "name": "35-009",
        "highway": "primary",
        "restriction_type": "PROHIBITED_ROAD",
        "metadata": {
          "bridge": "yes",
          "highway": "primary",
          "layer": "1",
          "ref": "35-009",
          "source": "GPS"
        }
      }
    },
    {
      "type": "Feature",
      "geometry": {
        "type": "LineString",
        "coordinates": [
          [
            112.0544958,
            -8.0601007
          ],
          [
            112.0544556,
            -8.060353
          ],
          [
            112.0542906,
            -8.0611046
          ],
          [
            112.0542128,
            -8.0614392
          ],
          [
            112.0541082,
            -8.0619159
          ],
          [
            112.0539688,
            -8.0625293
          ],
          [
            112.0537113,
            -8.06365
          ],
          [
            112.0536295,
            -8.0640112
          ],
          [
            112.0535235,
            -8.0644839
          ],
          [
            112.0533626,
            -8.06512
          ],
          [
            112.0532016,
            -8.0658782
          ],
          [
            112.0525727,
            -8.0686799
          ],
          [
            112.0524224,
            -8.0692439
          ],
          [
            112.0522937,
            -8.0698909
          ],
          [
            112.0518243,
            -8.0719782
          ],
          [
            112.0514569,
            -8.0735955
          ],
          [
            112.0512825,
            -8.0743975
          ],
          [
            112.0512302,
            -8.0746206
          ],
          [
            112.0509633,
            -8.0758733
          ],
          [
            112.0509582,
            -8.0758935
          ],
          [
            112.0507417,
            -8.0768229
          ],
          [
            112.0506526,
            -8.0772913
          ],
          [
            112.0504564,
            -8.0780555
          ],
          [
            112.0503165,
            -8.0786475
          ],
          [
            112.0497899,
            -8.0809834
          ],
          [
            112.0494234,
            -8.0825372
          ]
        ]
      },
      "properties": {
        "id": "osm:way:788828722",
        "name": "35-009",
        "highway": "primary",
        "restriction_type": "PROHIBITED_ROAD",
        "metadata": {
          "highway": "primary",
          "ref": "35-009",
          "source": "GPS"
        }
      }
    },
    {
      "type": "Feature",
      "geometry": {
        "type": "LineString",
        "coordinates": [
          [
            111.9717551,
            -8.1995678
          ],
          [
            111.9717349,
            -8.1990382
          ],
          [
            111.9717202,
            -8.1985019
          ],
          [
            111.9717,
            -8.1978528
          ],
          [
            111.971692,
            -8.1973245
          ],
          [
            111.9716424,
            -8.1955697
          ],
          [
            111.971629,
            -8.1949843
          ],
          [
            111.9716156,
            -8.1943618
          ],
          [
            111.9716109,
            -8.194316
          ],
          [
            111.9716035,
            -8.1940299
          ],
          [
            111.9715874,
            -8.1937976
          ],
          [
            111.9715364,
            -8.1923959
          ],
          [
            111.9715136,
            -8.191831
          ],
          [
            111.9715016,
            -8.191391
          ],
          [
            111.9714848,
            -8.1908089
          ],
          [
            111.9714734,
            -8.1905992
          ],
          [
            111.9714519,
            -8.1902229
          ],
          [
            111.971423,
            -8.1894868
          ],
          [
            111.9714224,
            -8.1894702
          ],
          [
            111.9713941,
            -8.1885655
          ],
          [
            111.9713588,
            -8.1879694
          ],
          [
            111.9713451,
            -8.1874197
          ],
          [
            111.9713256,
            -8.1869964
          ],
          [
            111.9713105,
            -8.1865409
          ],
          [
            111.9712924,
            -8.1861102
          ],
          [
            111.9712418,
            -8.1851146
          ],
          [
            111.9712634,
            -8.1847755
          ],
          [
            111.9712807,
            -8.1846396
          ],
          [
            111.9713755,
            -8.1839056
          ],
          [
            111.9714298,
            -8.1834662
          ],
          [
            111.9714601,
            -8.1830502
          ],
          [
            111.9715411,
            -8.1825397
          ],
          [
            111.9716276,
            -8.1818587
          ],
          [
            111.9716859,
            -8.181317
          ],
          [
            111.9717228,
            -8.1810118
          ],
          [
            111.9717959,
            -8.1803693
          ],
          [
            111.971859,
            -8.1797679
          ],
          [
            111.9718616,
            -8.1797215
          ],
          [
            111.9718596,
            -8.1796803
          ],
          [
            111.9718489,
            -8.1796531
          ],
          [
            111.9718281,
            -8.1796292
          ],
          [
            111.9717973,
            -8.179612
          ],
          [
            111.9717523,
            -8.179596
          ],
          [
            111.9717021,
            -8.1795841
          ],
          [
            111.9715418,
            -8.1795529
          ],
          [
            111.9708471,
            -8.1794414
          ],
          [
            111.9704099,
            -8.1793684
          ],
          [
            111.9698802,
            -8.1792701
          ],
          [
            111.9696079,
            -8.1780714
          ],
          [
            111.9695382,
            -8.1777794
          ],
          [
            111.9694764,
            -8.1775354
          ]
        ]
      },
      "properties": {
        "id": "osm:way:793727145",
        "name": "Way #793727145",
        "highway": "secondary",
        "restriction_type": "PROHIBITED_ROAD",
        "metadata": {
          "highway": "secondary"
        }
      }
    },
    {
      "type": "Feature",
      "geometry": {
        "type": "LineString",
        "coordinates": [
          [
            112.1870777,
            -8.0658739
          ],
          [
            112.1874208,
            -8.0659854
          ],
          [
            112.1882076,
            -8.0662555
          ],
          [
            112.1882314,
            -8.0662638
          ],
          [
            112.1882763,
            -8.0662824
          ]
        ]
      },
      "properties": {
        "id": "osm:way:795112545",
        "name": "Jalan Mayor Jenderal D.I. Panjaitan",
        "highway": "secondary",
        "restriction_type": "PROHIBITED_ROAD",
        "metadata": {
          "designation": "city_road",
          "highway": "secondary",
          "name": "Jalan Mayor Jenderal D.I. Panjaitan",
          "name:etymology:wikidata": "Q4250996",
          "name:etymology:wikipedia": "id:D.I. Pandjaitan",
          "source": "Bing"
        }
      }
    },
    {
      "type": "Feature",
      "geometry": {
        "type": "LineString",
        "coordinates": [
          [
            112.106526,
            -8.1789668
          ],
          [
            112.1066896,
            -8.1788075
          ]
        ]
      },
      "properties": {
        "id": "osm:way:795314227",
        "name": "Blitar - Tambakrejo",
        "highway": "secondary",
        "restriction_type": "PROHIBITED_ROAD",
        "metadata": {
          "bridge": "yes",
          "highway": "secondary",
          "layer": "1",
          "name": "Blitar - Tambakrejo",
          "oneway": "no"
        }
      }
    },
    {
      "type": "Feature",
      "geometry": {
        "type": "LineString",
        "coordinates": [
          [
            112.1066896,
            -8.1788075
          ],
          [
            112.1067082,
            -8.1787916
          ],
          [
            112.1067821,
            -8.1787425
          ],
          [
            112.1068498,
            -8.1787043
          ],
          [
            112.1069692,
            -8.1786754
          ],
          [
            112.1070638,
            -8.1786641
          ],
          [
            112.1072066,
            -8.1786409
          ],
          [
            112.1076324,
            -8.1785509
          ],
          [
            112.1077551,
            -8.1785493
          ],
          [
            112.1078885,
            -8.1785659
          ],
          [
            112.1083251,
            -8.1786688
          ],
          [
            112.1086094,
            -8.1786841
          ],
          [
            112.1087435,
            -8.1786748
          ],
          [
            112.108836,
            -8.1786495
          ],
          [
            112.1089312,
            -8.1785891
          ],
          [
            112.1090573,
            -8.1784829
          ],
          [
            112.1091834,
            -8.1783396
          ],
          [
            112.109292,
            -8.1782248
          ],
          [
            112.1094382,
            -8.1781166
          ],
          [
            112.1097178,
            -8.17794
          ],
          [
            112.1098566,
            -8.1777993
          ],
          [
            112.1099968,
            -8.1775544
          ],
          [
            112.1101805,
            -8.1770482
          ],
          [
            112.1102925,
            -8.1767599
          ],
          [
            112.1108564,
            -8.1762411
          ],
          [
            112.1110502,
            -8.176055
          ],
          [
            112.1111293,
            -8.1759959
          ],
          [
            112.11125,
            -8.1759541
          ],
          [
            112.1115886,
            -8.1759541
          ],
          [
            112.1117261,
            -8.1759608
          ],
          [
            112.1119588,
            -8.1759329
          ],
          [
            112.1121712,
            -8.1758678
          ],
          [
            112.1123685,
            -8.1757948
          ],
          [
            112.1125272,
            -8.1757197
          ],
          [
            112.1126837,
            -8.1756276
          ],
          [
            112.1128365,
            -8.1755068
          ],
          [
            112.1131209,
            -8.1752598
          ],
          [
            112.1133864,
            -8.1750236
          ],
          [
            112.1136164,
            -8.1747888
          ],
          [
            112.113778,
            -8.1746532
          ],
          [
            112.1140033,
            -8.1745503
          ],
          [
            112.1142293,
            -8.1744806
          ],
          [
            112.1145478,
            -8.1744162
          ],
          [
            112.1147456,
            -8.1744123
          ],
          [
            112.1149213,
            -8.1744255
          ],
          [
            112.1150433,
            -8.1744746
          ],
          [
            112.1151017,
            -8.1745012
          ],
          [
            112.1152787,
            -8.1745862
          ],
          [
            112.1154825,
            -8.1746466
          ],
          [
            112.1157226,
            -8.1746864
          ],
          [
            112.1161028,
            -8.1747225
          ],
          [
            112.116595,
            -8.1747116
          ],
          [
            112.1170469,
            -8.1746923
          ],
          [
            112.1171737,
            -8.174697
          ],
          [
            112.1172387,
            -8.174707
          ],
          [
            112.1173145,
            -8.1747289
          ],
          [
            112.1175116,
            -8.1747939
          ],
          [
            112.1176417,
            -8.1748337
          ],
          [
            112.1177557,
            -8.1748789
          ],
          [
            112.117808,
            -8.1749047
          ],
          [
            112.117867,
            -8.1749545
          ],
          [
            112.117971,
            -8.1751649
          ],
          [
            112.1180538,
            -8.1753214
          ],
          [
            112.1181098,
            -8.175443
          ],
          [
            112.1181641,
            -8.1755204
          ],
          [
            112.1182492,
            -8.1756076
          ],
          [
            112.1187723,
            -8.175986
          ],
          [
            112.1189466,
            -8.1761147
          ],
          [
            112.1189909,
            -8.17613
          ],
          [
            112.1190432,
            -8.176136
          ],
          [
            112.1191028,
            -8.1761366
          ],
          [
            112.1191853,
            -8.1761061
          ],
          [
            112.1194133,
            -8.1759302
          ],
          [
            112.1195568,
            -8.1758028
          ],
          [
            112.1196467,
            -8.175763
          ],
          [
            112.1197144,
            -8.175757
          ],
          [
            112.1198009,
            -8.1757796
          ],
          [
            112.1200636,
            -8.1759412
          ],
          [
            112.1201643,
            -8.1760032
          ],
          [
            112.1203494,
            -8.176128
          ],
          [
            112.1203768,
            -8.1761475
          ],
          [
            112.1204916,
            -8.1762289
          ],
          [
            112.120623,
            -8.1762926
          ],
          [
            112.1208101,
            -8.1763234
          ],
          [
            112.1210977,
            -8.1763218
          ],
          [
            112.1213391,
            -8.1762581
          ],
          [
            112.1216173,
            -8.1761725
          ],
          [
            112.1219071,
            -8.1760898
          ],
          [
            112.1220956,
            -8.1760444
          ],
          [
            112.1221901,
            -8.1760112
          ],
          [
            112.1222491,
            -8.17598
          ],
          [
            112.1222967,
            -8.1759448
          ],
          [
            112.1223369,
            -8.175897
          ],
          [
            112.1223718,
            -8.1758333
          ],
          [
            112.1225005,
            -8.1755618
          ],
          [
            112.1226058,
            -8.1754185
          ],
          [
            112.1228304,
            -8.1752479
          ],
          [
            112.1232167,
            -8.1749293
          ],
          [
            112.1234759,
            -8.1747866
          ],
          [
            112.1235852,
            -8.1747494
          ],
          [
            112.1236894,
            -8.1747328
          ],
          [
            112.1239684,
            -8.1747182
          ],
          [
            112.1240891,
            -8.174693
          ],
          [
            112.1241796,
            -8.1746512
          ],
          [
            112.1243164,
            -8.1745696
          ],
          [
            112.1244847,
            -8.1744614
          ],
          [
            112.1246973,
            -8.1743353
          ],
          [
            112.1248609,
            -8.1742191
          ],
          [
            112.1249373,
            -8.1741189
          ],
          [
            112.1250453,
            -8.1739443
          ],
          [
            112.1251398,
            -8.1737213
          ],
          [
            112.1252491,
            -8.1734877
          ],
          [
            112.1253517,
            -8.1733775
          ],
          [
            112.1254718,
            -8.1733104
          ],
          [
            112.1257567,
            -8.1731757
          ],
          [
            112.125966,
            -8.1730881
          ],
          [
            112.126328,
            -8.1730058
          ],
          [
            112.1264541,
            -8.1729646
          ],
          [
            112.1265802,
            -8.1729208
          ],
          [
            112.1271434,
            -8.1726792
          ],
          [
            112.1274559,
            -8.1725
          ],
          [
            112.1275672,
            -8.1724389
          ],
          [
            112.1276638,
            -8.1723991
          ],
          [
            112.1277831,
            -8.1723593
          ],
          [
            112.1280648,
            -8.1723407
          ],
          [
            112.1285892,
            -8.172269
          ],
          [
            112.1286978,
            -8.1722398
          ],
          [
            112.1288238,
            -8.1721947
          ],
          [
            112.1289352,
            -8.1721389
          ],
          [
            112.129029,
            -8.1720673
          ],
          [
            112.1291189,
            -8.1719823
          ],
          [
            112.1292342,
            -8.1718509
          ],
          [
            112.1292932,
            -8.171746
          ],
          [
            112.1293268,
            -8.1716637
          ],
          [
            112.1293791,
            -8.1714473
          ],
          [
            112.1294529,
            -8.1712219
          ]
        ]
      },
      "properties": {
        "id": "osm:way:795314228",
        "name": "Blitar - Tambakrejo",
        "highway": "secondary",
        "restriction_type": "PROHIBITED_ROAD",
        "metadata": {
          "highway": "secondary",
          "name": "Blitar - Tambakrejo",
          "oneway": "no"
        }
      }
    },
    {
      "type": "Feature",
      "geometry": {
        "type": "LineString",
        "coordinates": [
          [
            112.1335579,
            -7.977392
          ],
          [
            112.1335605,
            -7.977805
          ],
          [
            112.133549,
            -7.9786259
          ],
          [
            112.1335475,
            -7.9786998
          ],
          [
            112.1335192,
            -7.9797977
          ],
          [
            112.1335078,
            -7.9809213
          ],
          [
            112.133544,
            -7.9818531
          ]
        ]
      },
      "properties": {
        "id": "osm:way:796735364",
        "name": "Way #796735364",
        "highway": "secondary",
        "restriction_type": "PROHIBITED_ROAD",
        "metadata": {
          "highway": "secondary",
          "source": "Bing"
        }
      }
    },
    {
      "type": "Feature",
      "geometry": {
        "type": "LineString",
        "coordinates": [
          [
            112.1645277,
            -8.0971839
          ],
          [
            112.1643227,
            -8.0986987
          ],
          [
            112.1642822,
            -8.0989976
          ]
        ]
      },
      "properties": {
        "id": "osm:way:814805440",
        "name": "Jalan Masjid",
        "highway": "secondary",
        "restriction_type": "PROHIBITED_ROAD",
        "metadata": {
          "designation": "city_road",
          "highway": "secondary",
          "name": "Jalan Masjid",
          "oneway": "yes",
          "source": "GPS",
          "surface": "asphalt"
        }
      }
    },
    {
      "type": "Feature",
      "geometry": {
        "type": "LineString",
        "coordinates": [
          [
            112.0494083,
            -8.0826023
          ],
          [
            112.0488545,
            -8.085134
          ],
          [
            112.0486808,
            -8.0858922
          ],
          [
            112.0484488,
            -8.0869318
          ],
          [
            112.0483804,
            -8.0872797
          ],
          [
            112.0482988,
            -8.0876337
          ],
          [
            112.0481691,
            -8.0881058
          ],
          [
            112.0481112,
            -8.0883024
          ],
          [
            112.0480826,
            -8.0883605
          ],
          [
            112.0480173,
            -8.0884651
          ],
          [
            112.0479606,
            -8.0885238
          ]
        ]
      },
      "properties": {
        "id": "osm:way:817183104",
        "name": "35-009",
        "highway": "primary",
        "restriction_type": "PROHIBITED_ROAD",
        "metadata": {
          "highway": "primary",
          "ref": "35-009",
          "source": "GPS"
        }
      }
    },
    {
      "type": "Feature",
      "geometry": {
        "type": "LineString",
        "coordinates": [
          [
            112.0478367,
            -8.0886138
          ],
          [
            112.0476546,
            -8.0886745
          ]
        ]
      },
      "properties": {
        "id": "osm:way:846841155",
        "name": "35-009",
        "highway": "primary",
        "restriction_type": "PROHIBITED_ROAD",
        "metadata": {
          "highway": "primary",
          "ref": "35-009",
          "source": "GPS"
        }
      }
    },
    {
      "type": "Feature",
      "geometry": {
        "type": "LineString",
        "coordinates": [
          [
            112.0479606,
            -8.0885238
          ],
          [
            112.0478367,
            -8.0886138
          ]
        ]
      },
      "properties": {
        "id": "osm:way:846841156",
        "name": "35-009",
        "highway": "primary",
        "restriction_type": "PROHIBITED_ROAD",
        "metadata": {
          "bridge": "yes",
          "highway": "primary",
          "layer": "1",
          "ref": "35-009",
          "source": "GPS"
        }
      }
    },
    {
      "type": "Feature",
      "geometry": {
        "type": "LineString",
        "coordinates": [
          [
            112.1660856,
            -8.0974276
          ],
          [
            112.1673786,
            -8.0976006
          ],
          [
            112.1675242,
            -8.0976409
          ]
        ]
      },
      "properties": {
        "id": "osm:way:851453596",
        "name": "Jalan Semeru",
        "highway": "secondary",
        "restriction_type": "PROHIBITED_ROAD",
        "metadata": {
          "designation": "city_road",
          "highway": "secondary",
          "lanes": "2",
          "name": "Jalan Semeru",
          "oneway:motorcar": "yes",
          "source": "GPS",
          "surface": "asphalt"
        }
      }
    },
    {
      "type": "Feature",
      "geometry": {
        "type": "LineString",
        "coordinates": [
          [
            112.1750926,
            -8.0854759
          ],
          [
            112.1750161,
            -8.0855934
          ],
          [
            112.1748776,
            -8.0858127
          ]
        ]
      },
      "properties": {
        "id": "osm:way:868492108",
        "name": "Jalan Insinyur Soekarno",
        "highway": "secondary",
        "restriction_type": "PROHIBITED_ROAD",
        "metadata": {
          "highway": "secondary",
          "motor_vehicle": "no",
          "name": "Jalan Insinyur Soekarno",
          "name:etymology:wikidata": "Q76127",
          "name:etymology:wikipedia": "id:Sukarno",
          "source": "GPS;Bing"
        }
      }
    },
    {
      "type": "Feature",
      "geometry": {
        "type": "LineString",
        "coordinates": [
          [
            112.1675242,
            -8.0976409
          ],
          [
            112.1676627,
            -8.0976632
          ],
          [
            112.1689447,
            -8.0978701
          ]
        ]
      },
      "properties": {
        "id": "osm:way:886159991",
        "name": "Jalan Semeru",
        "highway": "secondary",
        "restriction_type": "PROHIBITED_ROAD",
        "metadata": {
          "designation": "city_road",
          "highway": "secondary",
          "lanes": "2",
          "name": "Jalan Semeru",
          "source": "GPS",
          "surface": "asphalt"
        }
      }
    },
    {
      "type": "Feature",
      "geometry": {
        "type": "LineString",
        "coordinates": [
          [
            112.1687874,
            -8.0992812
          ],
          [
            112.1687811,
            -8.0993535
          ],
          [
            112.168715,
            -8.0998866
          ],
          [
            112.1686185,
            -8.1004469
          ],
          [
            112.1684964,
            -8.1013189
          ],
          [
            112.1684603,
            -8.1015765
          ],
          [
            112.1684216,
            -8.1017926
          ]
        ]
      },
      "properties": {
        "id": "osm:way:996940686",
        "name": "Jalan Veteran",
        "highway": "primary",
        "restriction_type": "PROHIBITED_ROAD",
        "metadata": {
          "designation": "city_road",
          "highway": "primary",
          "lanes": "2",
          "name": "Jalan Veteran",
          "oneway": "no",
          "source": "GPS",
          "surface": "asphalt"
        }
      }
    },
    {
      "type": "Feature",
      "geometry": {
        "type": "LineString",
        "coordinates": [
          [
            112.1668965,
            -8.0917934
          ],
          [
            112.1671246,
            -8.0918591
          ],
          [
            112.1672165,
            -8.0918691
          ]
        ]
      },
      "properties": {
        "id": "osm:way:1001302015",
        "name": "Jalan Brantas",
        "highway": "primary",
        "restriction_type": "PROHIBITED_ROAD",
        "metadata": {
          "designation": "city_road",
          "highway": "primary",
          "lanes": "2",
          "name": "Jalan Brantas",
          "source": "GPS",
          "surface": "asphalt"
        }
      }
    },
    {
      "type": "Feature",
      "geometry": {
        "type": "LineString",
        "coordinates": [
          [
            112.1413571,
            -8.1637534
          ],
          [
            112.1449279,
            -8.1643318
          ],
          [
            112.1458326,
            -8.1644699
          ],
          [
            112.1462104,
            -8.1645275
          ],
          [
            112.1466893,
            -8.1646006
          ],
          [
            112.1467598,
            -8.164608
          ]
        ]
      },
      "properties": {
        "id": "osm:way:1116275458",
        "name": "Way #1116275458",
        "highway": "secondary",
        "restriction_type": "PROHIBITED_ROAD",
        "metadata": {
          "highway": "secondary"
        }
      }
    },
    {
      "type": "Feature",
      "geometry": {
        "type": "LineString",
        "coordinates": [
          [
            112.1295437,
            -8.1709824
          ],
          [
            112.1296714,
            -8.1708486
          ],
          [
            112.1303272,
            -8.1702831
          ],
          [
            112.1305203,
            -8.170153
          ],
          [
            112.1307443,
            -8.1700694
          ],
          [
            112.1308543,
            -8.1700189
          ],
          [
            112.1309321,
            -8.1699619
          ],
          [
            112.1310326,
            -8.1698875
          ],
          [
            112.1311252,
            -8.1697999
          ],
          [
            112.1314765,
            -8.1694149
          ],
          [
            112.1315959,
            -8.1692676
          ],
          [
            112.1316576,
            -8.169168
          ],
          [
            112.1316804,
            -8.1690578
          ],
          [
            112.1317045,
            -8.1689423
          ],
          [
            112.13178,
            -8.1683258
          ],
          [
            112.1318718,
            -8.1673561
          ],
          [
            112.1318762,
            -8.1673095
          ],
          [
            112.1319741,
            -8.1662727
          ],
          [
            112.1320479,
            -8.1654576
          ],
          [
            112.1320747,
            -8.1653368
          ],
          [
            112.1321592,
            -8.1652479
          ],
          [
            112.1323523,
            -8.1651948
          ],
          [
            112.1329086,
            -8.1651023
          ],
          [
            112.1332045,
            -8.165053
          ],
          [
            112.1334275,
            -8.1650055
          ],
          [
            112.1344605,
            -8.1648137
          ],
          [
            112.1352168,
            -8.164703
          ],
          [
            112.1355284,
            -8.1646587
          ],
          [
            112.1359036,
            -8.1645993
          ],
          [
            112.1362127,
            -8.1645437
          ],
          [
            112.1364004,
            -8.1645025
          ],
          [
            112.1366264,
            -8.1643797
          ],
          [
            112.1367672,
            -8.1642848
          ],
          [
            112.1368309,
            -8.1642523
          ],
          [
            112.13688,
            -8.1642426
          ],
          [
            112.1369741,
            -8.1642567
          ]
        ]
      },
      "properties": {
        "id": "osm:way:1116513232",
        "name": "Blitar - Tambakrejo",
        "highway": "secondary",
        "restriction_type": "PROHIBITED_ROAD",
        "metadata": {
          "highway": "secondary",
          "name": "Blitar - Tambakrejo",
          "oneway": "no"
        }
      }
    },
    {
      "type": "Feature",
      "geometry": {
        "type": "LineString",
        "coordinates": [
          [
            112.1294529,
            -8.1712219
          ],
          [
            112.1295437,
            -8.1709824
          ]
        ]
      },
      "properties": {
        "id": "osm:way:1116513233",
        "name": "Blitar - Tambakrejo",
        "highway": "secondary",
        "restriction_type": "PROHIBITED_ROAD",
        "metadata": {
          "bridge": "yes",
          "highway": "secondary",
          "layer": "1",
          "name": "Blitar - Tambakrejo",
          "oneway": "no"
        }
      }
    },
    {
      "type": "Feature",
      "geometry": {
        "type": "LineString",
        "coordinates": [
          [
            111.9694764,
            -8.1775354
          ],
          [
            111.9694544,
            -8.1774581
          ]
        ]
      },
      "properties": {
        "id": "osm:way:1160956414",
        "name": "Way #1160956414",
        "highway": "secondary",
        "restriction_type": "PROHIBITED_ROAD",
        "metadata": {
          "bridge": "yes",
          "highway": "secondary",
          "layer": "1"
        }
      }
    },
    {
      "type": "Feature",
      "geometry": {
        "type": "LineString",
        "coordinates": [
          [
            111.9694544,
            -8.1774581
          ],
          [
            111.9692753,
            -8.1767134
          ],
          [
            111.9691637,
            -8.1762349
          ],
          [
            111.969156,
            -8.1762017
          ],
          [
            111.9690701,
            -8.1757922
          ],
          [
            111.9689858,
            -8.1754168
          ],
          [
            111.968983,
            -8.1754045
          ],
          [
            111.9689185,
            -8.1751516
          ],
          [
            111.9688743,
            -8.1749784
          ],
          [
            111.9688713,
            -8.1749645
          ],
          [
            111.9687764,
            -8.1745297
          ],
          [
            111.9686691,
            -8.1740226
          ],
          [
            111.9685605,
            -8.1735341
          ],
          [
            111.9684827,
            -8.1731717
          ],
          [
            111.9683526,
            -8.172573
          ],
          [
            111.968291,
            -8.1723035
          ],
          [
            111.968189,
            -8.171888
          ],
          [
            111.9681316,
            -8.171634
          ],
          [
            111.9680388,
            -8.171215
          ],
          [
            111.9679412,
            -8.1707326
          ],
          [
            111.9678269,
            -8.170226
          ],
          [
            111.9677518,
            -8.169849
          ],
          [
            111.9676915,
            -8.1695935
          ],
          [
            111.9673603,
            -8.1680715
          ],
          [
            111.9673163,
            -8.1678784
          ],
          [
            111.9672583,
            -8.1676879
          ],
          [
            111.9671966,
            -8.1675153
          ],
          [
            111.9671141,
            -8.167327
          ],
          [
            111.9667581,
            -8.1665952
          ],
          [
            111.9667417,
            -8.1665587
          ],
          [
            111.9666059,
            -8.1662557
          ],
          [
            111.9665581,
            -8.1661497
          ],
          [
            111.9665287,
            -8.1660947
          ],
          [
            111.9662041,
            -8.1652939
          ],
          [
            111.9658595,
            -8.1645895
          ],
          [
            111.9656139,
            -8.1640328
          ],
          [
            111.9655698,
            -8.163939
          ],
          [
            111.9654289,
            -8.1636235
          ],
          [
            111.9652546,
            -8.1632672
          ],
          [
            111.9650931,
            -8.1629232
          ],
          [
            111.9649854,
            -8.1626907
          ],
          [
            111.9648425,
            -8.1623844
          ],
          [
            111.9646849,
            -8.1620501
          ],
          [
            111.9645703,
            -8.1618117
          ],
          [
            111.9644078,
            -8.1614884
          ],
          [
            111.9643253,
            -8.1613165
          ],
          [
            111.9641067,
            -8.1608664
          ],
          [
            111.9638908,
            -8.1604171
          ],
          [
            111.9636943,
            -8.1600161
          ],
          [
            111.9635233,
            -8.1596803
          ],
          [
            111.9632551,
            -8.1591254
          ],
          [
            111.9630122,
            -8.1585842
          ],
          [
            111.9626714,
            -8.1577166
          ],
          [
            111.9626097,
            -8.1575266
          ],
          [
            111.9625862,
            -8.1574306
          ],
          [
            111.962548,
            -8.1570748
          ],
          [
            111.9625412,
            -8.1567491
          ],
          [
            111.9625245,
            -8.1560754
          ]
        ]
      },
      "properties": {
        "id": "osm:way:1160956415",
        "name": "Way #1160956415",
        "highway": "secondary",
        "restriction_type": "PROHIBITED_ROAD",
        "metadata": {
          "highway": "secondary"
        }
      }
    },
    {
      "type": "Feature",
      "geometry": {
        "type": "LineString",
        "coordinates": [
          [
            111.9378097,
            -8.080793
          ],
          [
            111.9386236,
            -8.0809131
          ],
          [
            111.9396462,
            -8.0810989
          ],
          [
            111.9406297,
            -8.081287
          ],
          [
            111.9407808,
            -8.0813219
          ],
          [
            111.9409545,
            -8.0813751
          ],
          [
            111.9411161,
            -8.0814414
          ],
          [
            111.9414218,
            -8.0815503
          ],
          [
            111.9415077,
            -8.0815663
          ],
          [
            111.9415854,
            -8.0815716
          ],
          [
            111.9417085,
            -8.0815437
          ],
          [
            111.9417882,
            -8.0815002
          ],
          [
            111.9419381,
            -8.0814186
          ],
          [
            111.9420155,
            -8.081395
          ],
          [
            111.9420999,
            -8.081385
          ],
          [
            111.9422125,
            -8.0814029
          ],
          [
            111.9427194,
            -8.0816207
          ],
          [
            111.9428489,
            -8.0816612
          ],
          [
            111.9430172,
            -8.0816911
          ],
          [
            111.9433244,
            -8.0817681
          ],
          [
            111.9439,
            -8.0818875
          ],
          [
            111.9446535,
            -8.0820285
          ],
          [
            111.9447938,
            -8.0820513
          ],
          [
            111.9456404,
            -8.0821891
          ],
          [
            111.9465186,
            -8.0823614
          ],
          [
            111.9476232,
            -8.0825475
          ],
          [
            111.9482347,
            -8.0826471
          ],
          [
            111.9488288,
            -8.0827493
          ],
          [
            111.9488337,
            -8.08275
          ]
        ]
      },
      "properties": {
        "id": "osm:way:1207281745",
        "name": "Jalan Raya Blitar - Tulungagung",
        "highway": "trunk",
        "restriction_type": "PROHIBITED_ROAD",
        "metadata": {
          "highway": "trunk",
          "name": "Jalan Raya Blitar - Tulungagung",
          "oneway": "no",
          "ref": "3",
          "surface": "asphalt"
        }
      }
    },
    {
      "type": "Feature",
      "geometry": {
        "type": "LineString",
        "coordinates": [
          [
            111.9488337,
            -8.08275
          ],
          [
            111.948916,
            -8.0827622
          ]
        ]
      },
      "properties": {
        "id": "osm:way:1207281746",
        "name": "Jalan Raya Blitar - Tulungagung",
        "highway": "trunk",
        "restriction_type": "PROHIBITED_ROAD",
        "metadata": {
          "bridge": "yes",
          "highway": "trunk",
          "layer": "1",
          "name": "Jalan Raya Blitar - Tulungagung",
          "oneway": "no",
          "ref": "3",
          "surface": "asphalt"
        }
      }
    },
    {
      "type": "Feature",
      "geometry": {
        "type": "LineString",
        "coordinates": [
          [
            112.1260289,
            -8.0886885
          ],
          [
            112.126245,
            -8.0888266
          ],
          [
            112.1267037,
            -8.0890872
          ],
          [
            112.1272815,
            -8.0894118
          ],
          [
            112.1275022,
            -8.0895348
          ],
          [
            112.1279124,
            -8.0897662
          ]
        ]
      },
      "properties": {
        "id": "osm:way:1207292367",
        "name": "Jalan Raya Kediri - Blitar",
        "highway": "primary",
        "restriction_type": "PROHIBITED_ROAD",
        "metadata": {
          "designation": "provincial_road",
          "highway": "primary",
          "name": "Jalan Raya Kediri - Blitar",
          "oneway": "no",
          "ref": "010",
          "reg_ref": "35-010",
          "source": "GPS",
          "width": "10"
        }
      }
    },
    {
      "type": "Feature",
      "geometry": {
        "type": "LineString",
        "coordinates": [
          [
            112.1279124,
            -8.0897662
          ],
          [
            112.128061,
            -8.0898465
          ]
        ]
      },
      "properties": {
        "id": "osm:way:1207292368",
        "name": "Jalan Raya Kediri - Blitar",
        "highway": "primary",
        "restriction_type": "PROHIBITED_ROAD",
        "metadata": {
          "bridge": "yes",
          "designation": "provincial_road",
          "highway": "primary",
          "layer": "1",
          "name": "Jalan Raya Kediri - Blitar",
          "oneway": "no",
          "ref": "010",
          "reg_ref": "35-010",
          "source": "GPS",
          "width": "10"
        }
      }
    },
    {
      "type": "Feature",
      "geometry": {
        "type": "LineString",
        "coordinates": [
          [
            112.0372411,
            -7.9904101
          ],
          [
            112.0372264,
            -7.9905775
          ],
          [
            112.0371593,
            -7.9910729
          ],
          [
            112.037036,
            -7.9920484
          ]
        ]
      },
      "properties": {
        "id": "osm:way:1210689900",
        "name": "Jalan Raya Sambi",
        "highway": "primary",
        "restriction_type": "PROHIBITED_ROAD",
        "metadata": {
          "designation": "provincial_road",
          "highway": "primary",
          "name": "Jalan Raya Sambi",
          "oneway": "no",
          "ref": "012",
          "reg_ref": "35-012",
          "source": "GPS"
        }
      }
    },
    {
      "type": "Feature",
      "geometry": {
        "type": "LineString",
        "coordinates": [
          [
            112.0372438,
            -7.9903057
          ],
          [
            112.0372411,
            -7.9904101
          ]
        ]
      },
      "properties": {
        "id": "osm:way:1210689901",
        "name": "Jalan Raya Sambi",
        "highway": "primary",
        "restriction_type": "PROHIBITED_ROAD",
        "metadata": {
          "bridge": "yes",
          "designation": "provincial_road",
          "highway": "primary",
          "layer": "1",
          "name": "Jalan Raya Sambi",
          "oneway": "no",
          "ref": "012",
          "reg_ref": "35-012",
          "source": "GPS"
        }
      }
    },
    {
      "type": "Feature",
      "geometry": {
        "type": "LineString",
        "coordinates": [
          [
            111.9926085,
            -8.0744035
          ],
          [
            111.9925777,
            -8.0743716
          ],
          [
            111.9925019,
            -8.0742707
          ],
          [
            111.9920124,
            -8.0736526
          ],
          [
            111.991125,
            -8.0725592
          ],
          [
            111.9908462,
            -8.072203
          ],
          [
            111.990601,
            -8.0718911
          ],
          [
            111.9902871,
            -8.0715039
          ],
          [
            111.9901644,
            -8.0713608
          ],
          [
            111.9898291,
            -8.0709421
          ],
          [
            111.9896678,
            -8.0707425
          ],
          [
            111.9895408,
            -8.0705893
          ],
          [
            111.9892618,
            -8.0702242
          ],
          [
            111.9890472,
            -8.0699639
          ],
          [
            111.9889152,
            -8.069784
          ],
          [
            111.9888179,
            -8.0696545
          ],
          [
            111.9875256,
            -8.0680328
          ],
          [
            111.9875067,
            -8.0680038
          ],
          [
            111.9871885,
            -8.0675712
          ],
          [
            111.9868129,
            -8.0671184
          ],
          [
            111.9865515,
            -8.0667811
          ],
          [
            111.9862022,
            -8.0663599
          ],
          [
            111.9860828,
            -8.0662155
          ],
          [
            111.985762,
            -8.0658225
          ],
          [
            111.9853586,
            -8.0653413
          ],
          [
            111.9852901,
            -8.0652713
          ],
          [
            111.984863,
            -8.0647296
          ],
          [
            111.984421,
            -8.0641384
          ],
          [
            111.9841594,
            -8.0638007
          ],
          [
            111.9839161,
            -8.0634988
          ],
          [
            111.9830155,
            -8.0623824
          ],
          [
            111.9825,
            -8.0617579
          ],
          [
            111.9820279,
            -8.0612002
          ],
          [
            111.9816203,
            -8.0607861
          ],
          [
            111.9814368,
            -8.0606105
          ],
          [
            111.9802256,
            -8.0594583
          ],
          [
            111.9797453,
            -8.0590278
          ],
          [
            111.9795506,
            -8.0588497
          ],
          [
            111.9793324,
            -8.05865
          ],
          [
            111.9789637,
            -8.0583164
          ],
          [
            111.9786698,
            -8.058012
          ],
          [
            111.9775434,
            -8.0569406
          ],
          [
            111.9766085,
            -8.0559877
          ],
          [
            111.9756236,
            -8.0551477
          ],
          [
            111.9753741,
            -8.0549349
          ],
          [
            111.9751573,
            -8.0547493
          ],
          [
            111.9747512,
            -8.0544017
          ],
          [
            111.9742062,
            -8.0539506
          ],
          [
            111.9740787,
            -8.0538451
          ],
          [
            111.9730872,
            -8.0530203
          ],
          [
            111.972871,
            -8.0528401
          ],
          [
            111.9716154,
            -8.0517723
          ],
          [
            111.9708433,
            -8.051148
          ],
          [
            111.9707748,
            -8.0510926
          ],
          [
            111.9704554,
            -8.0508231
          ],
          [
            111.9701497,
            -8.0505652
          ],
          [
            111.9697073,
            -8.0501768
          ],
          [
            111.9690085,
            -8.0496206
          ],
          [
            111.9677286,
            -8.0485265
          ],
          [
            111.96558,
            -8.0467147
          ],
          [
            111.965467,
            -8.0466284
          ],
          [
            111.963376,
            -8.0448568
          ],
          [
            111.9614051,
            -8.0432123
          ],
          [
            111.9611685,
            -8.043019
          ],
          [
            111.9607177,
            -8.0426164
          ],
          [
            111.9602826,
            -8.0422829
          ],
          [
            111.959956,
            -8.041987
          ],
          [
            111.9587974,
            -8.0410271
          ],
          [
            111.9582126,
            -8.040501
          ],
          [
            111.957805,
            -8.0401401
          ],
          [
            111.9576063,
            -8.0399701
          ],
          [
            111.9574294,
            -8.0398188
          ],
          [
            111.9572389,
            -8.0396485
          ],
          [
            111.9570807,
            -8.0395157
          ],
          [
            111.9569036,
            -8.0393856
          ],
          [
            111.9567695,
            -8.0392927
          ],
          [
            111.9565723,
            -8.0391658
          ],
          [
            111.9564377,
            -8.0390792
          ],
          [
            111.9563405,
            -8.0390166
          ],
          [
            111.9559126,
            -8.0387283
          ],
          [
            111.9555549,
            -8.0384824
          ],
          [
            111.9546394,
            -8.037853
          ],
          [
            111.9544173,
            -8.0377003
          ],
          [
            111.9542224,
            -8.0375664
          ],
          [
            111.9541381,
            -8.0375084
          ],
          [
            111.9523342,
            -8.0362513
          ],
          [
            111.9517862,
            -8.0358703
          ],
          [
            111.9513363,
            -8.0355565
          ],
          [
            111.9509091,
            -8.0352586
          ],
          [
            111.9501774,
            -8.03474
          ],
          [
            111.9493802,
            -8.034175
          ],
          [
            111.948802,
            -8.0337578
          ],
          [
            111.9480821,
            -8.0332384
          ],
          [
            111.9476684,
            -8.0329399
          ],
          [
            111.9469691,
            -8.0324616
          ],
          [
            111.9469137,
            -8.0324234
          ],
          [
            111.9467152,
            -8.0322867
          ],
          [
            111.9447612,
            -8.0309408
          ],
          [
            111.9437583,
            -8.0302476
          ],
          [
            111.9435177,
            -8.0300813
          ],
          [
            111.943071,
            -8.0297699
          ],
          [
            111.942752,
            -8.0295475
          ],
          [
            111.9419452,
            -8.0289641
          ],
          [
            111.9415888,
            -8.0287179
          ],
          [
            111.9409592,
            -8.0282654
          ],
          [
            111.9403329,
            -8.0278325
          ],
          [
            111.9398987,
            -8.0274955
          ],
          [
            111.9390616,
            -8.0269507
          ],
          [
            111.9382824,
            -8.0263877
          ],
          [
            111.9380337,
            -8.0262185
          ],
          [
            111.9375249,
            -8.0258413
          ],
          [
            111.9368505,
            -8.025406
          ],
          [
            111.9359958,
            -8.0247968
          ],
          [
            111.9358939,
            -8.0247118
          ],
          [
            111.9358107,
            -8.0246241
          ],
          [
            111.9357517,
            -8.0245498
          ],
          [
            111.9356847,
            -8.0244276
          ],
          [
            111.9355935,
            -8.0242231
          ],
          [
            111.9354916,
            -8.0240265
          ],
          [
            111.9353896,
            -8.0238778
          ],
          [
            111.9352987,
            -8.0237628
          ],
          [
            111.9352542,
            -8.0237066
          ],
          [
            111.9349538,
            -8.0233732
          ],
          [
            111.9347124,
            -8.0231474
          ],
          [
            111.9343,
            -8.0227838
          ],
          [
            111.9339058,
            -8.0225158
          ],
          [
            111.9335416,
            -8.0222524
          ],
          [
            111.9332707,
            -8.0220266
          ],
          [
            111.9325787,
            -8.0214436
          ],
          [
            111.9322783,
            -8.0211873
          ],
          [
            111.9319826,
            -8.0209489
          ],
          [
            111.9319301,
            -8.020913
          ],
          [
            111.9316909,
            -8.0207491
          ],
          [
            111.9315853,
            -8.0206696
          ],
          [
            111.9314535,
            -8.0205937
          ],
          [
            111.9309824,
            -8.0202899
          ],
          [
            111.9305666,
            -8.0200137
          ],
          [
            111.9300071,
            -8.0196485
          ],
          [
            111.9295397,
            -8.0193481
          ],
          [
            111.9292957,
            -8.0192139
          ],
          [
            111.9286667,
            -8.0188554
          ],
          [
            111.9282925,
            -8.0186801
          ],
          [
            111.9277137,
            -8.0183899
          ],
          [
            111.9253748,
            -8.0167257
          ]
        ]
      },
      "properties": {
        "id": "osm:way:1227277720",
        "name": "35-007",
        "highway": "primary",
        "restriction_type": "PROHIBITED_ROAD",
        "metadata": {
          "highway": "primary",
          "ref": "35-007",
          "width": "6"
        }
      }
    },
    {
      "type": "Feature",
      "geometry": {
        "type": "LineString",
        "coordinates": [
          [
            112.1629805,
            -8.098896
          ],
          [
            112.1629127,
            -8.098922
          ],
          [
            112.1626867,
            -8.0989154
          ],
          [
            112.1625345,
            -8.0989081
          ],
          [
            112.1624818,
            -8.0988727
          ]
        ]
      },
      "properties": {
        "id": "osm:way:1329017360",
        "name": "Jalan Merdeka",
        "highway": "primary",
        "restriction_type": "PROHIBITED_ROAD",
        "metadata": {
          "designation": "city_road",
          "highway": "primary",
          "name": "Jalan Merdeka",
          "oneway": "yes"
        }
      }
    },
    {
      "type": "Feature",
      "geometry": {
        "type": "LineString",
        "coordinates": [
          [
            112.167653,
            -8.0991776
          ],
          [
            112.1676046,
            -8.0991989
          ],
          [
            112.1673967,
            -8.0991856
          ],
          [
            112.1672344,
            -8.099179
          ],
          [
            112.1671729,
            -8.0991421
          ]
        ]
      },
      "properties": {
        "id": "osm:way:1329017905",
        "name": "Jalan Merdeka",
        "highway": "primary",
        "restriction_type": "PROHIBITED_ROAD",
        "metadata": {
          "designation": "city_road",
          "highway": "primary",
          "name": "Jalan Merdeka",
          "oneway": "yes"
        }
      }
    },
    {
      "type": "Feature",
      "geometry": {
        "type": "LineString",
        "coordinates": [
          [
            112.1690072,
            -8.0992703
          ],
          [
            112.1689738,
            -8.0992931
          ],
          [
            112.1687874,
            -8.0992812
          ]
        ]
      },
      "properties": {
        "id": "osm:way:1329018558",
        "name": "Jalan Ahmad Yani",
        "highway": "primary",
        "restriction_type": "PROHIBITED_ROAD",
        "metadata": {
          "designation": "city_road",
          "highway": "primary",
          "name": "Jalan Ahmad Yani",
          "name:etymology:wikidata": "Q2992817",
          "name:etymology:wikipedia": "id:Ahmad Yani",
          "oneway": "yes"
        }
      }
    },
    {
      "type": "Feature",
      "geometry": {
        "type": "LineString",
        "coordinates": [
          [
            112.133544,
            -7.9818531
          ],
          [
            112.1340394,
            -7.9815212
          ],
          [
            112.1345482,
            -7.9812161
          ],
          [
            112.1347397,
            -7.9811092
          ],
          [
            112.1348816,
            -7.9810696
          ],
          [
            112.1350318,
            -7.9810537
          ],
          [
            112.1351985,
            -7.9810565
          ],
          [
            112.1360618,
            -7.9810829
          ],
          [
            112.1371534,
            -7.9811387
          ],
          [
            112.1391097,
            -7.981282
          ],
          [
            112.1392243,
            -7.9812895
          ],
          [
            112.1410214,
            -7.9814074
          ],
          [
            112.1427995,
            -7.9815265
          ],
          [
            112.1428321,
            -7.9815286
          ],
          [
            112.1429067,
            -7.9815333
          ],
          [
            112.1448408,
            -7.9816556
          ],
          [
            112.1448676,
            -7.9816573
          ],
          [
            112.1455395,
            -7.9816996
          ],
          [
            112.1458063,
            -7.9816965
          ],
          [
            112.1460759,
            -7.9816677
          ],
          [
            112.1462837,
            -7.9816354
          ],
          [
            112.1465975,
            -7.9815743
          ],
          [
            112.1471125,
            -7.9814813
          ],
          [
            112.148403,
            -7.9811922
          ],
          [
            112.1501477,
            -7.98076
          ],
          [
            112.1503575,
            -7.9807062
          ],
          [
            112.1504504,
            -7.9806986
          ],
          [
            112.1523662,
            -7.9801447
          ],
          [
            112.1540291,
            -7.9796885
          ],
          [
            112.1550045,
            -7.9793511
          ],
          [
            112.1559958,
            -7.9790083
          ],
          [
            112.1572844,
            -7.9785247
          ]
        ]
      },
      "properties": {
        "id": "osm:way:1358713436",
        "name": "Way #1358713436",
        "highway": "secondary",
        "restriction_type": "PROHIBITED_ROAD",
        "metadata": {
          "highway": "secondary",
          "lanes": "2"
        }
      }
    },
    {
      "type": "Feature",
      "geometry": {
        "type": "LineString",
        "coordinates": [
          [
            112.1687874,
            -8.0992812
          ],
          [
            112.1686466,
            -8.0992679
          ],
          [
            112.1685738,
            -8.099237
          ]
        ]
      },
      "properties": {
        "id": "osm:way:1526851126",
        "name": "Jalan Merdeka",
        "highway": "primary",
        "restriction_type": "PROHIBITED_ROAD",
        "metadata": {
          "designation": "city_road",
          "highway": "primary",
          "name": "Jalan Merdeka",
          "oneway": "yes"
        }
      }
    },
    {
      "type": "Feature",
      "geometry": {
        "type": "LineString",
        "coordinates": [
          [
            111.9896655,
            -7.9742497
          ],
          [
            111.9904764,
            -7.974473
          ],
          [
            111.9905385,
            -7.9744901
          ],
          [
            111.9918252,
            -7.9747671
          ],
          [
            111.991889,
            -7.9747796
          ],
          [
            111.9924492,
            -7.9749205
          ],
          [
            111.9938386,
            -7.975153
          ],
          [
            111.9946459,
            -7.9753144
          ],
          [
            111.9948408,
            -7.9753534
          ],
          [
            111.9951713,
            -7.9754172
          ],
          [
            111.995339,
            -7.9754496
          ],
          [
            111.9954047,
            -7.9754623
          ],
          [
            111.9958466,
            -7.9755313
          ],
          [
            111.9966379,
            -7.9756535
          ],
          [
            111.9969316,
            -7.9756974
          ],
          [
            111.9973795,
            -7.9757757
          ],
          [
            111.9977992,
            -7.975862
          ],
          [
            111.9982995,
            -7.9759404
          ],
          [
            111.998844,
            -7.976032
          ],
          [
            111.9993014,
            -7.9761054
          ],
          [
            112.0002092,
            -7.9762379
          ],
          [
            112.0015101,
            -7.9764305
          ],
          [
            112.0020251,
            -7.9765035
          ],
          [
            112.0023878,
            -7.9765413
          ],
          [
            112.0027225,
            -7.9765859
          ],
          [
            112.003055,
            -7.9766337
          ],
          [
            112.0042319,
            -7.9768055
          ],
          [
            112.006427,
            -7.9770039
          ],
          [
            112.0072943,
            -7.9770879
          ],
          [
            112.0081298,
            -7.9771835
          ],
          [
            112.0087074,
            -7.9772437
          ],
          [
            112.0088996,
            -7.9772605
          ],
          [
            112.0095098,
            -7.9773721
          ],
          [
            112.0101093,
            -7.9774637
          ],
          [
            112.0107476,
            -7.9775726
          ],
          [
            112.0117508,
            -7.9777454
          ],
          [
            112.0126507,
            -7.9779034
          ],
          [
            112.0128547,
            -7.9779302
          ],
          [
            112.0135633,
            -7.9780511
          ],
          [
            112.0141457,
            -7.9781412
          ],
          [
            112.0143154,
            -7.9781612
          ],
          [
            112.0152242,
            -7.9783044
          ],
          [
            112.0158709,
            -7.9783999
          ],
          [
            112.016741,
            -7.9785542
          ],
          [
            112.0173872,
            -7.978701
          ],
          [
            112.0178407,
            -7.9787773
          ],
          [
            112.0183008,
            -7.9788477
          ],
          [
            112.0186856,
            -7.9789048
          ],
          [
            112.0191778,
            -7.9789685
          ],
          [
            112.0194192,
            -7.9789951
          ],
          [
            112.0199007,
            -7.9790708
          ],
          [
            112.0201448,
            -7.9791106
          ],
          [
            112.0203915,
            -7.9791585
          ],
          [
            112.0206249,
            -7.9792049
          ],
          [
            112.0209748,
            -7.9792854
          ],
          [
            112.0213209,
            -7.9793245
          ],
          [
            112.0215476,
            -7.979359
          ],
          [
            112.0217662,
            -7.9794068
          ],
          [
            112.0219861,
            -7.9794467
          ],
          [
            112.0221886,
            -7.9794759
          ],
          [
            112.0223884,
            -7.9795104
          ],
          [
            112.0227237,
            -7.9795702
          ],
          [
            112.0229423,
            -7.9796034
          ],
          [
            112.0231864,
            -7.9796565
          ],
          [
            112.0233849,
            -7.9796897
          ],
          [
            112.0235592,
            -7.9797123
          ],
          [
            112.0236853,
            -7.9797335
          ],
          [
            112.0239575,
            -7.9797879
          ],
          [
            112.0241272,
            -7.9798205
          ],
          [
            112.0247067,
            -7.9799213
          ],
          [
            112.0249506,
            -7.9799646
          ],
          [
            112.025186,
            -7.9800118
          ],
          [
            112.0256305,
            -7.9800908
          ],
          [
            112.025994,
            -7.9801512
          ],
          [
            112.0263192,
            -7.980207
          ],
          [
            112.0265955,
            -7.9802535
          ],
          [
            112.0272191,
            -7.9803538
          ],
          [
            112.0278078,
            -7.9804454
          ],
          [
            112.0285027,
            -7.980563
          ],
          [
            112.0289451,
            -7.980638
          ],
          [
            112.0292374,
            -7.9806884
          ],
          [
            112.0294306,
            -7.9807243
          ],
          [
            112.029672,
            -7.9807615
          ],
          [
            112.0298892,
            -7.9808013
          ],
          [
            112.0301105,
            -7.9808385
          ],
          [
            112.0304918,
            -7.9809151
          ],
          [
            112.0307998,
            -7.9809581
          ],
          [
            112.0310801,
            -7.9810085
          ],
          [
            112.0315669,
            -7.9810962
          ],
          [
            112.032086,
            -7.9811838
          ],
          [
            112.0327525,
            -7.9813007
          ],
          [
            112.0331816,
            -7.9813645
          ],
          [
            112.0336591,
            -7.9814388
          ],
          [
            112.0340024,
            -7.9814933
          ],
          [
            112.0342223,
            -7.9815358
          ],
          [
            112.0344691,
            -7.981569
          ]
        ]
      },
      "properties": {
        "id": "osm:way:1527292332",
        "name": "Way #1527292332",
        "highway": "secondary",
        "restriction_type": "PROHIBITED_ROAD",
        "metadata": {
          "designation": "regental_road",
          "highway": "secondary",
          "width": "6"
        }
      }
    }
  ]
}